mtllib castle.mtl
o empty_2
usemtl material6
v -3.054502487182617 7.075140476226807 1.8815217018127441
v -3.005962371826172 7.159214019775391 2.224898099899292
v -2.5948433876037598 6.921854496002197 2.224898099899292
v -2.5948433876037598 6.921854496002197 2.224898099899292
v -2.6919236183166504 6.865805625915527 1.8815217018127441
v -3.054502487182617 7.075140476226807 1.8815217018127441
v -2.6919236183166504 6.447134971618652 1.8815217018127441
v -2.5948433876037598 6.447134971618652 2.224898099899292
v -2.5948433876037598 5.972415924072266 2.224898099899292
v -2.5948433876037598 5.972415924072266 2.224898099899292
v -2.6919236183166504 6.028465270996094 1.8815217018127441
v -2.6919236183166504 6.447134971618652 1.8815217018127441
v -3.054502487182617 5.8191304206848145 1.8815217018127441
v -3.005962371826172 5.735056400299072 2.224898099899292
v -3.417081356048584 5.497696399688721 2.224898099899292
v -3.417081356048584 5.497696399688721 2.224898099899292
v -3.417081356048584 5.609795093536377 1.8815217018127441
v -3.054502487182617 5.8191304206848145 1.8815217018127441
v -4.086374759674072 5.996212005615234 1.8815217018127441
v -3.779660224914551 5.819129943847656 1.8815217018127441
v -3.828200340270996 5.735056400299072 2.224898099899292
v -3.828200340270996 5.735056400299072 2.224898099899292
v -4.239319324493408 5.972415924072266 2.224898099899292
v -4.155473709106445 6.020824432373047 1.9283318519592285
v -3.828200340270996 5.735056400299072 2.224898099899292
v -4.155473709106445 6.020824432373047 1.9283318519592285
v -4.086374759674072 5.996212005615234 1.8815217018127441
v -3.828200340270996 7.159214019775391 2.224898099899292
v -3.757779598236084 7.0372419357299805 2.224898099899292
v -3.757779598236084 7.0372419357299805 2.6976513862609863
v -3.757779598236084 7.0372419357299805 2.6976513862609863
v -3.828200340270996 7.159214019775391 2.6976513862609863
v -3.828200340270996 7.159214019775391 2.224898099899292
v -4.142239093780518 6.447134971618652 1.8815217018127441
v -4.239319324493408 6.447134971618652 2.224898099899292
v -4.239319324493408 6.921854496002197 2.224898099899292
v -4.239319324493408 6.921854496002197 2.224898099899292
v -4.142239093780518 6.865805149078369 1.8815217018127441
v -4.142239093780518 6.447134971618652 1.8815217018127441
v -3.779660224914551 7.075139999389648 1.8815217018127441
v -3.828200340270996 7.159214019775391 2.224898099899292
v -3.417081356048584 7.396574020385742 2.224898099899292
v -3.417081356048584 7.396574020385742 2.224898099899292
v -3.417081356048584 7.284475326538086 1.8815217018127441
v -3.779660224914551 7.075139999389648 1.8815217018127441
v -3.828200340270996 7.159214019775391 -0.3614250421524048
v -3.417081356048584 7.396574020385742 -0.3614250421524048
v -3.005962371826172 7.159214019775391 -0.3614250421524048
v -3.005962371826172 7.159214019775391 -0.3614250421524048
v -2.5948433876037598 6.921854496002197 -0.3614250421524048
v -2.5948433876037598 6.4471354484558105 -0.3614250421524048
v -2.5948433876037598 6.4471354484558105 -0.3614250421524048
v -2.5948433876037598 5.972415924072266 -0.3614250421524048
v -3.005962371826172 5.735056400299072 -0.3614250421524048
v -3.005962371826172 5.735056400299072 -0.3614250421524048
v -3.417081356048584 5.497696399688721 -0.3614250421524048
v -3.828200340270996 5.735056400299072 -0.3614250421524048
v -3.828200340270996 5.735056400299072 -0.3614250421524048
v -4.239319324493408 5.972415924072266 -0.3614250421524048
v -4.239319324493408 6.447134971618652 -0.3614250421524048
v -4.239319324493408 6.447134971618652 -0.3614250421524048
v -4.239319324493408 6.921854496002197 -0.3614250421524048
v -3.828200340270996 7.159214019775391 -0.3614250421524048
v -3.828200340270996 7.159214019775391 -0.3614250421524048
v -3.005962371826172 7.159214019775391 -0.3614250421524048
v -2.5948433876037598 6.4471354484558105 -0.3614250421524048
v -2.5948433876037598 6.4471354484558105 -0.3614250421524048
v -3.005962371826172 5.735056400299072 -0.3614250421524048
v -3.828200340270996 5.735056400299072 -0.3614250421524048
v -3.828200340270996 5.735056400299072 -0.3614250421524048
v -4.239319324493408 6.447134971618652 -0.3614250421524048
v -3.828200340270996 7.159214019775391 -0.3614250421524048
v -2.5948433876037598 6.4471354484558105 -0.3614250421524048
v -3.828200340270996 5.735056400299072 -0.3614250421524048
v -3.828200340270996 7.159214019775391 -0.3614250421524048
v -3.779660224914551 7.075139999389648 0.5883599519729614
v -3.7311201095581055 6.9910664558410645 1.5381450653076172
v -3.417081356048584 7.17237663269043 1.5381450653076172
v -3.417081356048584 7.17237663269043 1.5381450653076172
v -3.417081356048584 7.284475326538086 0.5883599519729614
v -3.779660224914551 7.075139999389648 0.5883599519729614
v -3.2631444931030273 5.698670864105225 0.5883600115776062
v -3.054502487182617 5.8191304206848145 0.5883600115776062
v -3.1030426025390625 5.903203964233398 1.5381450653076172
v -3.1030426025390625 5.903203964233398 1.5381450653076172
v -3.417081356048584 5.721893787384033 1.5381450653076172
v -3.417081356048584 5.667074203491211 1.0736711025238037
v -3.1030426025390625 5.903203964233398 1.5381450653076172
v -3.417081356048584 5.667074203491211 1.0736711025238037
v -3.2631444931030273 5.698670864105225 0.5883600115776062
v -2.6919236183166504 6.447134971618652 0.5883600115776062
v -2.789003849029541 6.447134971618652 1.5381450653076172
v -2.789003849029541 6.084514617919922 1.5381450653076172
v -2.789003849029541 6.084514617919922 1.5381450653076172
v -2.6919236183166504 6.028465270996094 0.5883600115776062
v -2.6919236183166504 6.447134971618652 0.5883600115776062
v -3.054502487182617 7.075140476226807 0.5883599519729614
v -3.1030426025390625 6.9910664558410645 1.5381450653076172
v -2.789003849029541 6.809756278991699 1.5381450653076172
v -2.789003849029541 6.809756278991699 1.5381450653076172
v -2.6919236183166504 6.865805625915527 0.5883600115776062
v -3.054502487182617 7.075140476226807 0.5883599519729614
v -2.8765265941619873 6.447134971618652 2.224898099899292
v -2.8765265941619873 6.759224891662598 2.224898099899292
v -3.146803855895996 6.915269374847412 2.224898099899292
v -3.146803855895996 6.915269374847412 2.224898099899292
v -3.417081356048584 7.071314334869385 2.224898099899292
v -3.687358856201172 6.915269374847412 2.224898099899292
v -3.687358856201172 6.915269374847412 2.224898099899292
v -3.9576361179351807 6.7592244148254395 2.224898099899292
v -3.9576361179351807 6.447134971618652 2.224898099899292
v -3.9576361179351807 6.447134971618652 2.224898099899292
v -3.9576361179351807 6.135046005249023 2.224898099899292
v -3.687358856201172 5.979001045227051 2.224898099899292
v -3.687358856201172 5.979001045227051 2.224898099899292
v -3.417081356048584 5.822956085205078 2.224898099899292
v -3.146803855895996 5.979001045227051 2.224898099899292
v -3.146803855895996 5.979001045227051 2.224898099899292
v -2.8765265941619873 6.135046005249023 2.224898099899292
v -2.8765265941619873 6.447134971618652 2.224898099899292
v -2.8765265941619873 6.447134971618652 2.224898099899292
v -3.146803855895996 6.915269374847412 2.224898099899292
v -3.687358856201172 6.915269374847412 2.224898099899292
v -3.687358856201172 6.915269374847412 2.224898099899292
v -3.9576361179351807 6.447134971618652 2.224898099899292
v -3.687358856201172 5.979001045227051 2.224898099899292
v -3.687358856201172 5.979001045227051 2.224898099899292
v -3.146803855895996 5.979001045227051 2.224898099899292
v -2.8765265941619873 6.447134971618652 2.224898099899292
v -3.687358856201172 6.915269374847412 2.224898099899292
v -3.687358856201172 5.979001045227051 2.224898099899292
v -2.8765265941619873 6.447134971618652 2.224898099899292
v -3.757779598236084 7.0372419357299805 2.224898099899292
v -4.098477840423584 6.840539455413818 2.224898099899292
v -3.9576361179351807 6.7592244148254395 2.224898099899292
v -3.9576361179351807 6.7592244148254395 2.224898099899292
v -3.687358856201172 6.915269374847412 2.224898099899292
v -3.757779598236084 7.0372419357299805 2.224898099899292
v -3.757779598236084 5.857028484344482 2.224898099899292
v -3.417081356048584 5.6603264808654785 2.224898099899292
v -3.417081356048584 5.822956085205078 2.224898099899292
v -3.417081356048584 5.822956085205078 2.224898099899292
v -3.687358856201172 5.979001045227051 2.224898099899292
v -3.757779598236084 5.857028484344482 2.224898099899292
v -2.735684871673584 6.447134971618652 2.224898099899292
v -2.735684871673584 6.840539455413818 2.224898099899292
v -2.8765265941619873 6.759224891662598 2.224898099899292
v -2.8765265941619873 6.759224891662598 2.224898099899292
v -2.8765265941619873 6.447134971618652 2.224898099899292
v -2.735684871673584 6.447134971618652 2.224898099899292
v -3.9576361179351807 6.135046005249023 2.224898099899292
v -3.9576361179351807 6.447134971618652 2.224898099899292
v -3.9576361179351807 6.447134971618652 2.6976513862609863
v -3.9576361179351807 6.447134971618652 2.6976513862609863
v -3.9576361179351807 6.135046005249023 2.6976513862609863
v -3.9576361179351807 6.135046005249023 2.224898099899292
v -2.5948433876037598 6.447134971618652 2.224898099899292
v -2.735684871673584 6.447134971618652 2.224898099899292
v -2.735684871673584 6.447134971618652 2.6976513862609863
v -2.735684871673584 6.447134971618652 2.6976513862609863
v -2.5948433876037598 6.447134971618652 2.6976513862609863
v -2.5948433876037598 6.447134971618652 2.224898099899292
v -2.735684871673584 6.840539455413818 2.224898099899292
v -3.076383113861084 7.0372419357299805 2.224898099899292
v -3.146803855895996 6.915269374847412 2.224898099899292
v -3.146803855895996 6.915269374847412 2.224898099899292
v -2.8765265941619873 6.759224891662598 2.224898099899292
v -2.735684871673584 6.840539455413818 2.224898099899292
v -2.5948433876037598 6.921854496002197 2.224898099899292
v -3.005962371826172 7.159214019775391 2.224898099899292
v -3.076383113861084 7.0372419357299805 2.224898099899292
v -3.076383113861084 7.0372419357299805 2.224898099899292
v -2.735684871673584 6.840539455413818 2.224898099899292
v -2.5948433876037598 6.921854496002197 2.224898099899292
v -3.757779598236084 7.0372419357299805 2.224898099899292
v -3.687358856201172 6.915269374847412 2.224898099899292
v -3.687358856201172 6.915269374847412 2.6976513862609863
v -3.687358856201172 6.915269374847412 2.6976513862609863
v -3.757779598236084 7.0372419357299805 2.6976513862609863
v -3.757779598236084 7.0372419357299805 2.224898099899292
v -4.098477840423584 6.840539455413818 2.224898099899292
v -4.098477840423584 6.447134971618652 2.224898099899292
v -3.9576361179351807 6.447134971618652 2.224898099899292
v -3.9576361179351807 6.447134971618652 2.224898099899292
v -3.9576361179351807 6.7592244148254395 2.224898099899292
v -4.098477840423584 6.840539455413818 2.224898099899292
v -4.239319324493408 6.921854496002197 2.224898099899292
v -4.239319324493408 6.447134971618652 2.224898099899292
v -4.098477840423584 6.447134971618652 2.224898099899292
v -4.098477840423584 6.447134971618652 2.224898099899292
v -4.098477840423584 6.840539455413818 2.224898099899292
v -4.239319324493408 6.921854496002197 2.224898099899292
v -3.076383113861084 5.857028961181641 2.224898099899292
v -3.005962371826172 5.735056400299072 2.224898099899292
v -3.005962371826172 5.735056400299072 2.6976513862609863
v -3.005962371826172 5.735056400299072 2.6976513862609863
v -3.076383113861084 5.857028961181641 2.6976513862609863
v -3.076383113861084 5.857028961181641 2.224898099899292
v -3.076383113861084 7.0372419357299805 2.224898099899292
v -3.005962371826172 7.159214019775391 2.224898099899292
v -3.005962371826172 7.159214019775391 2.6976513862609863
v -3.005962371826172 7.159214019775391 2.6976513862609863
v -3.076383113861084 7.0372419357299805 2.6976513862609863
v -3.076383113861084 7.0372419357299805 2.224898099899292
v -2.735684871673584 6.447134971618652 2.224898099899292
v -2.8765265941619873 6.447134971618652 2.224898099899292
v -2.8765265941619873 6.447134971618652 2.6976513862609863
v -2.8765265941619873 6.447134971618652 2.6976513862609863
v -2.735684871673584 6.447134971618652 2.6976513862609863
v -2.735684871673584 6.447134971618652 2.224898099899292
v -2.5948433876037598 6.447134971618652 2.224898099899292
v -2.5948433876037598 6.921854496002197 2.224898099899292
v -2.735684871673584 6.840539455413818 2.224898099899292
v -2.735684871673584 6.840539455413818 2.224898099899292
v -2.735684871673584 6.447134971618652 2.224898099899292
v -2.5948433876037598 6.447134971618652 2.224898099899292
v -3.687358856201172 6.915269374847412 2.224898099899292
v -3.417081356048584 7.071314334869385 2.224898099899292
v -3.417081356048584 7.071314334869385 2.6976513862609863
v -3.417081356048584 7.071314334869385 2.6976513862609863
v -3.687358856201172 6.915269374847412 2.6976513862609863
v -3.687358856201172 6.915269374847412 2.224898099899292
v -3.146803855895996 5.979001045227051 2.224898099899292
v -3.076383113861084 5.857028961181641 2.224898099899292
v -3.076383113861084 5.857028961181641 2.6976513862609863
v -3.076383113861084 5.857028961181641 2.6976513862609863
v -3.146803855895996 5.979001045227051 2.6976513862609863
v -3.146803855895996 5.979001045227051 2.224898099899292
v -3.828200340270996 5.735056400299072 2.224898099899292
v -3.417081356048584 5.497696399688721 2.224898099899292
v -3.417081356048584 5.6603264808654785 2.224898099899292
v -3.417081356048584 5.6603264808654785 2.224898099899292
v -3.757779598236084 5.857028484344482 2.224898099899292
v -3.828200340270996 5.735056400299072 2.224898099899292
v -3.146803855895996 6.915269374847412 2.224898099899292
v -3.076383113861084 7.0372419357299805 2.224898099899292
v -3.076383113861084 7.0372419357299805 2.6976513862609863
v -3.076383113861084 7.0372419357299805 2.6976513862609863
v -3.146803855895996 6.915269374847412 2.6976513862609863
v -3.146803855895996 6.915269374847412 2.224898099899292
v -2.5948433876037598 5.972415924072266 2.224898099899292
v -2.5948433876037598 6.447134971618652 2.224898099899292
v -2.5948433876037598 6.447134971618652 2.6976513862609863
v -2.5948433876037598 6.447134971618652 2.6976513862609863
v -2.5948433876037598 5.972415924072266 2.6976513862609863
v -2.5948433876037598 5.972415924072266 2.224898099899292
v -3.828200340270996 7.159214019775391 2.224898099899292
v -4.239319324493408 6.921854496002197 2.224898099899292
v -4.098477840423584 6.840539455413818 2.224898099899292
v -4.098477840423584 6.840539455413818 2.224898099899292
v -3.757779598236084 7.0372419357299805 2.224898099899292
v -3.828200340270996 7.159214019775391 2.224898099899292
v -4.239319324493408 6.921854496002197 -0.3614250421524048
v -4.239319324493408 6.447134971618652 -0.3614250421524048
v -4.265799522399902 6.447134971618652 -0.3564039468765259
v -4.260156154632568 6.90808629989624 -0.3564039468765259
v -4.308554649353027 6.904301643371582 -0.3444717526435852
v -4.307363033294678 6.961139678955078 -0.3442220687866211
v -4.239319324493408 6.921854496002197 -0.3614250421524048
v -4.265799522399902 6.447134971618652 -0.3564039468765259
v -4.260156154632568 6.90808629989624 -0.3564039468765259
v -4.239319324493408 6.921854496002197 -0.3614250421524048
v -4.260156154632568 6.90808629989624 -0.3564039468765259
v -4.307363033294678 6.961139678955078 -0.3442220687866211
v -3.417081356048584 7.284475326538086 0.5883599519729614
v -3.417081356048584 7.17237663269043 1.5381450653076172
v -3.1030426025390625 6.9910664558410645 1.5381450653076172
v -3.1030426025390625 6.9910664558410645 1.5381450653076172
v -3.054502487182617 7.075140476226807 0.5883599519729614
v -3.417081356048584 7.284475326538086 0.5883599519729614
v -3.779660224914551 7.075139999389648 0.5883599519729614
v -3.417081356048584 7.284475326538086 0.5883599519729614
v -3.417081356048584 7.363045692443848 0.6055629253387451
v -3.417081356048584 7.363045692443848 0.6055629253387451
v -3.8190696239471436 7.143399238586426 0.6033053398132324
v -3.779660224914551 7.075139999389648 0.5883599519729614
v -2.6919236183166504 6.865805625915527 0.5883600115776062
v -2.6919236183166504 6.447134971618652 0.5883600115776062
v -2.613104820251465 6.447134971618652 0.6033053398132324
v -2.613104820251465 6.447134971618652 0.6033053398132324
v -2.623879909515381 6.90509033203125 0.6055629849433899
v -2.6919236183166504 6.865805625915527 0.5883600115776062
v -2.6919236183166504 6.865805625915527 0.5883600115776062
v -2.789003849029541 6.809756278991699 1.5381450653076172
v -2.789003849029541 6.447134971618652 1.5381450653076172
v -2.789003849029541 6.447134971618652 1.5381450653076172
v -2.6919236183166504 6.447134971618652 0.5883600115776062
v -2.6919236183166504 6.865805625915527 0.5883600115776062
v -3.005962371826172 7.159214019775391 -0.3614250421524048
v -3.417081356048584 7.396574020385742 -0.3614250421524048
v -3.417081356048584 7.475143909454346 -0.3442220687866211
v -3.417081356048584 7.475143909454346 -0.3442220687866211
v -2.966553211212158 7.227473258972168 -0.34647971391677856
v -3.005962371826172 7.159214019775391 -0.3614250421524048
v -2.6919236183166504 6.028465270996094 0.5883600115776062
v -2.789003849029541 6.084514617919922 1.5381450653076172
v -3.1030426025390625 5.903203964233398 1.5381450653076172
v -3.1030426025390625 5.903203964233398 1.5381450653076172
v -3.054502487182617 5.8191304206848145 0.5883600115776062
v -2.6919236183166504 6.028465270996094 0.5883600115776062
v -2.992722511291504 5.712123870849609 -0.3564038872718811
v -3.005962371826172 5.735056400299072 -0.3614250421524048
v -2.5948433876037598 5.972415924072266 -0.3614250421524048
v -2.5948433876037598 5.972415924072266 -0.3614250421524048
v -2.5267996788024902 5.933130741119385 -0.3442220687866211
v -2.966553211212158 5.666797161102295 -0.34647971391677856
v -2.966553211212158 5.666797161102295 -0.34647971391677856
v -2.966613292694092 5.666901588439941 -0.3465026021003723
v -2.963472843170166 5.729011058807373 -0.3564039468765259
v -2.963472843170166 5.729011058807373 -0.3564039468765259
v -2.992722511291504 5.712123870849609 -0.3564038872718811
v -2.5948433876037598 5.972415924072266 -0.3614250421524048
v -2.5948433876037598 5.972415924072266 -0.3614250421524048
v -2.966553211212158 5.666797161102295 -0.34647971391677856
v -2.963472843170166 5.729011058807373 -0.3564039468765259
v -2.6919236183166504 6.447134971618652 0.5883600115776062
v -2.6919236183166504 6.028465270996094 0.5883600115776062
v -2.623879909515381 5.989180088043213 0.6055629849433899
v -2.623879909515381 5.989180088043213 0.6055629849433899
v -2.613104820251465 6.447134971618652 0.6033053398132324
v -2.6919236183166504 6.447134971618652 0.5883600115776062
v -2.5948433876037598 5.972415924072266 -0.3614250421524048
v -2.5948433876037598 6.4471354484558105 -0.3614250421524048
v -2.516024589538574 6.4471354484558105 -0.34647971391677856
v -2.516024589538574 6.4471354484558105 -0.34647971391677856
v -2.5267996788024902 5.933130741119385 -0.3442220687866211
v -2.5948433876037598 5.972415924072266 -0.3614250421524048
v -4.239319324493408 6.447134971618652 -0.3614250421524048
v -4.239319324493408 5.972415924072266 -0.3614250421524048
v -4.259179592132568 5.960949897766113 -0.3564039468765259
v -4.259179592132568 5.960949897766113 -0.3564039468765259
v -4.265799522399902 6.447134971618652 -0.3564039468765259
v -4.239319324493408 6.447134971618652 -0.3614250421524048
v -4.239319324493408 5.972415924072266 -0.3614250421524048
v -3.828200340270996 5.735056400299072 -0.3614250421524048
v -3.8414406776428223 5.712123870849609 -0.3564039468765259
v -3.8414406776428223 5.712123870849609 -0.3564039468765259
v -4.259179592132568 5.960949897766113 -0.3564039468765259
v -4.239319324493408 5.972415924072266 -0.3614250421524048
v -4.142239093780518 6.865805149078369 0.5883600115776062
v -4.045158863067627 6.809755802154541 1.5381450653076172
v -3.7311201095581055 6.9910664558410645 1.5381450653076172
v -3.7311201095581055 6.9910664558410645 1.5381450653076172
v -3.779660224914551 7.075139999389648 0.5883599519729614
v -4.142239093780518 6.865805149078369 0.5883600115776062
v -3.7311201095581055 6.9910664558410645 1.5381450653076172
v -3.779660224914551 7.075139999389648 1.8815217018127441
v -3.417081356048584 7.284475326538086 1.8815217018127441
v -3.417081356048584 7.284475326538086 1.8815217018127441
v -3.417081356048584 7.17237663269043 1.5381450653076172
v -3.7311201095581055 6.9910664558410645 1.5381450653076172
v -4.045158863067627 6.809755802154541 1.5381450653076172
v -4.142239093780518 6.865805149078369 1.8815217018127441
v -3.779660224914551 7.075139999389648 1.8815217018127441
v -3.779660224914551 7.075139999389648 1.8815217018127441
v -3.7311201095581055 6.9910664558410645 1.5381450653076172
v -4.045158863067627 6.809755802154541 1.5381450653076172
v -4.142239093780518 6.865805149078369 1.8815217018127441
v -4.239319324493408 6.921854496002197 2.224898099899292
v -3.828200340270996 7.159214019775391 2.224898099899292
v -3.828200340270996 7.159214019775391 2.224898099899292
v -3.779660224914551 7.075139999389648 1.8815217018127441
v -4.142239093780518 6.865805149078369 1.8815217018127441
v -4.045158863067627 6.447134971618652 1.5381450653076172
v -4.142239093780518 6.447134971618652 1.8815217018127441
v -4.142239093780518 6.865805149078369 1.8815217018127441
v -4.142239093780518 6.865805149078369 1.8815217018127441
v -4.045158863067627 6.809755802154541 1.5381450653076172
v -4.045158863067627 6.447134971618652 1.5381450653076172
v -3.417081356048584 5.6603264808654785 2.224898099899292
v -3.076383113861084 5.857028961181641 2.224898099899292
v -3.146803855895996 5.979001045227051 2.224898099899292
v -3.146803855895996 5.979001045227051 2.224898099899292
v -3.417081356048584 5.822956085205078 2.224898099899292
v -3.417081356048584 5.6603264808654785 2.224898099899292
v -3.417081356048584 5.497696399688721 2.224898099899292
v -3.005962371826172 5.735056400299072 2.224898099899292
v -3.076383113861084 5.857028961181641 2.224898099899292
v -3.076383113861084 5.857028961181641 2.224898099899292
v -3.417081356048584 5.6603264808654785 2.224898099899292
v -3.417081356048584 5.497696399688721 2.224898099899292
v -2.8765265941619873 6.135046005249023 2.224898099899292
v -3.146803855895996 5.979001045227051 2.224898099899292
v -3.146803855895996 5.979001045227051 2.6976513862609863
v -3.146803855895996 5.979001045227051 2.6976513862609863
v -2.8765265941619873 6.135046005249023 2.6976513862609863
v -2.8765265941619873 6.135046005249023 2.224898099899292
v -3.9742517471313477 6.043576240539551 1.5381450653076172
v -3.7311201095581055 5.903203964233398 1.5381450653076172
v -3.779660224914551 5.819129943847656 1.8815217018127441
v -3.779660224914551 5.819129943847656 1.8815217018127441
v -4.086374759674072 5.996212005615234 1.8815217018127441
v -3.9742517471313477 5.956274509429932 1.8055646419525146
v -3.779660224914551 5.819129943847656 1.8815217018127441
v -3.9742517471313477 5.956274509429932 1.8055646419525146
v -3.9742517471313477 6.043576240539551 1.5381450653076172
v -3.417081356048584 5.721893787384033 1.5381450653076172
v -3.417081356048584 5.609795093536377 1.8815217018127441
v -3.779660224914551 5.819129943847656 1.8815217018127441
v -3.779660224914551 5.819129943847656 1.8815217018127441
v -3.7311201095581055 5.903203964233398 1.5381450653076172
v -3.417081356048584 5.721893787384033 1.5381450653076172
v -3.417081356048584 5.609795093536377 1.8815217018127441
v -3.417081356048584 5.497696399688721 2.224898099899292
v -3.828200340270996 5.735056400299072 2.224898099899292
v -3.828200340270996 5.735056400299072 2.224898099899292
v -3.779660224914551 5.819129943847656 1.8815217018127441
v -3.417081356048584 5.609795093536377 1.8815217018127441
v -3.1030426025390625 5.903203964233398 1.5381450653076172
v -3.054502487182617 5.8191304206848145 1.8815217018127441
v -3.417081356048584 5.609795093536377 1.8815217018127441
v -3.417081356048584 5.609795093536377 1.8815217018127441
v -3.417081356048584 5.721893787384033 1.5381450653076172
v -3.1030426025390625 5.903203964233398 1.5381450653076172
v -2.789003849029541 6.084514617919922 1.5381450653076172
v -2.6919236183166504 6.028465270996094 1.8815217018127441
v -3.054502487182617 5.8191304206848145 1.8815217018127441
v -3.054502487182617 5.8191304206848145 1.8815217018127441
v -3.1030426025390625 5.903203964233398 1.5381450653076172
v -2.789003849029541 6.084514617919922 1.5381450653076172
v -2.6919236183166504 6.028465270996094 1.8815217018127441
v -2.5948433876037598 5.972415924072266 2.224898099899292
v -3.005962371826172 5.735056400299072 2.224898099899292
v -3.005962371826172 5.735056400299072 2.224898099899292
v -3.054502487182617 5.8191304206848145 1.8815217018127441
v -2.6919236183166504 6.028465270996094 1.8815217018127441
v -2.789003849029541 6.447134971618652 1.5381450653076172
v -2.6919236183166504 6.447134971618652 1.8815217018127441
v -2.6919236183166504 6.028465270996094 1.8815217018127441
v -2.6919236183166504 6.028465270996094 1.8815217018127441
v -2.789003849029541 6.084514617919922 1.5381450653076172
v -2.789003849029541 6.447134971618652 1.5381450653076172
v -2.789003849029541 6.809756278991699 1.5381450653076172
v -2.6919236183166504 6.865805625915527 1.8815217018127441
v -2.6919236183166504 6.447134971618652 1.8815217018127441
v -2.6919236183166504 6.447134971618652 1.8815217018127441
v -2.789003849029541 6.447134971618652 1.5381450653076172
v -2.789003849029541 6.809756278991699 1.5381450653076172
v -2.6919236183166504 6.865805625915527 1.8815217018127441
v -2.5948433876037598 6.921854496002197 2.224898099899292
v -2.5948433876037598 6.447134971618652 2.224898099899292
v -2.5948433876037598 6.447134971618652 2.224898099899292
v -2.6919236183166504 6.447134971618652 1.8815217018127441
v -2.6919236183166504 6.865805625915527 1.8815217018127441
v -3.1030426025390625 6.9910664558410645 1.5381450653076172
v -3.054502487182617 7.075140476226807 1.8815217018127441
v -2.6919236183166504 6.865805625915527 1.8815217018127441
v -2.6919236183166504 6.865805625915527 1.8815217018127441
v -2.789003849029541 6.809756278991699 1.5381450653076172
v -3.1030426025390625 6.9910664558410645 1.5381450653076172
v -3.417081356048584 7.17237663269043 1.5381450653076172
v -3.417081356048584 7.284475326538086 1.8815217018127441
v -3.054502487182617 7.075140476226807 1.8815217018127441
v -3.054502487182617 7.075140476226807 1.8815217018127441
v -3.1030426025390625 6.9910664558410645 1.5381450653076172
v -3.417081356048584 7.17237663269043 1.5381450653076172
v -3.417081356048584 7.284475326538086 1.8815217018127441
v -3.417081356048584 7.396574020385742 2.224898099899292
v -3.005962371826172 7.159214019775391 2.224898099899292
v -3.005962371826172 7.159214019775391 2.224898099899292
v -3.054502487182617 7.075140476226807 1.8815217018127441
v -3.417081356048584 7.284475326538086 1.8815217018127441
v -3.076383113861084 5.857028961181641 2.6976513862609863
v -2.735685110092163 6.0537309646606445 2.6976513862609863
v -2.8765265941619873 6.135046005249023 2.6976513862609863
v -2.8765265941619873 6.135046005249023 2.6976513862609863
v -3.146803855895996 5.979001045227051 2.6976513862609863
v -3.076383113861084 5.857028961181641 2.6976513862609863
v -4.098477840423584 6.447134971618652 2.6976513862609863
v -4.098477840423584 6.0537309646606445 2.6976513862609863
v -3.9576361179351807 6.135046005249023 2.6976513862609863
v -3.9576361179351807 6.135046005249023 2.6976513862609863
v -3.9576361179351807 6.447134971618652 2.6976513862609863
v -4.098477840423584 6.447134971618652 2.6976513862609863
v -3.076383113861084 7.0372419357299805 2.6976513862609863
v -3.417081356048584 7.233943939208984 2.6976513862609863
v -3.417081356048584 7.071314334869385 2.6976513862609863
v -3.417081356048584 7.071314334869385 2.6976513862609863
v -3.146803855895996 6.915269374847412 2.6976513862609863
v -3.076383113861084 7.0372419357299805 2.6976513862609863
v -3.005962371826172 7.159214019775391 2.6976513862609863
v -3.417081356048584 7.396574020385742 2.6976513862609863
v -3.417081356048584 7.233943939208984 2.6976513862609863
v -3.417081356048584 7.233943939208984 2.6976513862609863
v -3.076383113861084 7.0372419357299805 2.6976513862609863
v -3.005962371826172 7.159214019775391 2.6976513862609863
v -4.239319324493408 6.447134971618652 2.6976513862609863
v -4.239319324493408 5.972415924072266 2.6976513862609863
v -4.098477840423584 6.0537309646606445 2.6976513862609863
v -4.098477840423584 6.0537309646606445 2.6976513862609863
v -4.098477840423584 6.447134971618652 2.6976513862609863
v -4.239319324493408 6.447134971618652 2.6976513862609863
v -2.735685110092163 6.0537309646606445 2.6976513862609863
v -2.735684871673584 6.447134971618652 2.6976513862609863
v -2.8765265941619873 6.447134971618652 2.6976513862609863
v -2.8765265941619873 6.447134971618652 2.6976513862609863
v -2.8765265941619873 6.135046005249023 2.6976513862609863
v -2.735685110092163 6.0537309646606445 2.6976513862609863
v -2.5948433876037598 5.972415924072266 2.6976513862609863
v -2.5948433876037598 6.447134971618652 2.6976513862609863
v -2.735684871673584 6.447134971618652 2.6976513862609863
v -2.735684871673584 6.447134971618652 2.6976513862609863
v -2.735685110092163 6.0537309646606445 2.6976513862609863
v -2.5948433876037598 5.972415924072266 2.6976513862609863
v -4.098477840423584 6.0537309646606445 2.6976513862609863
v -3.757779598236084 5.857028484344482 2.6976513862609863
v -3.687358856201172 5.979001045227051 2.6976513862609863
v -3.687358856201172 5.979001045227051 2.6976513862609863
v -3.9576361179351807 6.135046005249023 2.6976513862609863
v -4.098477840423584 6.0537309646606445 2.6976513862609863
v -4.239319324493408 5.972415924072266 2.6976513862609863
v -3.828200340270996 5.735056400299072 2.6976513862609863
v -3.757779598236084 5.857028484344482 2.6976513862609863
v -3.757779598236084 5.857028484344482 2.6976513862609863
v -4.098477840423584 6.0537309646606445 2.6976513862609863
v -4.239319324493408 5.972415924072266 2.6976513862609863
v -3.417081356048584 7.233943939208984 2.6976513862609863
v -3.757779598236084 7.0372419357299805 2.6976513862609863
v -3.687358856201172 6.915269374847412 2.6976513862609863
v -3.687358856201172 6.915269374847412 2.6976513862609863
v -3.417081356048584 7.071314334869385 2.6976513862609863
v -3.417081356048584 7.233943939208984 2.6976513862609863
v -3.417081356048584 7.396574020385742 2.6976513862609863
v -3.828200340270996 7.159214019775391 2.6976513862609863
v -3.757779598236084 7.0372419357299805 2.6976513862609863
v -3.757779598236084 7.0372419357299805 2.6976513862609863
v -3.417081356048584 7.233943939208984 2.6976513862609863
v -3.417081356048584 7.396574020385742 2.6976513862609863
v -3.005962371826172 5.735056400299072 2.6976513862609863
v -2.5948433876037598 5.972415924072266 2.6976513862609863
v -2.735685110092163 6.0537309646606445 2.6976513862609863
v -2.735685110092163 6.0537309646606445 2.6976513862609863
v -3.076383113861084 5.857028961181641 2.6976513862609863
v -3.005962371826172 5.735056400299072 2.6976513862609863
v -2.8765265941619873 6.447134971618652 2.224898099899292
v -2.8765265941619873 6.135046005249023 2.224898099899292
v -2.8765265941619873 6.135046005249023 2.6976513862609863
v -2.8765265941619873 6.135046005249023 2.6976513862609863
v -2.8765265941619873 6.447134971618652 2.6976513862609863
v -2.8765265941619873 6.447134971618652 2.224898099899292
v -3.9576361179351807 6.447134971618652 2.224898099899292
v -4.098477840423584 6.447134971618652 2.224898099899292
v -4.098477840423584 6.447134971618652 2.6976513862609863
v -4.098477840423584 6.447134971618652 2.6976513862609863
v -3.9576361179351807 6.447134971618652 2.6976513862609863
v -3.9576361179351807 6.447134971618652 2.224898099899292
v -4.239319324493408 6.447134971618652 2.224898099899292
v -4.239319324493408 5.972415924072266 2.224898099899292
v -4.239319324493408 5.972415924072266 2.6976513862609863
v -4.239319324493408 5.972415924072266 2.6976513862609863
v -4.239319324493408 6.447134971618652 2.6976513862609863
v -4.239319324493408 6.447134971618652 2.224898099899292
v -3.757779598236084 5.857028484344482 2.224898099899292
v -3.687358856201172 5.979001045227051 2.224898099899292
v -3.687358856201172 5.979001045227051 2.6976513862609863
v -3.687358856201172 5.979001045227051 2.6976513862609863
v -3.757779598236084 5.857028484344482 2.6976513862609863
v -3.757779598236084 5.857028484344482 2.224898099899292
v -3.417081356048584 7.396574020385742 2.224898099899292
v -3.828200340270996 7.159214019775391 2.224898099899292
v -3.828200340270996 7.159214019775391 2.6976513862609863
v -3.828200340270996 7.159214019775391 2.6976513862609863
v -3.417081356048584 7.396574020385742 2.6976513862609863
v -3.417081356048584 7.396574020385742 2.224898099899292
v -4.098477840423584 6.447134971618652 2.224898099899292
v -4.239319324493408 6.447134971618652 2.224898099899292
v -4.239319324493408 6.447134971618652 2.6976513862609863
v -4.239319324493408 6.447134971618652 2.6976513862609863
v -4.098477840423584 6.447134971618652 2.6976513862609863
v -4.098477840423584 6.447134971618652 2.224898099899292
v -3.417081356048584 7.071314334869385 2.224898099899292
v -3.146803855895996 6.915269374847412 2.224898099899292
v -3.146803855895996 6.915269374847412 2.6976513862609863
v -3.146803855895996 6.915269374847412 2.6976513862609863
v -3.417081356048584 7.071314334869385 2.6976513862609863
v -3.417081356048584 7.071314334869385 2.224898099899292
v -3.005962371826172 5.735056400299072 2.224898099899292
v -2.5948433876037598 5.972415924072266 2.224898099899292
v -2.5948433876037598 5.972415924072266 2.6976513862609863
v -2.5948433876037598 5.972415924072266 2.6976513862609863
v -3.005962371826172 5.735056400299072 2.6976513862609863
v -3.005962371826172 5.735056400299072 2.224898099899292
v -3.828200340270996 5.735056400299072 2.224898099899292
v -3.757779598236084 5.857028484344482 2.224898099899292
v -3.757779598236084 5.857028484344482 2.6976513862609863
v -3.757779598236084 5.857028484344482 2.6976513862609863
v -3.828200340270996 5.735056400299072 2.6976513862609863
v -3.828200340270996 5.735056400299072 2.224898099899292
v -3.005962371826172 7.159214019775391 2.224898099899292
v -3.417081356048584 7.396574020385742 2.224898099899292
v -3.417081356048584 7.396574020385742 2.6976513862609863
v -3.417081356048584 7.396574020385742 2.6976513862609863
v -3.005962371826172 7.159214019775391 2.6976513862609863
v -3.005962371826172 7.159214019775391 2.224898099899292
v -3.687358856201172 5.979001045227051 2.224898099899292
v -3.9576361179351807 6.135046005249023 2.224898099899292
v -3.9576361179351807 6.135046005249023 2.6976513862609863
v -3.9576361179351807 6.135046005249023 2.6976513862609863
v -3.687358856201172 5.979001045227051 2.6976513862609863
v -3.687358856201172 5.979001045227051 2.224898099899292
v -4.239319324493408 5.972415924072266 2.224898099899292
v -3.828200340270996 5.735056400299072 2.224898099899292
v -3.828200340270996 5.735056400299072 2.6976513862609863
v -3.828200340270996 5.735056400299072 2.6976513862609863
v -4.239319324493408 5.972415924072266 2.6976513862609863
v -4.239319324493408 5.972415924072266 2.224898099899292
v -2.966553211212158 7.227473258972168 -0.34647971391677856
v -3.0150930881500244 7.143399238586426 0.6033053398132324
v -2.623879909515381 6.90509033203125 0.6055629849433899
v -2.623879909515381 6.90509033203125 0.6055629849433899
v -2.5267996788024902 6.961139678955078 -0.3442220687866211
v -2.966553211212158 7.227473258972168 -0.34647971391677856
v -3.417081356048584 7.475143909454346 -0.3442220687866211
v -3.417081356048584 7.363045692443848 0.6055629253387451
v -3.0150930881500244 7.143399238586426 0.6033053398132324
v -3.0150930881500244 7.143399238586426 0.6033053398132324
v -2.966553211212158 7.227473258972168 -0.34647971391677856
v -3.417081356048584 7.475143909454346 -0.3442220687866211
v -2.516024589538574 6.4471354484558105 -0.34647971391677856
v -2.613104820251465 6.447134971618652 0.6033053398132324
v -2.623879909515381 5.989180088043213 0.6055629849433899
v -2.623879909515381 5.989180088043213 0.6055629849433899
v -2.5267996788024902 5.933130741119385 -0.3442220687866211
v -2.516024589538574 6.4471354484558105 -0.34647971391677856
v -2.5267996788024902 6.961139678955078 -0.3442220687866211
v -2.623879909515381 6.90509033203125 0.6055629849433899
v -2.613104820251465 6.447134971618652 0.6033053398132324
v -2.613104820251465 6.447134971618652 0.6033053398132324
v -2.516024589538574 6.4471354484558105 -0.34647971391677856
v -2.5267996788024902 6.961139678955078 -0.3442220687866211
v -2.966553211212158 5.666797161102295 -0.34647971391677856
v -3.0150933265686035 5.750871181488037 0.6033053398132324
v -3.268336057662964 5.612499237060547 0.6047276258468628
v -3.268336057662964 5.612499237060547 0.6047276258468628
v -2.966620683670044 5.666759967803955 -0.3464793562889099
v -2.966553211212158 5.666797161102295 -0.34647971391677856
v -2.5267996788024902 5.933130741119385 -0.3442220687866211
v -2.623879909515381 5.989180088043213 0.6055629849433899
v -3.0150933265686035 5.750871181488037 0.6033053398132324
v -3.0150933265686035 5.750871181488037 0.6033053398132324
v -2.966553211212158 5.666797161102295 -0.34647971391677856
v -2.5267996788024902 5.933130741119385 -0.3442220687866211
v -3.867609739303589 7.227473258972168 -0.34647971391677856
v -3.8190696239471436 7.143399238586426 0.6033053398132324
v -3.417081356048584 7.363045692443848 0.6055629253387451
v -3.417081356048584 7.363045692443848 0.6055629253387451
v -3.417081356048584 7.475143909454346 -0.3442220687866211
v -3.867609739303589 7.227473258972168 -0.34647971391677856
v -4.307363033294678 6.961139678955078 -0.3442220687866211
v -4.210282802581787 6.90509033203125 0.6055629849433899
v -3.8190696239471436 7.143399238586426 0.6033053398132324
v -3.8190696239471436 7.143399238586426 0.6033053398132324
v -3.867609739303589 7.227473258972168 -0.34647971391677856
v -4.307363033294678 6.961139678955078 -0.3442220687866211
v -3.828200340270996 7.159214019775391 -0.3614250421524048
v -4.239319324493408 6.921854496002197 -0.3614250421524048
v -4.307363033294678 6.961139678955078 -0.3442220687866211
v -4.307363033294678 6.961139678955078 -0.3442220687866211
v -3.867609739303589 7.227473258972168 -0.34647971391677856
v -3.828200340270996 7.159214019775391 -0.3614250421524048
v -4.142239093780518 6.865805149078369 0.5883600115776062
v -3.779660224914551 7.075139999389648 0.5883599519729614
v -3.8190696239471436 7.143399238586426 0.6033053398132324
v -3.8190696239471436 7.143399238586426 0.6033053398132324
v -4.210282802581787 6.90509033203125 0.6055629849433899
v -4.142239093780518 6.865805149078369 0.5883600115776062
v -3.417081356048584 5.497696399688721 -0.3614250421524048
v -3.005962371826172 5.735056400299072 -0.3614250421524048
v -2.992722511291504 5.712123870849609 -0.3564038872718811
v -2.992722511291504 5.712123870849609 -0.3564038872718811
v -3.417081356048584 5.474763870239258 -0.3564039468765259
v -3.417081356048584 5.497696399688721 -0.3614250421524048
v -2.5948433876037598 6.921854496002197 -0.3614250421524048
v -3.005962371826172 7.159214019775391 -0.3614250421524048
v -2.966553211212158 7.227473258972168 -0.34647971391677856
v -2.966553211212158 7.227473258972168 -0.34647971391677856
v -2.5267996788024902 6.961139678955078 -0.3442220687866211
v -2.5948433876037598 6.921854496002197 -0.3614250421524048
v -3.828200340270996 5.735056400299072 -0.3614250421524048
v -3.417081356048584 5.497696399688721 -0.3614250421524048
v -3.417081356048584 5.474763870239258 -0.3564039468765259
v -3.417081356048584 5.474763870239258 -0.3564039468765259
v -3.8414406776428223 5.712123870849609 -0.3564039468765259
v -3.828200340270996 5.735056400299072 -0.3614250421524048
v -3.054502487182617 7.075140476226807 0.5883599519729614
v -2.6919236183166504 6.865805625915527 0.5883600115776062
v -2.623879909515381 6.90509033203125 0.6055629849433899
v -2.623879909515381 6.90509033203125 0.6055629849433899
v -3.0150930881500244 7.143399238586426 0.6033053398132324
v -3.054502487182617 7.075140476226807 0.5883599519729614
v -3.054502487182617 5.8191304206848145 0.5883600115776062
v -3.2631444931030273 5.698670864105225 0.5883600115776062
v -3.268336057662964 5.612499237060547 0.6047276258468628
v -3.268336057662964 5.612499237060547 0.6047276258468628
v -3.0150933265686035 5.750871181488037 0.6033053398132324
v -3.054502487182617 5.8191304206848145 0.5883600115776062
v -3.417081356048584 7.396574020385742 -0.3614250421524048
v -3.828200340270996 7.159214019775391 -0.3614250421524048
v -3.867609739303589 7.227473258972168 -0.34647971391677856
v -3.867609739303589 7.227473258972168 -0.34647971391677856
v -3.417081356048584 7.475143909454346 -0.3442220687866211
v -3.417081356048584 7.396574020385742 -0.3614250421524048
v -3.417081356048584 7.284475326538086 0.5883599519729614
v -3.054502487182617 7.075140476226807 0.5883599519729614
v -3.0150930881500244 7.143399238586426 0.6033053398132324
v -3.0150930881500244 7.143399238586426 0.6033053398132324
v -3.417081356048584 7.363045692443848 0.6055629253387451
v -3.417081356048584 7.284475326538086 0.5883599519729614
v -2.5948433876037598 6.4471354484558105 -0.3614250421524048
v -2.5948433876037598 6.921854496002197 -0.3614250421524048
v -2.5267996788024902 6.961139678955078 -0.3442220687866211
v -2.5267996788024902 6.961139678955078 -0.3442220687866211
v -2.516024589538574 6.4471354484558105 -0.34647971391677856
v -2.5948433876037598 6.4471354484558105 -0.3614250421524048
v -2.6919236183166504 6.028465270996094 0.5883600115776062
v -3.054502487182617 5.8191304206848145 0.5883600115776062
v -3.0150933265686035 5.750871181488037 0.6033053398132324
v -3.0150933265686035 5.750871181488037 0.6033053398132324
v -2.623879909515381 5.989180088043213 0.6055629849433899
v -2.6919236183166504 6.028465270996094 0.5883600115776062
v -3.054502487182617 4.44143009185791 1.8815217018127441
v -3.005962371826172 4.525504112243652 2.224898099899292
v -2.5948433876037598 4.288144111633301 2.224898099899292
v -2.5948433876037598 4.288144111633301 2.224898099899292
v -2.6919236183166504 4.232094764709473 1.8815217018127441
v -3.054502487182617 4.44143009185791 1.8815217018127441
v -2.6919236183166504 3.813425064086914 1.8815217018127441
v -2.5948433876037598 3.813425064086914 2.224898099899292
v -2.5948433876037598 3.338705539703369 2.224898099899292
v -2.5948433876037598 3.338705539703369 2.224898099899292
v -2.6919236183166504 3.3947548866271973 1.8815217018127441
v -2.6919236183166504 3.813425064086914 1.8815217018127441
v -3.054502487182617 3.185420036315918 1.8815217018127441
v -3.005962371826172 3.101346015930176 2.224898099899292
v -3.417081356048584 2.8639862537384033 2.224898099899292
v -3.417081356048584 2.8639862537384033 2.224898099899292
v -3.417081356048584 2.9760847091674805 1.8815217018127441
v -3.054502487182617 3.185420036315918 1.8815217018127441
v -3.779660224914551 3.185419797897339 1.8815217018127441
v -3.828200340270996 3.101346015930176 2.224898099899292
v -4.239319324493408 3.338705539703369 2.224898099899292
v -4.239319324493408 3.338705539703369 2.224898099899292
v -4.142239093780518 3.3947548866271973 1.8815217018127441
v -3.779660224914551 3.185419797897339 1.8815217018127441
v -3.828200340270996 4.525503635406494 2.224898099899292
v -3.757779598236084 4.403531551361084 2.224898099899292
v -3.757779598236084 4.403531551361084 2.6976513862609863
v -3.757779598236084 4.403531551361084 2.6976513862609863
v -3.828200340270996 4.525503635406494 2.6976513862609863
v -3.828200340270996 4.525503635406494 2.224898099899292
v -4.142239093780518 3.935654878616333 1.8815217018127441
v -4.142239093780518 3.813425064086914 1.8815217018127441
v -4.239319324493408 3.813424587249756 2.224898099899292
v -4.239319324493408 3.813424587249756 2.224898099899292
v -4.239319324493408 4.288144111633301 2.224898099899292
v -4.155473232269287 4.2397356033325195 1.9283313751220703
v -4.155473232269287 4.2397356033325195 1.9283313751220703
v -4.155473232269287 4.059713363647461 1.9283313751220703
v -4.181682109832764 4.059713363647461 2.02103328704834
v -4.239319324493408 3.813424587249756 2.224898099899292
v -4.155473232269287 4.2397356033325195 1.9283313751220703
v -4.181682109832764 4.059713363647461 2.02103328704834
v -4.155473232269287 3.935654640197754 1.9283313751220703
v -4.142239093780518 3.935654878616333 1.8815217018127441
v -4.239319324493408 3.813424587249756 2.224898099899292
v -4.239319324493408 3.813424587249756 2.224898099899292
v -4.181682109832764 4.059713363647461 2.02103328704834
v -4.181682109832764 3.935654878616333 2.02103328704834
v -4.239319324493408 3.813424587249756 2.224898099899292
v -4.181682109832764 3.935654878616333 2.02103328704834
v -4.155473232269287 3.935654640197754 1.9283313751220703
v -3.779660224914551 4.44143009185791 1.8815217018127441
v -3.828200340270996 4.525503635406494 2.224898099899292
v -3.417081356048584 4.762863636016846 2.224898099899292
v -3.417081356048584 4.762863636016846 2.224898099899292
v -3.417081356048584 4.6507649421691895 1.8815217018127441
v -3.779660224914551 4.44143009185791 1.8815217018127441
v -3.828200340270996 4.525503635406494 -0.3614250421524048
v -3.417081356048584 4.762863636016846 -0.3614250421524048
v -3.005962371826172 4.525504112243652 -0.3614250421524048
v -3.005962371826172 4.525504112243652 -0.3614250421524048
v -2.5948433876037598 4.288144111633301 -0.3614250421524048
v -2.5948433876037598 3.813425064086914 -0.3614250421524048
v -2.5948433876037598 3.813425064086914 -0.3614250421524048
v -2.5948433876037598 3.338705539703369 -0.3614250421524048
v -3.005962371826172 3.101346015930176 -0.3614250421524048
v -3.005962371826172 3.101346015930176 -0.3614250421524048
v -3.417081356048584 2.8639862537384033 -0.3614250421524048
v -3.828200340270996 3.101346015930176 -0.3614250421524048
v -3.828200340270996 3.101346015930176 -0.3614250421524048
v -4.239319324493408 3.338705539703369 -0.3614250421524048
v -4.239319324493408 3.813424587249756 -0.3614250421524048
v -4.239319324493408 3.813424587249756 -0.3614250421524048
v -4.239319324493408 4.288144111633301 -0.3614250421524048
v -3.828200340270996 4.525503635406494 -0.3614250421524048
v -3.828200340270996 4.525503635406494 -0.3614250421524048
v -3.005962371826172 4.525504112243652 -0.3614250421524048
v -2.5948433876037598 3.813425064086914 -0.3614250421524048
v -2.5948433876037598 3.813425064086914 -0.3614250421524048
v -3.005962371826172 3.101346015930176 -0.3614250421524048
v -3.828200340270996 3.101346015930176 -0.3614250421524048
v -3.828200340270996 3.101346015930176 -0.3614250421524048
v -4.239319324493408 3.813424587249756 -0.3614250421524048
v -3.828200340270996 4.525503635406494 -0.3614250421524048
v -2.5948433876037598 3.813425064086914 -0.3614250421524048
v -3.828200340270996 3.101346015930176 -0.3614250421524048
v -3.828200340270996 4.525503635406494 -0.3614250421524048
v -3.779660224914551 3.185419797897339 0.5883600115776062
v -3.7311201095581055 3.269493579864502 1.5381450653076172
v -4.045158863067627 3.4508042335510254 1.5381450653076172
v -4.045158863067627 3.4508042335510254 1.5381450653076172
v -4.142239093780518 3.3947548866271973 0.5883600115776062
v -3.779660224914551 3.185419797897339 0.5883600115776062
v -3.054502487182617 3.185420036315918 0.5883600115776062
v -3.1030426025390625 3.269493818283081 1.5381450653076172
v -3.417081356048584 3.0881834030151367 1.5381450653076172
v -3.417081356048584 3.0881834030151367 1.5381450653076172
v -3.417081356048584 2.9760847091674805 0.5883600115776062
v -3.054502487182617 3.185420036315918 0.5883600115776062
v -2.6919236183166504 3.813425064086914 0.5883600115776062
v -2.789003849029541 3.813425064086914 1.5381450653076172
v -2.789003849029541 3.4508042335510254 1.5381450653076172
v -2.789003849029541 3.4508042335510254 1.5381450653076172
v -2.6919236183166504 3.3947548866271973 0.5883600115776062
v -2.6919236183166504 3.813425064086914 0.5883600115776062
v -3.054502487182617 4.44143009185791 0.5883599519729614
v -3.1030426025390625 4.357356071472168 1.5381450653076172
v -2.789003849029541 4.176045894622803 1.5381450653076172
v -2.789003849029541 4.176045894622803 1.5381450653076172
v -2.6919236183166504 4.232094764709473 0.5883600115776062
v -3.054502487182617 4.44143009185791 0.5883599519729614
v -2.8765265941619873 3.813425064086914 2.224898099899292
v -2.8765265941619873 4.125514507293701 2.224898099899292
v -3.146803855895996 4.281558990478516 2.224898099899292
v -3.146803855895996 4.281558990478516 2.224898099899292
v -3.417081356048584 4.437603950500488 2.224898099899292
v -3.687358856201172 4.281558990478516 2.224898099899292
v -3.687358856201172 4.281558990478516 2.224898099899292
v -3.9576361179351807 4.125514030456543 2.224898099899292
v -3.9576361179351807 3.813425064086914 2.224898099899292
v -3.9576361179351807 3.813425064086914 2.224898099899292
v -3.9576361179351807 3.501335382461548 2.224898099899292
v -3.687358856201172 3.3452906608581543 2.224898099899292
v -3.687358856201172 3.3452906608581543 2.224898099899292
v -3.417081356048584 3.1892459392547607 2.224898099899292
v -3.146803855895996 3.3452906608581543 2.224898099899292
v -3.146803855895996 3.3452906608581543 2.224898099899292
v -2.8765265941619873 3.501335382461548 2.224898099899292
v -2.8765265941619873 3.813425064086914 2.224898099899292
v -2.8765265941619873 3.813425064086914 2.224898099899292
v -3.146803855895996 4.281558990478516 2.224898099899292
v -3.687358856201172 4.281558990478516 2.224898099899292
v -3.687358856201172 4.281558990478516 2.224898099899292
v -3.9576361179351807 3.813425064086914 2.224898099899292
v -3.687358856201172 3.3452906608581543 2.224898099899292
v -3.687358856201172 3.3452906608581543 2.224898099899292
v -3.146803855895996 3.3452906608581543 2.224898099899292
v -2.8765265941619873 3.813425064086914 2.224898099899292
v -3.687358856201172 4.281558990478516 2.224898099899292
v -3.687358856201172 3.3452906608581543 2.224898099899292
v -2.8765265941619873 3.813425064086914 2.224898099899292
v -3.757779598236084 4.403531551361084 2.224898099899292
v -4.098477840423584 4.206829071044922 2.224898099899292
v -3.9576361179351807 4.125514030456543 2.224898099899292
v -3.9576361179351807 4.125514030456543 2.224898099899292
v -3.687358856201172 4.281558990478516 2.224898099899292
v -3.757779598236084 4.403531551361084 2.224898099899292
v -3.757779598236084 3.223318099975586 2.224898099899292
v -3.417081356048584 3.026616096496582 2.224898099899292
v -3.417081356048584 3.1892459392547607 2.224898099899292
v -3.417081356048584 3.1892459392547607 2.224898099899292
v -3.687358856201172 3.3452906608581543 2.224898099899292
v -3.757779598236084 3.223318099975586 2.224898099899292
v -2.735684871673584 3.813425064086914 2.224898099899292
v -2.735684871673584 4.20682954788208 2.224898099899292
v -2.8765265941619873 4.125514507293701 2.224898099899292
v -2.8765265941619873 4.125514507293701 2.224898099899292
v -2.8765265941619873 3.813425064086914 2.224898099899292
v -2.735684871673584 3.813425064086914 2.224898099899292
v -3.9576361179351807 3.501335382461548 2.224898099899292
v -3.9576361179351807 3.813425064086914 2.224898099899292
v -3.9576361179351807 3.813425064086914 2.6976513862609863
v -3.9576361179351807 3.813425064086914 2.6976513862609863
v -3.9576361179351807 3.501335382461548 2.6976513862609863
v -3.9576361179351807 3.501335382461548 2.224898099899292
v -2.5948433876037598 3.813425064086914 2.224898099899292
v -2.735684871673584 3.813425064086914 2.224898099899292
v -2.735684871673584 3.813425064086914 2.6976513862609863
v -2.735684871673584 3.813425064086914 2.6976513862609863
v -2.5948433876037598 3.813425064086914 2.6976513862609863
v -2.5948433876037598 3.813425064086914 2.224898099899292
v -2.735684871673584 4.20682954788208 2.224898099899292
v -3.076383113861084 4.403531551361084 2.224898099899292
v -3.146803855895996 4.281558990478516 2.224898099899292
v -3.146803855895996 4.281558990478516 2.224898099899292
v -2.8765265941619873 4.125514507293701 2.224898099899292
v -2.735684871673584 4.20682954788208 2.224898099899292
v -2.5948433876037598 4.288144111633301 2.224898099899292
v -3.005962371826172 4.525504112243652 2.224898099899292
v -3.076383113861084 4.403531551361084 2.224898099899292
v -3.076383113861084 4.403531551361084 2.224898099899292
v -2.735684871673584 4.20682954788208 2.224898099899292
v -2.5948433876037598 4.288144111633301 2.224898099899292
v -3.757779598236084 4.403531551361084 2.224898099899292
v -3.687358856201172 4.281558990478516 2.224898099899292
v -3.687358856201172 4.281558990478516 2.6976513862609863
v -3.687358856201172 4.281558990478516 2.6976513862609863
v -3.757779598236084 4.403531551361084 2.6976513862609863
v -3.757779598236084 4.403531551361084 2.224898099899292
v -4.098477840423584 4.206829071044922 2.224898099899292
v -4.098477840423584 3.813425064086914 2.224898099899292
v -3.9576361179351807 3.813425064086914 2.224898099899292
v -3.9576361179351807 3.813425064086914 2.224898099899292
v -3.9576361179351807 4.125514030456543 2.224898099899292
v -4.098477840423584 4.206829071044922 2.224898099899292
v -4.239319324493408 4.288144111633301 2.224898099899292
v -4.239319324493408 3.813424587249756 2.224898099899292
v -4.098477840423584 3.813425064086914 2.224898099899292
v -4.098477840423584 3.813425064086914 2.224898099899292
v -4.098477840423584 4.206829071044922 2.224898099899292
v -4.239319324493408 4.288144111633301 2.224898099899292
v -3.076383113861084 3.223318338394165 2.224898099899292
v -3.005962371826172 3.101346015930176 2.224898099899292
v -3.005962371826172 3.101346015930176 2.6976513862609863
v -3.005962371826172 3.101346015930176 2.6976513862609863
v -3.076383113861084 3.223318338394165 2.6976513862609863
v -3.076383113861084 3.223318338394165 2.224898099899292
v -3.076383113861084 4.403531551361084 2.224898099899292
v -3.005962371826172 4.525504112243652 2.224898099899292
v -3.005962371826172 4.525504112243652 2.6976513862609863
v -3.005962371826172 4.525504112243652 2.6976513862609863
v -3.076383113861084 4.403531551361084 2.6976513862609863
v -3.076383113861084 4.403531551361084 2.224898099899292
v -2.735684871673584 3.813425064086914 2.224898099899292
v -2.8765265941619873 3.813425064086914 2.224898099899292
v -2.8765265941619873 3.813425064086914 2.6976513862609863
v -2.8765265941619873 3.813425064086914 2.6976513862609863
v -2.735684871673584 3.813425064086914 2.6976513862609863
v -2.735684871673584 3.813425064086914 2.224898099899292
v -2.5948433876037598 3.813425064086914 2.224898099899292
v -2.5948433876037598 4.288144111633301 2.224898099899292
v -2.735684871673584 4.20682954788208 2.224898099899292
v -2.735684871673584 4.20682954788208 2.224898099899292
v -2.735684871673584 3.813425064086914 2.224898099899292
v -2.5948433876037598 3.813425064086914 2.224898099899292
v -3.687358856201172 4.281558990478516 2.224898099899292
v -3.417081356048584 4.437603950500488 2.224898099899292
v -3.417081356048584 4.437603950500488 2.6976513862609863
v -3.417081356048584 4.437603950500488 2.6976513862609863
v -3.687358856201172 4.281558990478516 2.6976513862609863
v -3.687358856201172 4.281558990478516 2.224898099899292
v -3.146803855895996 3.3452906608581543 2.224898099899292
v -3.076383113861084 3.223318338394165 2.224898099899292
v -3.076383113861084 3.223318338394165 2.6976513862609863
v -3.076383113861084 3.223318338394165 2.6976513862609863
v -3.146803855895996 3.3452906608581543 2.6976513862609863
v -3.146803855895996 3.3452906608581543 2.224898099899292
v -3.828200340270996 3.101346015930176 2.224898099899292
v -3.417081356048584 2.8639862537384033 2.224898099899292
v -3.417081356048584 3.026616096496582 2.224898099899292
v -3.417081356048584 3.026616096496582 2.224898099899292
v -3.757779598236084 3.223318099975586 2.224898099899292
v -3.828200340270996 3.101346015930176 2.224898099899292
v -3.146803855895996 4.281558990478516 2.224898099899292
v -3.076383113861084 4.403531551361084 2.224898099899292
v -3.076383113861084 4.403531551361084 2.6976513862609863
v -3.076383113861084 4.403531551361084 2.6976513862609863
v -3.146803855895996 4.281558990478516 2.6976513862609863
v -3.146803855895996 4.281558990478516 2.224898099899292
v -2.5948433876037598 3.338705539703369 2.224898099899292
v -2.5948433876037598 3.813425064086914 2.224898099899292
v -2.5948433876037598 3.813425064086914 2.6976513862609863
v -2.5948433876037598 3.813425064086914 2.6976513862609863
v -2.5948433876037598 3.338705539703369 2.6976513862609863
v -2.5948433876037598 3.338705539703369 2.224898099899292
v -3.828200340270996 4.525503635406494 2.224898099899292
v -4.239319324493408 4.288144111633301 2.224898099899292
v -4.098477840423584 4.206829071044922 2.224898099899292
v -4.098477840423584 4.206829071044922 2.224898099899292
v -3.757779598236084 4.403531551361084 2.224898099899292
v -3.828200340270996 4.525503635406494 2.224898099899292
v -3.417081356048584 2.9760847091674805 0.5883600115776062
v -3.779660224914551 3.185419797897339 0.5883600115776062
v -3.8190696239471436 3.1171607971191406 0.6033053398132324
v -3.8190696239471436 3.1171607971191406 0.6033053398132324
v -3.417081356048584 2.897514581680298 0.6055629849433899
v -3.417081356048584 2.9760847091674805 0.5883600115776062
v -4.239319324493408 4.288144111633301 -0.3614250421524048
v -4.239319324493408 3.813424587249756 -0.3614250421524048
v -4.265799522399902 3.813424587249756 -0.3564039468765259
v -4.265799522399902 3.813424587249756 -0.3564039468765259
v -4.259179592132568 4.299610137939453 -0.3564039468765259
v -4.239319324493408 4.288144111633301 -0.3614250421524048
v -2.6919236183166504 4.232094764709473 0.5883600115776062
v -2.6919236183166504 3.813425064086914 0.5883600115776062
v -2.613104820251465 3.813425064086914 0.6033053398132324
v -2.613104820251465 3.813425064086914 0.6033053398132324
v -2.623879909515381 4.2713799476623535 0.6055629849433899
v -2.6919236183166504 4.232094764709473 0.5883600115776062
v -2.6919236183166504 4.232094764709473 0.5883600115776062
v -2.789003849029541 4.176045894622803 1.5381450653076172
v -2.789003849029541 3.813425064086914 1.5381450653076172
v -2.789003849029541 3.813425064086914 1.5381450653076172
v -2.6919236183166504 3.813425064086914 0.5883600115776062
v -2.6919236183166504 4.232094764709473 0.5883600115776062
v -3.005962371826172 4.525504112243652 -0.3614250421524048
v -3.417081356048584 4.762863636016846 -0.3614250421524048
v -3.417081356048584 4.785796165466309 -0.3564039468765259
v -3.417081356048584 4.785796165466309 -0.3564039468765259
v -2.9927220344543457 4.548436641693115 -0.3564039468765259
v -3.005962371826172 4.525504112243652 -0.3614250421524048
v -3.779660224914551 3.185419797897339 0.5883600115776062
v -4.142239093780518 3.3947548866271973 0.5883600115776062
v -4.210282802581787 3.3554697036743164 0.6055629849433899
v -4.210282802581787 3.3554697036743164 0.6055629849433899
v -3.8190696239471436 3.1171607971191406 0.6033053398132324
v -3.779660224914551 3.185419797897339 0.5883600115776062
v -2.6919236183166504 3.3947548866271973 0.5883600115776062
v -2.789003849029541 3.4508042335510254 1.5381450653076172
v -3.1030426025390625 3.269493818283081 1.5381450653076172
v -3.1030426025390625 3.269493818283081 1.5381450653076172
v -3.054502487182617 3.185420036315918 0.5883600115776062
v -2.6919236183166504 3.3947548866271973 0.5883600115776062
v -3.005962371826172 3.101346015930176 -0.3614250421524048
v -2.5948433876037598 3.338705539703369 -0.3614250421524048
v -2.5267996788024902 3.2994205951690674 -0.3442220687866211
v -2.5267996788024902 3.2994205951690674 -0.3442220687866211
v -2.966553211212158 3.0330870151519775 -0.34647971391677856
v -3.005962371826172 3.101346015930176 -0.3614250421524048
v -2.6919236183166504 3.813425064086914 0.5883600115776062
v -2.6919236183166504 3.3947548866271973 0.5883600115776062
v -2.623879909515381 3.3554697036743164 0.6055629849433899
v -2.623879909515381 3.3554697036743164 0.6055629849433899
v -2.613104820251465 3.813425064086914 0.6033053398132324
v -2.6919236183166504 3.813425064086914 0.5883600115776062
v -3.417081356048584 2.9760847091674805 0.5883600115776062
v -3.417081356048584 3.0881834030151367 1.5381450653076172
v -3.7311201095581055 3.269493579864502 1.5381450653076172
v -3.7311201095581055 3.269493579864502 1.5381450653076172
v -3.779660224914551 3.185419797897339 0.5883600115776062
v -3.417081356048584 2.9760847091674805 0.5883600115776062
v -2.5948433876037598 3.338705539703369 -0.3614250421524048
v -2.5948433876037598 3.813425064086914 -0.3614250421524048
v -2.516024589538574 3.813425064086914 -0.34647971391677856
v -2.516024589538574 3.813425064086914 -0.34647971391677856
v -2.5267996788024902 3.2994205951690674 -0.3442220687866211
v -2.5948433876037598 3.338705539703369 -0.3614250421524048
v -4.265799522399902 3.813424587249756 -0.3564039468765259
v -4.239319324493408 3.813424587249756 -0.3614250421524048
v -4.239319324493408 3.338705539703369 -0.3614250421524048
v -4.239319324493408 3.338705539703369 -0.3614250421524048
v -4.307363033294678 3.2994205951690674 -0.3442220687866211
v -4.30858850479126 3.3578898906707764 -0.34447890520095825
v -4.260220050811768 3.35410737991333 -0.3564039468765259
v -4.265799522399902 3.813424587249756 -0.3564039468765259
v -4.239319324493408 3.338705539703369 -0.3614250421524048
v -4.239319324493408 3.338705539703369 -0.3614250421524048
v -4.30858850479126 3.3578898906707764 -0.34447890520095825
v -4.260220050811768 3.35410737991333 -0.3564039468765259
v -4.142239093780518 3.6537790298461914 0.5883600115776062
v -4.142239093780518 3.3947548866271973 0.5883600115776062
v -4.045158863067627 3.4508042335510254 1.5381450653076172
v -4.045158863067627 3.4508042335510254 1.5381450653076172
v -4.045158863067627 3.813425064086914 1.5381450653076172
v -4.090794563293457 3.813425064086914 1.0916695594787598
v -4.045158863067627 3.4508042335510254 1.5381450653076172
v -4.090794563293457 3.813425064086914 1.0916695594787598
v -4.142239093780518 3.6537790298461914 0.5883600115776062
v -4.239319324493408 3.338705539703369 -0.3614250421524048
v -3.828200340270996 3.101346015930176 -0.3614250421524048
v -3.867609739303589 3.0330867767333984 -0.34647971391677856
v -3.867609739303589 3.0330867767333984 -0.34647971391677856
v -4.307363033294678 3.2994205951690674 -0.3442220687866211
v -4.239319324493408 3.338705539703369 -0.3614250421524048
v -4.142239093780518 3.3947548866271973 0.5883600115776062
v -4.142239093780518 3.6537790298461914 0.5883600115776062
v -4.217418670654297 3.658761501312256 0.6040678024291992
v -4.217418670654297 3.658761501312256 0.6040678024291992
v -4.210282802581787 3.3554697036743164 0.6055629849433899
v -4.142239093780518 3.3947548866271973 0.5883600115776062
v -3.7311201095581055 4.357356071472168 1.5381450653076172
v -3.779660224914551 4.44143009185791 1.8815217018127441
v -3.417081356048584 4.6507649421691895 1.8815217018127441
v -3.417081356048584 4.6507649421691895 1.8815217018127441
v -3.417081356048584 4.538666725158691 1.5381450653076172
v -3.7311201095581055 4.357356071472168 1.5381450653076172
v -4.045158863067627 3.813425064086914 1.5381450653076172
v -4.142239093780518 3.813425064086914 1.8815217018127441
v -4.142239093780518 3.935654878616333 1.8815217018127441
v -4.142239093780518 3.935654878616333 1.8815217018127441
v -4.045158863067627 3.935655117034912 1.5381450653076172
v -4.045158863067627 3.813425064086914 1.5381450653076172
v -4.045158863067627 3.4508042335510254 1.5381450653076172
v -4.142239093780518 3.3947548866271973 1.8815217018127441
v -4.142239093780518 3.813425064086914 1.8815217018127441
v -4.142239093780518 3.813425064086914 1.8815217018127441
v -4.045158863067627 3.813425064086914 1.5381450653076172
v -4.045158863067627 3.4508042335510254 1.5381450653076172
v -4.142239093780518 3.3947548866271973 1.8815217018127441
v -4.239319324493408 3.338705539703369 2.224898099899292
v -4.239319324493408 3.813424587249756 2.224898099899292
v -4.239319324493408 3.813424587249756 2.224898099899292
v -4.142239093780518 3.813425064086914 1.8815217018127441
v -4.142239093780518 3.3947548866271973 1.8815217018127441
v -3.417081356048584 3.026616096496582 2.224898099899292
v -3.076383113861084 3.223318338394165 2.224898099899292
v -3.146803855895996 3.3452906608581543 2.224898099899292
v -3.146803855895996 3.3452906608581543 2.224898099899292
v -3.417081356048584 3.1892459392547607 2.224898099899292
v -3.417081356048584 3.026616096496582 2.224898099899292
v -3.417081356048584 2.8639862537384033 2.224898099899292
v -3.005962371826172 3.101346015930176 2.224898099899292
v -3.076383113861084 3.223318338394165 2.224898099899292
v -3.076383113861084 3.223318338394165 2.224898099899292
v -3.417081356048584 3.026616096496582 2.224898099899292
v -3.417081356048584 2.8639862537384033 2.224898099899292
v -2.8765265941619873 3.501335382461548 2.224898099899292
v -3.146803855895996 3.3452906608581543 2.224898099899292
v -3.146803855895996 3.3452906608581543 2.6976513862609863
v -3.146803855895996 3.3452906608581543 2.6976513862609863
v -2.8765265941619873 3.501335382461548 2.6976513862609863
v -2.8765265941619873 3.501335382461548 2.224898099899292
v -3.7311201095581055 3.269493579864502 1.5381450653076172
v -3.779660224914551 3.185419797897339 1.8815217018127441
v -4.142239093780518 3.3947548866271973 1.8815217018127441
v -4.142239093780518 3.3947548866271973 1.8815217018127441
v -4.045158863067627 3.4508042335510254 1.5381450653076172
v -3.7311201095581055 3.269493579864502 1.5381450653076172
v -3.417081356048584 3.0881834030151367 1.5381450653076172
v -3.417081356048584 2.9760847091674805 1.8815217018127441
v -3.779660224914551 3.185419797897339 1.8815217018127441
v -3.779660224914551 3.185419797897339 1.8815217018127441
v -3.7311201095581055 3.269493579864502 1.5381450653076172
v -3.417081356048584 3.0881834030151367 1.5381450653076172
v -3.417081356048584 2.9760847091674805 1.8815217018127441
v -3.417081356048584 2.8639862537384033 2.224898099899292
v -3.828200340270996 3.101346015930176 2.224898099899292
v -3.828200340270996 3.101346015930176 2.224898099899292
v -3.779660224914551 3.185419797897339 1.8815217018127441
v -3.417081356048584 2.9760847091674805 1.8815217018127441
v -3.1030426025390625 3.269493818283081 1.5381450653076172
v -3.054502487182617 3.185420036315918 1.8815217018127441
v -3.417081356048584 2.9760847091674805 1.8815217018127441
v -3.417081356048584 2.9760847091674805 1.8815217018127441
v -3.417081356048584 3.0881834030151367 1.5381450653076172
v -3.1030426025390625 3.269493818283081 1.5381450653076172
v -2.789003849029541 3.4508042335510254 1.5381450653076172
v -2.6919236183166504 3.3947548866271973 1.8815217018127441
v -3.054502487182617 3.185420036315918 1.8815217018127441
v -3.054502487182617 3.185420036315918 1.8815217018127441
v -3.1030426025390625 3.269493818283081 1.5381450653076172
v -2.789003849029541 3.4508042335510254 1.5381450653076172
v -2.6919236183166504 3.3947548866271973 1.8815217018127441
v -2.5948433876037598 3.338705539703369 2.224898099899292
v -3.005962371826172 3.101346015930176 2.224898099899292
v -3.005962371826172 3.101346015930176 2.224898099899292
v -3.054502487182617 3.185420036315918 1.8815217018127441
v -2.6919236183166504 3.3947548866271973 1.8815217018127441
v -2.789003849029541 3.813425064086914 1.5381450653076172
v -2.6919236183166504 3.813425064086914 1.8815217018127441
v -2.6919236183166504 3.3947548866271973 1.8815217018127441
v -2.6919236183166504 3.3947548866271973 1.8815217018127441
v -2.789003849029541 3.4508042335510254 1.5381450653076172
v -2.789003849029541 3.813425064086914 1.5381450653076172
v -2.789003849029541 4.176045894622803 1.5381450653076172
v -2.6919236183166504 4.232094764709473 1.8815217018127441
v -2.6919236183166504 3.813425064086914 1.8815217018127441
v -2.6919236183166504 3.813425064086914 1.8815217018127441
v -2.789003849029541 3.813425064086914 1.5381450653076172
v -2.789003849029541 4.176045894622803 1.5381450653076172
v -2.6919236183166504 4.232094764709473 1.8815217018127441
v -2.5948433876037598 4.288144111633301 2.224898099899292
v -2.5948433876037598 3.813425064086914 2.224898099899292
v -2.5948433876037598 3.813425064086914 2.224898099899292
v -2.6919236183166504 3.813425064086914 1.8815217018127441
v -2.6919236183166504 4.232094764709473 1.8815217018127441
v -3.1030426025390625 4.357356071472168 1.5381450653076172
v -3.054502487182617 4.44143009185791 1.8815217018127441
v -2.6919236183166504 4.232094764709473 1.8815217018127441
v -2.6919236183166504 4.232094764709473 1.8815217018127441
v -2.789003849029541 4.176045894622803 1.5381450653076172
v -3.1030426025390625 4.357356071472168 1.5381450653076172
v -3.417081356048584 4.538666725158691 1.5381450653076172
v -3.417081356048584 4.6507649421691895 1.8815217018127441
v -3.054502487182617 4.44143009185791 1.8815217018127441
v -3.054502487182617 4.44143009185791 1.8815217018127441
v -3.1030426025390625 4.357356071472168 1.5381450653076172
v -3.417081356048584 4.538666725158691 1.5381450653076172
v -3.417081356048584 4.6507649421691895 1.8815217018127441
v -3.417081356048584 4.762863636016846 2.224898099899292
v -3.005962371826172 4.525504112243652 2.224898099899292
v -3.005962371826172 4.525504112243652 2.224898099899292
v -3.054502487182617 4.44143009185791 1.8815217018127441
v -3.417081356048584 4.6507649421691895 1.8815217018127441
v -3.076383113861084 3.223318338394165 2.6976513862609863
v -2.735685110092163 3.420020580291748 2.6976513862609863
v -2.8765265941619873 3.501335382461548 2.6976513862609863
v -2.8765265941619873 3.501335382461548 2.6976513862609863
v -3.146803855895996 3.3452906608581543 2.6976513862609863
v -3.076383113861084 3.223318338394165 2.6976513862609863
v -4.098477840423584 3.813425064086914 2.6976513862609863
v -4.098477840423584 3.420020580291748 2.6976513862609863
v -3.9576361179351807 3.501335382461548 2.6976513862609863
v -3.9576361179351807 3.501335382461548 2.6976513862609863
v -3.9576361179351807 3.813425064086914 2.6976513862609863
v -4.098477840423584 3.813425064086914 2.6976513862609863
v -3.076383113861084 4.403531551361084 2.6976513862609863
v -3.417081356048584 4.600233554840088 2.6976513862609863
v -3.417081356048584 4.437603950500488 2.6976513862609863
v -3.417081356048584 4.437603950500488 2.6976513862609863
v -3.146803855895996 4.281558990478516 2.6976513862609863
v -3.076383113861084 4.403531551361084 2.6976513862609863
v -3.005962371826172 4.525504112243652 2.6976513862609863
v -3.417081356048584 4.762863636016846 2.6976513862609863
v -3.417081356048584 4.600233554840088 2.6976513862609863
v -3.417081356048584 4.600233554840088 2.6976513862609863
v -3.076383113861084 4.403531551361084 2.6976513862609863
v -3.005962371826172 4.525504112243652 2.6976513862609863
v -4.239319324493408 3.813424587249756 2.6976513862609863
v -4.239319324493408 3.338705539703369 2.6976513862609863
v -4.098477840423584 3.420020580291748 2.6976513862609863
v -4.098477840423584 3.420020580291748 2.6976513862609863
v -4.098477840423584 3.813425064086914 2.6976513862609863
v -4.239319324493408 3.813424587249756 2.6976513862609863
v -2.735685110092163 3.420020580291748 2.6976513862609863
v -2.735684871673584 3.813425064086914 2.6976513862609863
v -2.8765265941619873 3.813425064086914 2.6976513862609863
v -2.8765265941619873 3.813425064086914 2.6976513862609863
v -2.8765265941619873 3.501335382461548 2.6976513862609863
v -2.735685110092163 3.420020580291748 2.6976513862609863
v -2.5948433876037598 3.338705539703369 2.6976513862609863
v -2.5948433876037598 3.813425064086914 2.6976513862609863
v -2.735684871673584 3.813425064086914 2.6976513862609863
v -2.735684871673584 3.813425064086914 2.6976513862609863
v -2.735685110092163 3.420020580291748 2.6976513862609863
v -2.5948433876037598 3.338705539703369 2.6976513862609863
v -4.098477840423584 3.420020580291748 2.6976513862609863
v -3.757779598236084 3.223318099975586 2.6976513862609863
v -3.687358856201172 3.3452906608581543 2.6976513862609863
v -3.687358856201172 3.3452906608581543 2.6976513862609863
v -3.9576361179351807 3.501335382461548 2.6976513862609863
v -4.098477840423584 3.420020580291748 2.6976513862609863
v -4.239319324493408 3.338705539703369 2.6976513862609863
v -3.828200340270996 3.101346015930176 2.6976513862609863
v -3.757779598236084 3.223318099975586 2.6976513862609863
v -3.757779598236084 3.223318099975586 2.6976513862609863
v -4.098477840423584 3.420020580291748 2.6976513862609863
v -4.239319324493408 3.338705539703369 2.6976513862609863
v -3.417081356048584 4.600233554840088 2.6976513862609863
v -3.757779598236084 4.403531551361084 2.6976513862609863
v -3.687358856201172 4.281558990478516 2.6976513862609863
v -3.687358856201172 4.281558990478516 2.6976513862609863
v -3.417081356048584 4.437603950500488 2.6976513862609863
v -3.417081356048584 4.600233554840088 2.6976513862609863
v -3.417081356048584 4.762863636016846 2.6976513862609863
v -3.828200340270996 4.525503635406494 2.6976513862609863
v -3.757779598236084 4.403531551361084 2.6976513862609863
v -3.757779598236084 4.403531551361084 2.6976513862609863
v -3.417081356048584 4.600233554840088 2.6976513862609863
v -3.417081356048584 4.762863636016846 2.6976513862609863
v -3.005962371826172 3.101346015930176 2.6976513862609863
v -2.5948433876037598 3.338705539703369 2.6976513862609863
v -2.735685110092163 3.420020580291748 2.6976513862609863
v -2.735685110092163 3.420020580291748 2.6976513862609863
v -3.076383113861084 3.223318338394165 2.6976513862609863
v -3.005962371826172 3.101346015930176 2.6976513862609863
v -2.8765265941619873 3.813425064086914 2.224898099899292
v -2.8765265941619873 3.501335382461548 2.224898099899292
v -2.8765265941619873 3.501335382461548 2.6976513862609863
v -2.8765265941619873 3.501335382461548 2.6976513862609863
v -2.8765265941619873 3.813425064086914 2.6976513862609863
v -2.8765265941619873 3.813425064086914 2.224898099899292
v -3.9576361179351807 3.813425064086914 2.224898099899292
v -4.098477840423584 3.813425064086914 2.224898099899292
v -4.098477840423584 3.813425064086914 2.6976513862609863
v -4.098477840423584 3.813425064086914 2.6976513862609863
v -3.9576361179351807 3.813425064086914 2.6976513862609863
v -3.9576361179351807 3.813425064086914 2.224898099899292
v -4.239319324493408 3.813424587249756 2.224898099899292
v -4.239319324493408 3.338705539703369 2.224898099899292
v -4.239319324493408 3.338705539703369 2.6976513862609863
v -4.239319324493408 3.338705539703369 2.6976513862609863
v -4.239319324493408 3.813424587249756 2.6976513862609863
v -4.239319324493408 3.813424587249756 2.224898099899292
v -3.757779598236084 3.223318099975586 2.224898099899292
v -3.687358856201172 3.3452906608581543 2.224898099899292
v -3.687358856201172 3.3452906608581543 2.6976513862609863
v -3.687358856201172 3.3452906608581543 2.6976513862609863
v -3.757779598236084 3.223318099975586 2.6976513862609863
v -3.757779598236084 3.223318099975586 2.224898099899292
v -3.417081356048584 4.762863636016846 2.224898099899292
v -3.828200340270996 4.525503635406494 2.224898099899292
v -3.828200340270996 4.525503635406494 2.6976513862609863
v -3.828200340270996 4.525503635406494 2.6976513862609863
v -3.417081356048584 4.762863636016846 2.6976513862609863
v -3.417081356048584 4.762863636016846 2.224898099899292
v -4.098477840423584 3.813425064086914 2.224898099899292
v -4.239319324493408 3.813424587249756 2.224898099899292
v -4.239319324493408 3.813424587249756 2.6976513862609863
v -4.239319324493408 3.813424587249756 2.6976513862609863
v -4.098477840423584 3.813425064086914 2.6976513862609863
v -4.098477840423584 3.813425064086914 2.224898099899292
v -3.417081356048584 4.437603950500488 2.224898099899292
v -3.146803855895996 4.281558990478516 2.224898099899292
v -3.146803855895996 4.281558990478516 2.6976513862609863
v -3.146803855895996 4.281558990478516 2.6976513862609863
v -3.417081356048584 4.437603950500488 2.6976513862609863
v -3.417081356048584 4.437603950500488 2.224898099899292
v -3.005962371826172 3.101346015930176 2.224898099899292
v -2.5948433876037598 3.338705539703369 2.224898099899292
v -2.5948433876037598 3.338705539703369 2.6976513862609863
v -2.5948433876037598 3.338705539703369 2.6976513862609863
v -3.005962371826172 3.101346015930176 2.6976513862609863
v -3.005962371826172 3.101346015930176 2.224898099899292
v -3.828200340270996 3.101346015930176 2.224898099899292
v -3.757779598236084 3.223318099975586 2.224898099899292
v -3.757779598236084 3.223318099975586 2.6976513862609863
v -3.757779598236084 3.223318099975586 2.6976513862609863
v -3.828200340270996 3.101346015930176 2.6976513862609863
v -3.828200340270996 3.101346015930176 2.224898099899292
v -3.005962371826172 4.525504112243652 2.224898099899292
v -3.417081356048584 4.762863636016846 2.224898099899292
v -3.417081356048584 4.762863636016846 2.6976513862609863
v -3.417081356048584 4.762863636016846 2.6976513862609863
v -3.005962371826172 4.525504112243652 2.6976513862609863
v -3.005962371826172 4.525504112243652 2.224898099899292
v -3.687358856201172 3.3452906608581543 2.224898099899292
v -3.9576361179351807 3.501335382461548 2.224898099899292
v -3.9576361179351807 3.501335382461548 2.6976513862609863
v -3.9576361179351807 3.501335382461548 2.6976513862609863
v -3.687358856201172 3.3452906608581543 2.6976513862609863
v -3.687358856201172 3.3452906608581543 2.224898099899292
v -4.239319324493408 3.338705539703369 2.224898099899292
v -3.828200340270996 3.101346015930176 2.224898099899292
v -3.828200340270996 3.101346015930176 2.6976513862609863
v -3.828200340270996 3.101346015930176 2.6976513862609863
v -4.239319324493408 3.338705539703369 2.6976513862609863
v -4.239319324493408 3.338705539703369 2.224898099899292
v -2.966553211212158 4.5937628746032715 -0.34647971391677856
v -3.0150930881500244 4.5096893310546875 0.6033053398132324
v -2.623879909515381 4.2713799476623535 0.6055629849433899
v -2.623879909515381 4.2713799476623535 0.6055629849433899
v -2.5267996788024902 4.327429294586182 -0.3442220687866211
v -2.966553211212158 4.5937628746032715 -0.34647971391677856
v -2.516024589538574 3.813425064086914 -0.34647971391677856
v -2.613104820251465 3.813425064086914 0.6033053398132324
v -2.623879909515381 3.3554697036743164 0.6055629849433899
v -2.623879909515381 3.3554697036743164 0.6055629849433899
v -2.5267996788024902 3.2994205951690674 -0.3442220687866211
v -2.516024589538574 3.813425064086914 -0.34647971391677856
v -2.5267996788024902 4.327429294586182 -0.3442220687866211
v -2.623879909515381 4.2713799476623535 0.6055629849433899
v -2.613104820251465 3.813425064086914 0.6033053398132324
v -2.613104820251465 3.813425064086914 0.6033053398132324
v -2.516024589538574 3.813425064086914 -0.34647971391677856
v -2.5267996788024902 4.327429294586182 -0.3442220687866211
v -2.966553211212158 3.0330870151519775 -0.34647971391677856
v -3.0150933265686035 3.1171610355377197 0.6033053398132324
v -3.417081356048584 2.897514581680298 0.6055629849433899
v -3.417081356048584 2.897514581680298 0.6055629849433899
v -3.417081356048584 2.7854161262512207 -0.3442220687866211
v -2.966553211212158 3.0330870151519775 -0.34647971391677856
v -2.5267996788024902 3.2994205951690674 -0.3442220687866211
v -2.623879909515381 3.3554697036743164 0.6055629849433899
v -3.0150933265686035 3.1171610355377197 0.6033053398132324
v -3.0150933265686035 3.1171610355377197 0.6033053398132324
v -2.966553211212158 3.0330870151519775 -0.34647971391677856
v -2.5267996788024902 3.2994205951690674 -0.3442220687866211
v -3.867609739303589 3.0330867767333984 -0.34647971391677856
v -3.8190696239471436 3.1171607971191406 0.6033053398132324
v -4.210282802581787 3.3554697036743164 0.6055629849433899
v -4.210282802581787 3.3554697036743164 0.6055629849433899
v -4.307363033294678 3.2994205951690674 -0.3442220687866211
v -3.867609739303589 3.0330867767333984 -0.34647971391677856
v -3.417081356048584 2.7854161262512207 -0.3442220687866211
v -3.417081356048584 2.897514581680298 0.6055629849433899
v -3.8190696239471436 3.1171607971191406 0.6033053398132324
v -3.8190696239471436 3.1171607971191406 0.6033053398132324
v -3.867609739303589 3.0330867767333984 -0.34647971391677856
v -3.417081356048584 2.7854161262512207 -0.3442220687866211
v -4.307363033294678 3.2994205951690674 -0.3442220687866211
v -4.210282802581787 3.3554697036743164 0.6055629849433899
v -4.217418670654297 3.658761501312256 0.6040678024291992
v -4.217418670654297 3.658761501312256 0.6040678024291992
v -4.30858850479126 3.3578898906707764 -0.34447890520095825
v -4.307363033294678 3.2994205951690674 -0.3442220687866211
v -3.828200340270996 4.525503635406494 -0.3614250421524048
v -4.239319324493408 4.288144111633301 -0.3614250421524048
v -4.259179592132568 4.299610137939453 -0.3564039468765259
v -4.259179592132568 4.299610137939453 -0.3564039468765259
v -3.841440439224243 4.548436164855957 -0.3564039468765259
v -3.828200340270996 4.525503635406494 -0.3614250421524048
v -3.417081356048584 2.8639862537384033 -0.3614250421524048
v -3.005962371826172 3.101346015930176 -0.3614250421524048
v -2.966553211212158 3.0330870151519775 -0.34647971391677856
v -2.966553211212158 3.0330870151519775 -0.34647971391677856
v -3.417081356048584 2.7854161262512207 -0.3442220687866211
v -3.417081356048584 2.8639862537384033 -0.3614250421524048
v -2.5267996788024902 4.327429294586182 -0.3442220687866211
v -2.5948433876037598 4.288144111633301 -0.3614250421524048
v -3.005962371826172 4.525504112243652 -0.3614250421524048
v -3.005962371826172 4.525504112243652 -0.3614250421524048
v -2.9927220344543457 4.548436641693115 -0.3564039468765259
v -2.963472843170166 4.531549453735352 -0.3564039468765259
v -2.963472843170166 4.531549453735352 -0.3564039468765259
v -2.966613531112671 4.593658447265625 -0.3465026617050171
v -2.966553211212158 4.5937628746032715 -0.34647971391677856
v -2.5267996788024902 4.327429294586182 -0.3442220687866211
v -3.005962371826172 4.525504112243652 -0.3614250421524048
v -2.963472843170166 4.531549453735352 -0.3564039468765259
v -2.963472843170166 4.531549453735352 -0.3564039468765259
v -2.966553211212158 4.5937628746032715 -0.34647971391677856
v -2.5267996788024902 4.327429294586182 -0.3442220687866211
v -3.828200340270996 3.101346015930176 -0.3614250421524048
v -3.417081356048584 2.8639862537384033 -0.3614250421524048
v -3.417081356048584 2.7854161262512207 -0.3442220687866211
v -3.417081356048584 2.7854161262512207 -0.3442220687866211
v -3.867609739303589 3.0330867767333984 -0.34647971391677856
v -3.828200340270996 3.101346015930176 -0.3614250421524048
v -3.054502487182617 4.44143009185791 0.5883599519729614
v -2.6919236183166504 4.232094764709473 0.5883600115776062
v -2.623879909515381 4.2713799476623535 0.6055629849433899
v -2.623879909515381 4.2713799476623535 0.6055629849433899
v -3.0150930881500244 4.5096893310546875 0.6033053398132324
v -3.054502487182617 4.44143009185791 0.5883599519729614
v -3.054502487182617 3.185420036315918 0.5883600115776062
v -3.417081356048584 2.9760847091674805 0.5883600115776062
v -3.417081356048584 2.897514581680298 0.6055629849433899
v -3.417081356048584 2.897514581680298 0.6055629849433899
v -3.0150933265686035 3.1171610355377197 0.6033053398132324
v -3.054502487182617 3.185420036315918 0.5883600115776062
v -3.417081356048584 4.762863636016846 -0.3614250421524048
v -3.828200340270996 4.525503635406494 -0.3614250421524048
v -3.841440439224243 4.548436164855957 -0.3564039468765259
v -3.841440439224243 4.548436164855957 -0.3564039468765259
v -3.417081356048584 4.785796165466309 -0.3564039468765259
v -3.417081356048584 4.762863636016846 -0.3614250421524048
v -2.5948433876037598 3.813425064086914 -0.3614250421524048
v -2.5948433876037598 4.288144111633301 -0.3614250421524048
v -2.5267996788024902 4.327429294586182 -0.3442220687866211
v -2.5267996788024902 4.327429294586182 -0.3442220687866211
v -2.516024589538574 3.813425064086914 -0.34647971391677856
v -2.5948433876037598 3.813425064086914 -0.3614250421524048
v -2.6919236183166504 3.3947548866271973 0.5883600115776062
v -3.054502487182617 3.185420036315918 0.5883600115776062
v -3.0150933265686035 3.1171610355377197 0.6033053398132324
v -3.0150933265686035 3.1171610355377197 0.6033053398132324
v -2.623879909515381 3.3554697036743164 0.6055629849433899
v -2.6919236183166504 3.3947548866271973 0.5883600115776062
v -5.695868492126465 7.075139999389648 1.8929221630096436
v -5.6473283767700195 7.159214019775391 2.2362985610961914
v -5.236209392547607 6.921854496002197 2.2362985610961914
v -5.236209392547607 6.921854496002197 2.2362985610961914
v -5.333289623260498 6.865805149078369 1.8929221630096436
v -5.695868492126465 7.075139999389648 1.8929221630096436
v -5.333289623260498 6.30428409576416 1.8929221630096436
v -5.333289623260498 6.447134971618652 1.8929221630096436
v -5.236209392547607 6.447134971618652 2.2362985610961914
v -5.236209392547607 6.447134971618652 2.2362985610961914
v -5.236209392547607 5.972415924072266 2.2362985610961914
v -5.3147358894348145 6.0177531242370605 1.9585464000701904
v -5.3147358894348145 6.0177531242370605 1.9585464000701904
v -5.3147358894348145 6.174623966217041 1.9585464000701904
v -5.288094520568848 6.174623966217041 2.05277943611145
v -5.288094520568848 6.30428409576416 2.05277943611145
v -5.3147358894348145 6.30428409576416 1.9585464000701904
v -5.333289623260498 6.30428409576416 1.8929221630096436
v -5.236209392547607 6.447134971618652 2.2362985610961914
v -5.3147358894348145 6.0177531242370605 1.9585464000701904
v -5.288094520568848 6.174623966217041 2.05277943611145
v -5.288094520568848 6.30428409576416 2.05277943611145
v -5.333289623260498 6.30428409576416 1.8929221630096436
v -5.236209392547607 6.447134971618652 2.2362985610961914
v -5.236209392547607 6.447134971618652 2.2362985610961914
v -5.288094520568848 6.174623966217041 2.05277943611145
v -5.288094520568848 6.30428409576416 2.05277943611145
v -5.695868492126465 5.819129943847656 1.8929221630096436
v -5.6473283767700195 5.735055923461914 2.2362985610961914
v -6.058447360992432 5.497696399688721 2.2362985610961914
v -6.058447360992432 5.497696399688721 2.2362985610961914
v -6.058447360992432 5.609794616699219 1.8929221630096436
v -5.695868492126465 5.819129943847656 1.8929221630096436
v -6.421026229858398 5.819129943847656 1.8929221630096436
v -6.469566345214844 5.735055923461914 2.2362985610961914
v -6.880684852600098 5.972415447235107 2.2362985610961914
v -6.880684852600098 5.972415447235107 2.2362985610961914
v -6.783605098724365 6.0284647941589355 1.8929221630096436
v -6.421026229858398 5.819129943847656 1.8929221630096436
v -6.469566345214844 7.159214019775391 2.2362985610961914
v -6.399145603179932 7.037241458892822 2.2362985610961914
v -6.399145603179932 7.037241458892822 2.7090518474578857
v -6.399145603179932 7.037241458892822 2.7090518474578857
v -6.469566345214844 7.159214019775391 2.7090518474578857
v -6.469566345214844 7.159214019775391 2.2362985610961914
v -6.783605098724365 6.447134971618652 1.8929221630096436
v -6.880684852600098 6.447134971618652 2.2362985610961914
v -6.880684852600098 6.921854019165039 2.2362985610961914
v -6.880684852600098 6.921854019165039 2.2362985610961914
v -6.783605098724365 6.865804672241211 1.8929221630096436
v -6.783605098724365 6.447134971618652 1.8929221630096436
v -6.421026229858398 7.075139999389648 1.8929221630096436
v -6.469566345214844 7.159214019775391 2.2362985610961914
v -6.058447360992432 7.396573543548584 2.2362985610961914
v -6.058447360992432 7.396573543548584 2.2362985610961914
v -6.058447360992432 7.284475326538086 1.8929221630096436
v -6.421026229858398 7.075139999389648 1.8929221630096436
v -6.469566345214844 7.159214019775391 -0.35002464056015015
v -6.058447360992432 7.396573543548584 -0.35002464056015015
v -5.6473283767700195 7.159214019775391 -0.35002464056015015
v -5.6473283767700195 7.159214019775391 -0.35002464056015015
v -5.236209392547607 6.921854496002197 -0.35002464056015015
v -5.236209392547607 6.906063079833984 -0.35002464056015015
v -6.51542854309082 6.906063079833984 -0.35002458095550537
v -6.51542854309082 5.761534214019775 -0.35002464056015015
v -6.880684852600098 5.972415447235107 -0.35002464056015015
v -5.6473283767700195 7.159214019775391 -0.35002464056015015
v -5.236209392547607 6.906063079833984 -0.35002464056015015
v -6.51542854309082 6.906063079833984 -0.35002458095550537
v -6.880684852600098 6.921854019165039 -0.35002464056015015
v -6.469566345214844 7.159214019775391 -0.35002464056015015
v -5.6473283767700195 7.159214019775391 -0.35002464056015015
v -6.51542854309082 6.906063079833984 -0.35002458095550537
v -6.880684852600098 5.972415447235107 -0.35002464056015015
v -6.880684852600098 6.447134971618652 -0.35002464056015015
v -6.880684852600098 6.921854019165039 -0.35002464056015015
v -5.6473283767700195 7.159214019775391 -0.35002464056015015
v -6.51542854309082 6.906063079833984 -0.35002458095550537
v -6.51542854309082 6.906063079833984 -0.35002458095550537
v -6.880684852600098 6.447134971618652 -0.35002464056015015
v -6.880684852600098 6.921854019165039 -0.35002464056015015
v -6.421026229858398 7.075139999389648 0.5997604131698608
v -6.372486114501953 6.991065979003906 1.5495455265045166
v -6.058447360992432 7.17237663269043 1.5495455265045166
v -6.058447360992432 7.17237663269043 1.5495455265045166
v -6.058447360992432 7.284475326538086 0.5997604131698608
v -6.421026229858398 7.075139999389648 0.5997604131698608
v -6.783605098724365 6.447134971618652 0.5997604727745056
v -6.686524868011475 6.447134971618652 1.5495455265045166
v -6.686524868011475 6.809755325317383 1.5495455265045166
v -6.686524868011475 6.809755325317383 1.5495455265045166
v -6.783605098724365 6.865804672241211 0.5997604727745056
v -6.783605098724365 6.447134971618652 0.5997604727745056
v -6.421026229858398 5.819129943847656 0.5997604727745056
v -6.372486114501953 5.903203964233398 1.5495455265045166
v -6.686524868011475 6.084514141082764 1.5495455265045166
v -6.686524868011475 6.084514141082764 1.5495455265045166
v -6.783605098724365 6.0284647941589355 0.5997604727745056
v -6.421026229858398 5.819129943847656 0.5997604727745056
v -5.695868492126465 7.075139999389648 0.5997604131698608
v -5.74440860748291 6.991065979003906 1.5495455265045166
v -5.4303693771362305 6.809755802154541 1.5495455265045166
v -5.4303693771362305 6.809755802154541 1.5495455265045166
v -5.333289623260498 6.865805149078369 0.5997604727745056
v -5.695868492126465 7.075139999389648 0.5997604131698608
v -5.517892360687256 6.447134971618652 2.2362985610961914
v -5.517892360687256 6.7592244148254395 2.2362985610961914
v -5.788169860839844 6.915269374847412 2.2362985610961914
v -5.788169860839844 6.915269374847412 2.2362985610961914
v -6.058447360992432 7.071313858032227 2.2362985610961914
v -6.3287248611450195 6.915268898010254 2.2362985610961914
v -6.3287248611450195 6.915268898010254 2.2362985610961914
v -6.599001884460449 6.7592244148254395 2.2362985610961914
v -6.599001884460449 6.447134971618652 2.2362985610961914
v -6.599001884460449 6.447134971618652 2.2362985610961914
v -6.599001884460449 6.135045528411865 2.2362985610961914
v -6.3287248611450195 5.979000568389893 2.2362985610961914
v -6.3287248611450195 5.979000568389893 2.2362985610961914
v -6.058447360992432 5.822956085205078 2.2362985610961914
v -5.788169860839844 5.979001045227051 2.2362985610961914
v -5.788169860839844 5.979001045227051 2.2362985610961914
v -5.517892360687256 6.135045528411865 2.2362985610961914
v -5.517892360687256 6.447134971618652 2.2362985610961914
v -5.517892360687256 6.447134971618652 2.2362985610961914
v -5.788169860839844 6.915269374847412 2.2362985610961914
v -6.3287248611450195 6.915268898010254 2.2362985610961914
v -6.3287248611450195 6.915268898010254 2.2362985610961914
v -6.599001884460449 6.447134971618652 2.2362985610961914
v -6.3287248611450195 5.979000568389893 2.2362985610961914
v -6.3287248611450195 5.979000568389893 2.2362985610961914
v -5.788169860839844 5.979001045227051 2.2362985610961914
v -5.517892360687256 6.447134971618652 2.2362985610961914
v -6.3287248611450195 6.915268898010254 2.2362985610961914
v -6.3287248611450195 5.979000568389893 2.2362985610961914
v -5.517892360687256 6.447134971618652 2.2362985610961914
v -6.399145603179932 7.037241458892822 2.2362985610961914
v -6.739843845367432 6.840539455413818 2.2362985610961914
v -6.599001884460449 6.7592244148254395 2.2362985610961914
v -6.599001884460449 6.7592244148254395 2.2362985610961914
v -6.3287248611450195 6.915268898010254 2.2362985610961914
v -6.399145603179932 7.037241458892822 2.2362985610961914
v -6.399145603179932 5.857028484344482 2.2362985610961914
v -6.058447360992432 5.66032600402832 2.2362985610961914
v -6.058447360992432 5.822956085205078 2.2362985610961914
v -6.058447360992432 5.822956085205078 2.2362985610961914
v -6.3287248611450195 5.979000568389893 2.2362985610961914
v -6.399145603179932 5.857028484344482 2.2362985610961914
v -5.377050876617432 6.447134971618652 2.2362985610961914
v -5.377050876617432 6.840539455413818 2.2362985610961914
v -5.517892360687256 6.7592244148254395 2.2362985610961914
v -5.517892360687256 6.7592244148254395 2.2362985610961914
v -5.517892360687256 6.447134971618652 2.2362985610961914
v -5.377050876617432 6.447134971618652 2.2362985610961914
v -6.599001884460449 6.135045528411865 2.2362985610961914
v -6.599001884460449 6.447134971618652 2.2362985610961914
v -6.599001884460449 6.447134971618652 2.7090518474578857
v -6.599001884460449 6.447134971618652 2.7090518474578857
v -6.599001884460449 6.135045528411865 2.7090518474578857
v -6.599001884460449 6.135045528411865 2.2362985610961914
v -5.236209392547607 6.447134971618652 2.2362985610961914
v -5.377050876617432 6.447134971618652 2.2362985610961914
v -5.377050876617432 6.447134971618652 2.7090518474578857
v -5.377050876617432 6.447134971618652 2.7090518474578857
v -5.236209392547607 6.447134971618652 2.7090518474578857
v -5.236209392547607 6.447134971618652 2.2362985610961914
v -5.377050876617432 6.840539455413818 2.2362985610961914
v -5.717749118804932 7.037241458892822 2.2362985610961914
v -5.788169860839844 6.915269374847412 2.2362985610961914
v -5.788169860839844 6.915269374847412 2.2362985610961914
v -5.517892360687256 6.7592244148254395 2.2362985610961914
v -5.377050876617432 6.840539455413818 2.2362985610961914
v -5.236209392547607 6.921854496002197 2.2362985610961914
v -5.6473283767700195 7.159214019775391 2.2362985610961914
v -5.717749118804932 7.037241458892822 2.2362985610961914
v -5.717749118804932 7.037241458892822 2.2362985610961914
v -5.377050876617432 6.840539455413818 2.2362985610961914
v -5.236209392547607 6.921854496002197 2.2362985610961914
v -6.399145603179932 7.037241458892822 2.2362985610961914
v -6.3287248611450195 6.915268898010254 2.2362985610961914
v -6.3287248611450195 6.915268898010254 2.7090518474578857
v -6.3287248611450195 6.915268898010254 2.7090518474578857
v -6.399145603179932 7.037241458892822 2.7090518474578857
v -6.399145603179932 7.037241458892822 2.2362985610961914
v -6.739843845367432 6.840539455413818 2.2362985610961914
v -6.739843845367432 6.447134971618652 2.2362985610961914
v -6.599001884460449 6.447134971618652 2.2362985610961914
v -6.599001884460449 6.447134971618652 2.2362985610961914
v -6.599001884460449 6.7592244148254395 2.2362985610961914
v -6.739843845367432 6.840539455413818 2.2362985610961914
v -6.880684852600098 6.921854019165039 2.2362985610961914
v -6.880684852600098 6.447134971618652 2.2362985610961914
v -6.739843845367432 6.447134971618652 2.2362985610961914
v -6.739843845367432 6.447134971618652 2.2362985610961914
v -6.739843845367432 6.840539455413818 2.2362985610961914
v -6.880684852600098 6.921854019165039 2.2362985610961914
v -5.717749118804932 5.857028484344482 2.2362985610961914
v -5.6473283767700195 5.735055923461914 2.2362985610961914
v -5.6473283767700195 5.735055923461914 2.7090518474578857
v -5.6473283767700195 5.735055923461914 2.7090518474578857
v -5.717749118804932 5.857028484344482 2.7090518474578857
v -5.717749118804932 5.857028484344482 2.2362985610961914
v -5.717749118804932 7.037241458892822 2.2362985610961914
v -5.6473283767700195 7.159214019775391 2.2362985610961914
v -5.6473283767700195 7.159214019775391 2.7090518474578857
v -5.6473283767700195 7.159214019775391 2.7090518474578857
v -5.717749118804932 7.037241458892822 2.7090518474578857
v -5.717749118804932 7.037241458892822 2.2362985610961914
v -5.377050876617432 6.447134971618652 2.2362985610961914
v -5.517892360687256 6.447134971618652 2.2362985610961914
v -5.517892360687256 6.447134971618652 2.7090518474578857
v -5.517892360687256 6.447134971618652 2.7090518474578857
v -5.377050876617432 6.447134971618652 2.7090518474578857
v -5.377050876617432 6.447134971618652 2.2362985610961914
v -5.236209392547607 6.447134971618652 2.2362985610961914
v -5.236209392547607 6.921854496002197 2.2362985610961914
v -5.377050876617432 6.840539455413818 2.2362985610961914
v -5.377050876617432 6.840539455413818 2.2362985610961914
v -5.377050876617432 6.447134971618652 2.2362985610961914
v -5.236209392547607 6.447134971618652 2.2362985610961914
v -6.3287248611450195 6.915268898010254 2.2362985610961914
v -6.058447360992432 7.071313858032227 2.2362985610961914
v -6.058447360992432 7.071313858032227 2.7090518474578857
v -6.058447360992432 7.071313858032227 2.7090518474578857
v -6.3287248611450195 6.915268898010254 2.7090518474578857
v -6.3287248611450195 6.915268898010254 2.2362985610961914
v -5.788169860839844 5.979001045227051 2.2362985610961914
v -5.717749118804932 5.857028484344482 2.2362985610961914
v -5.717749118804932 5.857028484344482 2.7090518474578857
v -5.717749118804932 5.857028484344482 2.7090518474578857
v -5.788169860839844 5.979001045227051 2.7090518474578857
v -5.788169860839844 5.979001045227051 2.2362985610961914
v -6.469566345214844 5.735055923461914 2.2362985610961914
v -6.058447360992432 5.497696399688721 2.2362985610961914
v -6.058447360992432 5.66032600402832 2.2362985610961914
v -6.058447360992432 5.66032600402832 2.2362985610961914
v -6.399145603179932 5.857028484344482 2.2362985610961914
v -6.469566345214844 5.735055923461914 2.2362985610961914
v -5.788169860839844 6.915269374847412 2.2362985610961914
v -5.717749118804932 7.037241458892822 2.2362985610961914
v -5.717749118804932 7.037241458892822 2.7090518474578857
v -5.717749118804932 7.037241458892822 2.7090518474578857
v -5.788169860839844 6.915269374847412 2.7090518474578857
v -5.788169860839844 6.915269374847412 2.2362985610961914
v -5.236209392547607 5.972415924072266 2.2362985610961914
v -5.236209392547607 6.447134971618652 2.2362985610961914
v -5.236209392547607 6.447134971618652 2.7090518474578857
v -5.236209392547607 6.447134971618652 2.7090518474578857
v -5.236209392547607 5.972415924072266 2.7090518474578857
v -5.236209392547607 5.972415924072266 2.2362985610961914
v -6.469566345214844 7.159214019775391 2.2362985610961914
v -6.880684852600098 6.921854019165039 2.2362985610961914
v -6.739843845367432 6.840539455413818 2.2362985610961914
v -6.739843845367432 6.840539455413818 2.2362985610961914
v -6.399145603179932 7.037241458892822 2.2362985610961914
v -6.469566345214844 7.159214019775391 2.2362985610961914
v -6.880684852600098 6.921854019165039 -0.35002464056015015
v -6.880684852600098 6.447134971618652 -0.35002464056015015
v -6.959504127502441 6.447134971618652 -0.33507925271987915
v -6.959504127502441 6.447134971618652 -0.33507925271987915
v -6.948728561401367 6.96113920211792 -0.3328216075897217
v -6.880684852600098 6.921854019165039 -0.35002464056015015
v -6.058447360992432 7.284475326538086 0.5997604131698608
v -6.058447360992432 7.17237663269043 1.5495455265045166
v -5.74440860748291 6.991065979003906 1.5495455265045166
v -5.74440860748291 6.991065979003906 1.5495455265045166
v -5.695868492126465 7.075139999389648 0.5997604131698608
v -6.058447360992432 7.284475326538086 0.5997604131698608
v -6.421026229858398 7.075139999389648 0.5997604131698608
v -6.058447360992432 7.284475326538086 0.5997604131698608
v -6.058447360992432 7.3630452156066895 0.6169633865356445
v -6.058447360992432 7.3630452156066895 0.6169633865356445
v -6.460435390472412 7.143399238586426 0.6147058010101318
v -6.421026229858398 7.075139999389648 0.5997604131698608
v -5.333289623260498 6.865805149078369 0.5997604727745056
v -5.333289623260498 6.604798316955566 0.5997604727745056
v -5.258063316345215 6.599819183349609 0.6154584884643555
v -5.258063316345215 6.599819183349609 0.6154584884643555
v -5.2652459144592285 6.90509033203125 0.6169634461402893
v -5.333289623260498 6.865805149078369 0.5997604727745056
v -5.333289623260498 6.604798316955566 0.5997604727745056
v -5.333289623260498 6.865805149078369 0.5997604727745056
v -5.4303693771362305 6.809755802154541 1.5495455265045166
v -5.4303693771362305 6.809755802154541 1.5495455265045166
v -5.4303693771362305 6.447134971618652 1.5495455265045166
v -5.383823394775391 6.447134971618652 1.0941623449325562
v -5.383838653564453 6.447930812835693 1.0943114757537842
v -5.333289623260498 6.604798316955566 0.5997604727745056
v -5.4303693771362305 6.809755802154541 1.5495455265045166
v -5.4303693771362305 6.809755802154541 1.5495455265045166
v -5.383823394775391 6.447134971618652 1.0941623449325562
v -5.383838653564453 6.447930812835693 1.0943114757537842
v -5.6473283767700195 7.159214019775391 -0.35002464056015015
v -6.058447360992432 7.396573543548584 -0.35002464056015015
v -6.058447360992432 7.4751434326171875 -0.3328216075897217
v -6.058447360992432 7.4751434326171875 -0.3328216075897217
v -5.607918739318848 7.227473258972168 -0.33507925271987915
v -5.6473283767700195 7.159214019775391 -0.35002464056015015
v -6.421026229858398 5.819129943847656 0.5997604727745056
v -6.783605098724365 6.0284647941589355 0.5997604727745056
v -6.851648807525635 5.989179611206055 0.6169634461402893
v -6.851648807525635 5.989179611206055 0.6169634461402893
v -6.460435390472412 5.750870704650879 0.6147058010101318
v -6.421026229858398 5.819129943847656 0.5997604727745056
v -6.880684852600098 6.447134971618652 -0.35002464056015015
v -6.880684852600098 5.972415447235107 -0.35002464056015015
v -6.948728561401367 5.933130741119385 -0.3328216075897217
v -6.948728561401367 5.933130741119385 -0.3328216075897217
v -6.959504127502441 6.447134971618652 -0.33507925271987915
v -6.880684852600098 6.447134971618652 -0.35002464056015015
v -6.783605098724365 6.0284647941589355 0.5997604727745056
v -6.686524868011475 6.084514141082764 1.5495455265045166
v -6.686524868011475 6.447134971618652 1.5495455265045166
v -6.686524868011475 6.447134971618652 1.5495455265045166
v -6.783605098724365 6.447134971618652 0.5997604727745056
v -6.783605098724365 6.0284647941589355 0.5997604727745056
v -6.880684852600098 5.972415447235107 -0.35002464056015015
v -6.51542854309082 5.761534214019775 -0.35002464056015015
v -6.510684967041016 5.667832374572754 -0.3350704312324524
v -6.510684967041016 5.667832374572754 -0.3350704312324524
v -6.948728561401367 5.933130741119385 -0.3328216075897217
v -6.880684852600098 5.972415447235107 -0.35002464056015015
v -6.783605098724365 6.0284647941589355 0.5997604727745056
v -6.783605098724365 6.447134971618652 0.5997604727745056
v -6.862423896789551 6.447134971618652 0.6147058010101318
v -6.862423896789551 6.447134971618652 0.6147058010101318
v -6.851648807525635 5.989179611206055 0.6169634461402893
v -6.783605098724365 6.0284647941589355 0.5997604727745056
v -6.783605098724365 6.865804672241211 0.5997604727745056
v -6.686524868011475 6.809755325317383 1.5495455265045166
v -6.372486114501953 6.991065979003906 1.5495455265045166
v -6.372486114501953 6.991065979003906 1.5495455265045166
v -6.421026229858398 7.075139999389648 0.5997604131698608
v -6.783605098724365 6.865804672241211 0.5997604727745056
v -6.372486114501953 6.991065979003906 1.5495455265045166
v -6.421026229858398 7.075139999389648 1.8929221630096436
v -6.058447360992432 7.284475326538086 1.8929221630096436
v -6.058447360992432 7.284475326538086 1.8929221630096436
v -6.058447360992432 7.17237663269043 1.5495455265045166
v -6.372486114501953 6.991065979003906 1.5495455265045166
v -6.686524868011475 6.809755325317383 1.5495455265045166
v -6.783605098724365 6.865804672241211 1.8929221630096436
v -6.421026229858398 7.075139999389648 1.8929221630096436
v -6.421026229858398 7.075139999389648 1.8929221630096436
v -6.372486114501953 6.991065979003906 1.5495455265045166
v -6.686524868011475 6.809755325317383 1.5495455265045166
v -6.783605098724365 6.865804672241211 1.8929221630096436
v -6.880684852600098 6.921854019165039 2.2362985610961914
v -6.469566345214844 7.159214019775391 2.2362985610961914
v -6.469566345214844 7.159214019775391 2.2362985610961914
v -6.421026229858398 7.075139999389648 1.8929221630096436
v -6.783605098724365 6.865804672241211 1.8929221630096436
v -6.686524868011475 6.447134971618652 1.5495455265045166
v -6.783605098724365 6.447134971618652 1.8929221630096436
v -6.783605098724365 6.865804672241211 1.8929221630096436
v -6.783605098724365 6.865804672241211 1.8929221630096436
v -6.686524868011475 6.809755325317383 1.5495455265045166
v -6.686524868011475 6.447134971618652 1.5495455265045166
v -6.686524868011475 6.084514141082764 1.5495455265045166
v -6.783605098724365 6.0284647941589355 1.8929221630096436
v -6.783605098724365 6.447134971618652 1.8929221630096436
v -6.783605098724365 6.447134971618652 1.8929221630096436
v -6.686524868011475 6.447134971618652 1.5495455265045166
v -6.686524868011475 6.084514141082764 1.5495455265045166
v -6.783605098724365 6.0284647941589355 1.8929221630096436
v -6.880684852600098 5.972415447235107 2.2362985610961914
v -6.880684852600098 6.447134971618652 2.2362985610961914
v -6.880684852600098 6.447134971618652 2.2362985610961914
v -6.783605098724365 6.447134971618652 1.8929221630096436
v -6.783605098724365 6.0284647941589355 1.8929221630096436
v -6.058447360992432 5.66032600402832 2.2362985610961914
v -5.717749118804932 5.857028484344482 2.2362985610961914
v -5.788169860839844 5.979001045227051 2.2362985610961914
v -5.788169860839844 5.979001045227051 2.2362985610961914
v -6.058447360992432 5.822956085205078 2.2362985610961914
v -6.058447360992432 5.66032600402832 2.2362985610961914
v -6.058447360992432 5.497696399688721 2.2362985610961914
v -5.6473283767700195 5.735055923461914 2.2362985610961914
v -5.717749118804932 5.857028484344482 2.2362985610961914
v -5.717749118804932 5.857028484344482 2.2362985610961914
v -6.058447360992432 5.66032600402832 2.2362985610961914
v -6.058447360992432 5.497696399688721 2.2362985610961914
v -5.517892360687256 6.135045528411865 2.2362985610961914
v -5.788169860839844 5.979001045227051 2.2362985610961914
v -5.788169860839844 5.979001045227051 2.7090518474578857
v -5.788169860839844 5.979001045227051 2.7090518474578857
v -5.517892360687256 6.135045528411865 2.7090518474578857
v -5.517892360687256 6.135045528411865 2.2362985610961914
v -6.372486114501953 5.903203964233398 1.5495455265045166
v -6.421026229858398 5.819129943847656 1.8929221630096436
v -6.783605098724365 6.0284647941589355 1.8929221630096436
v -6.783605098724365 6.0284647941589355 1.8929221630096436
v -6.686524868011475 6.084514141082764 1.5495455265045166
v -6.372486114501953 5.903203964233398 1.5495455265045166
v -6.058447360992432 5.721893310546875 1.5495455265045166
v -6.058447360992432 5.609794616699219 1.8929221630096436
v -6.421026229858398 5.819129943847656 1.8929221630096436
v -6.421026229858398 5.819129943847656 1.8929221630096436
v -6.372486114501953 5.903203964233398 1.5495455265045166
v -6.058447360992432 5.721893310546875 1.5495455265045166
v -6.058447360992432 5.609794616699219 1.8929221630096436
v -6.058447360992432 5.497696399688721 2.2362985610961914
v -6.469566345214844 5.735055923461914 2.2362985610961914
v -6.469566345214844 5.735055923461914 2.2362985610961914
v -6.421026229858398 5.819129943847656 1.8929221630096436
v -6.058447360992432 5.609794616699219 1.8929221630096436
v -5.74440860748291 5.903203964233398 1.5495455265045166
v -5.695868492126465 5.819129943847656 1.8929221630096436
v -6.058447360992432 5.609794616699219 1.8929221630096436
v -6.058447360992432 5.609794616699219 1.8929221630096436
v -6.058447360992432 5.721893310546875 1.5495455265045166
v -5.74440860748291 5.903203964233398 1.5495455265045166
v -5.4303693771362305 6.447134971618652 1.5495455265045166
v -5.333289623260498 6.447134971618652 1.8929221630096436
v -5.333289623260498 6.30428409576416 1.8929221630096436
v -5.333289623260498 6.30428409576416 1.8929221630096436
v -5.4303693771362305 6.30428409576416 1.5495455265045166
v -5.4303693771362305 6.447134971618652 1.5495455265045166
v -5.4303693771362305 6.809755802154541 1.5495455265045166
v -5.333289623260498 6.865805149078369 1.8929221630096436
v -5.333289623260498 6.447134971618652 1.8929221630096436
v -5.333289623260498 6.447134971618652 1.8929221630096436
v -5.4303693771362305 6.447134971618652 1.5495455265045166
v -5.4303693771362305 6.809755802154541 1.5495455265045166
v -5.333289623260498 6.865805149078369 1.8929221630096436
v -5.236209392547607 6.921854496002197 2.2362985610961914
v -5.236209392547607 6.447134971618652 2.2362985610961914
v -5.236209392547607 6.447134971618652 2.2362985610961914
v -5.333289623260498 6.447134971618652 1.8929221630096436
v -5.333289623260498 6.865805149078369 1.8929221630096436
v -5.74440860748291 6.991065979003906 1.5495455265045166
v -5.695868492126465 7.075139999389648 1.8929221630096436
v -5.333289623260498 6.865805149078369 1.8929221630096436
v -5.333289623260498 6.865805149078369 1.8929221630096436
v -5.4303693771362305 6.809755802154541 1.5495455265045166
v -5.74440860748291 6.991065979003906 1.5495455265045166
v -6.058447360992432 7.17237663269043 1.5495455265045166
v -6.058447360992432 7.284475326538086 1.8929221630096436
v -5.695868492126465 7.075139999389648 1.8929221630096436
v -5.695868492126465 7.075139999389648 1.8929221630096436
v -5.74440860748291 6.991065979003906 1.5495455265045166
v -6.058447360992432 7.17237663269043 1.5495455265045166
v -6.058447360992432 7.284475326538086 1.8929221630096436
v -6.058447360992432 7.396573543548584 2.2362985610961914
v -5.6473283767700195 7.159214019775391 2.2362985610961914
v -5.6473283767700195 7.159214019775391 2.2362985610961914
v -5.695868492126465 7.075139999389648 1.8929221630096436
v -6.058447360992432 7.284475326538086 1.8929221630096436
v -5.717749118804932 5.857028484344482 2.7090518474578857
v -5.377050876617432 6.053730487823486 2.7090518474578857
v -5.517892360687256 6.135045528411865 2.7090518474578857
v -5.517892360687256 6.135045528411865 2.7090518474578857
v -5.788169860839844 5.979001045227051 2.7090518474578857
v -5.717749118804932 5.857028484344482 2.7090518474578857
v -6.739843845367432 6.447134971618652 2.7090518474578857
v -6.739843845367432 6.053730487823486 2.7090518474578857
v -6.599001884460449 6.135045528411865 2.7090518474578857
v -6.599001884460449 6.135045528411865 2.7090518474578857
v -6.599001884460449 6.447134971618652 2.7090518474578857
v -6.739843845367432 6.447134971618652 2.7090518474578857
v -5.717749118804932 7.037241458892822 2.7090518474578857
v -6.058447360992432 7.233943939208984 2.7090518474578857
v -6.058447360992432 7.071313858032227 2.7090518474578857
v -6.058447360992432 7.071313858032227 2.7090518474578857
v -5.788169860839844 6.915269374847412 2.7090518474578857
v -5.717749118804932 7.037241458892822 2.7090518474578857
v -5.6473283767700195 7.159214019775391 2.7090518474578857
v -6.058447360992432 7.396573543548584 2.7090518474578857
v -6.058447360992432 7.233943939208984 2.7090518474578857
v -6.058447360992432 7.233943939208984 2.7090518474578857
v -5.717749118804932 7.037241458892822 2.7090518474578857
v -5.6473283767700195 7.159214019775391 2.7090518474578857
v -6.880684852600098 6.447134971618652 2.7090518474578857
v -6.880684852600098 5.972415447235107 2.7090518474578857
v -6.739843845367432 6.053730487823486 2.7090518474578857
v -6.739843845367432 6.053730487823486 2.7090518474578857
v -6.739843845367432 6.447134971618652 2.7090518474578857
v -6.880684852600098 6.447134971618652 2.7090518474578857
v -5.377050876617432 6.053730487823486 2.7090518474578857
v -5.377050876617432 6.447134971618652 2.7090518474578857
v -5.517892360687256 6.447134971618652 2.7090518474578857
v -5.517892360687256 6.447134971618652 2.7090518474578857
v -5.517892360687256 6.135045528411865 2.7090518474578857
v -5.377050876617432 6.053730487823486 2.7090518474578857
v -5.236209392547607 5.972415924072266 2.7090518474578857
v -5.236209392547607 6.447134971618652 2.7090518474578857
v -5.377050876617432 6.447134971618652 2.7090518474578857
v -5.377050876617432 6.447134971618652 2.7090518474578857
v -5.377050876617432 6.053730487823486 2.7090518474578857
v -5.236209392547607 5.972415924072266 2.7090518474578857
v -6.739843845367432 6.053730487823486 2.7090518474578857
v -6.399145603179932 5.857028484344482 2.7090518474578857
v -6.3287248611450195 5.979000568389893 2.7090518474578857
v -6.3287248611450195 5.979000568389893 2.7090518474578857
v -6.599001884460449 6.135045528411865 2.7090518474578857
v -6.739843845367432 6.053730487823486 2.7090518474578857
v -6.880684852600098 5.972415447235107 2.7090518474578857
v -6.469566345214844 5.735055923461914 2.7090518474578857
v -6.399145603179932 5.857028484344482 2.7090518474578857
v -6.399145603179932 5.857028484344482 2.7090518474578857
v -6.739843845367432 6.053730487823486 2.7090518474578857
v -6.880684852600098 5.972415447235107 2.7090518474578857
v -6.058447360992432 7.233943939208984 2.7090518474578857
v -6.399145603179932 7.037241458892822 2.7090518474578857
v -6.3287248611450195 6.915268898010254 2.7090518474578857
v -6.3287248611450195 6.915268898010254 2.7090518474578857
v -6.058447360992432 7.071313858032227 2.7090518474578857
v -6.058447360992432 7.233943939208984 2.7090518474578857
v -6.058447360992432 7.396573543548584 2.7090518474578857
v -6.469566345214844 7.159214019775391 2.7090518474578857
v -6.399145603179932 7.037241458892822 2.7090518474578857
v -6.399145603179932 7.037241458892822 2.7090518474578857
v -6.058447360992432 7.233943939208984 2.7090518474578857
v -6.058447360992432 7.396573543548584 2.7090518474578857
v -5.6473283767700195 5.735055923461914 2.7090518474578857
v -5.236209392547607 5.972415924072266 2.7090518474578857
v -5.377050876617432 6.053730487823486 2.7090518474578857
v -5.377050876617432 6.053730487823486 2.7090518474578857
v -5.717749118804932 5.857028484344482 2.7090518474578857
v -5.6473283767700195 5.735055923461914 2.7090518474578857
v -5.517892360687256 6.447134971618652 2.2362985610961914
v -5.517892360687256 6.135045528411865 2.2362985610961914
v -5.517892360687256 6.135045528411865 2.7090518474578857
v -5.517892360687256 6.135045528411865 2.7090518474578857
v -5.517892360687256 6.447134971618652 2.7090518474578857
v -5.517892360687256 6.447134971618652 2.2362985610961914
v -6.599001884460449 6.447134971618652 2.2362985610961914
v -6.739843845367432 6.447134971618652 2.2362985610961914
v -6.739843845367432 6.447134971618652 2.7090518474578857
v -6.739843845367432 6.447134971618652 2.7090518474578857
v -6.599001884460449 6.447134971618652 2.7090518474578857
v -6.599001884460449 6.447134971618652 2.2362985610961914
v -6.880684852600098 6.447134971618652 2.2362985610961914
v -6.880684852600098 5.972415447235107 2.2362985610961914
v -6.880684852600098 5.972415447235107 2.7090518474578857
v -6.880684852600098 5.972415447235107 2.7090518474578857
v -6.880684852600098 6.447134971618652 2.7090518474578857
v -6.880684852600098 6.447134971618652 2.2362985610961914
v -6.399145603179932 5.857028484344482 2.2362985610961914
v -6.3287248611450195 5.979000568389893 2.2362985610961914
v -6.3287248611450195 5.979000568389893 2.7090518474578857
v -6.3287248611450195 5.979000568389893 2.7090518474578857
v -6.399145603179932 5.857028484344482 2.7090518474578857
v -6.399145603179932 5.857028484344482 2.2362985610961914
v -6.058447360992432 7.396573543548584 2.2362985610961914
v -6.469566345214844 7.159214019775391 2.2362985610961914
v -6.469566345214844 7.159214019775391 2.7090518474578857
v -6.469566345214844 7.159214019775391 2.7090518474578857
v -6.058447360992432 7.396573543548584 2.7090518474578857
v -6.058447360992432 7.396573543548584 2.2362985610961914
v -6.739843845367432 6.447134971618652 2.2362985610961914
v -6.880684852600098 6.447134971618652 2.2362985610961914
v -6.880684852600098 6.447134971618652 2.7090518474578857
v -6.880684852600098 6.447134971618652 2.7090518474578857
v -6.739843845367432 6.447134971618652 2.7090518474578857
v -6.739843845367432 6.447134971618652 2.2362985610961914
v -6.058447360992432 7.071313858032227 2.2362985610961914
v -5.788169860839844 6.915269374847412 2.2362985610961914
v -5.788169860839844 6.915269374847412 2.7090518474578857
v -5.788169860839844 6.915269374847412 2.7090518474578857
v -6.058447360992432 7.071313858032227 2.7090518474578857
v -6.058447360992432 7.071313858032227 2.2362985610961914
v -5.6473283767700195 5.735055923461914 2.2362985610961914
v -5.236209392547607 5.972415924072266 2.2362985610961914
v -5.236209392547607 5.972415924072266 2.7090518474578857
v -5.236209392547607 5.972415924072266 2.7090518474578857
v -5.6473283767700195 5.735055923461914 2.7090518474578857
v -5.6473283767700195 5.735055923461914 2.2362985610961914
v -6.469566345214844 5.735055923461914 2.2362985610961914
v -6.399145603179932 5.857028484344482 2.2362985610961914
v -6.399145603179932 5.857028484344482 2.7090518474578857
v -6.399145603179932 5.857028484344482 2.7090518474578857
v -6.469566345214844 5.735055923461914 2.7090518474578857
v -6.469566345214844 5.735055923461914 2.2362985610961914
v -5.6473283767700195 7.159214019775391 2.2362985610961914
v -6.058447360992432 7.396573543548584 2.2362985610961914
v -6.058447360992432 7.396573543548584 2.7090518474578857
v -6.058447360992432 7.396573543548584 2.7090518474578857
v -5.6473283767700195 7.159214019775391 2.7090518474578857
v -5.6473283767700195 7.159214019775391 2.2362985610961914
v -6.3287248611450195 5.979000568389893 2.2362985610961914
v -6.599001884460449 6.135045528411865 2.2362985610961914
v -6.599001884460449 6.135045528411865 2.7090518474578857
v -6.599001884460449 6.135045528411865 2.7090518474578857
v -6.3287248611450195 5.979000568389893 2.7090518474578857
v -6.3287248611450195 5.979000568389893 2.2362985610961914
v -6.880684852600098 5.972415447235107 2.2362985610961914
v -6.469566345214844 5.735055923461914 2.2362985610961914
v -6.469566345214844 5.735055923461914 2.7090518474578857
v -6.469566345214844 5.735055923461914 2.7090518474578857
v -6.880684852600098 5.972415447235107 2.7090518474578857
v -6.880684852600098 5.972415447235107 2.2362985610961914
v -5.607918739318848 7.227473258972168 -0.33507925271987915
v -5.656458854675293 7.143399238586426 0.6147058010101318
v -5.2652459144592285 6.90509033203125 0.6169634461402893
v -5.2652459144592285 6.90509033203125 0.6169634461402893
v -5.168165683746338 6.961139678955078 -0.3328216075897217
v -5.607918739318848 7.227473258972168 -0.33507925271987915
v -6.058447360992432 7.4751434326171875 -0.3328216075897217
v -6.058447360992432 7.3630452156066895 0.6169633865356445
v -5.656458854675293 7.143399238586426 0.6147058010101318
v -5.656458854675293 7.143399238586426 0.6147058010101318
v -5.607918739318848 7.227473258972168 -0.33507925271987915
v -6.058447360992432 7.4751434326171875 -0.3328216075897217
v -5.168165683746338 6.961139678955078 -0.3328216075897217
v -5.2652459144592285 6.90509033203125 0.6169634461402893
v -5.258063316345215 6.599819183349609 0.6154584884643555
v -5.258063316345215 6.599819183349609 0.6154584884643555
v -5.166898250579834 6.90069055557251 -0.33308714628219604
v -5.168165683746338 6.961139678955078 -0.3328216075897217
v -6.959504127502441 6.447134971618652 -0.33507925271987915
v -6.862423896789551 6.447134971618652 0.6147058010101318
v -6.851648807525635 6.905089855194092 0.6169634461402893
v -6.851648807525635 6.905089855194092 0.6169634461402893
v -6.948728561401367 6.96113920211792 -0.3328216075897217
v -6.959504127502441 6.447134971618652 -0.33507925271987915
v -6.948728561401367 5.933130741119385 -0.3328216075897217
v -6.851648807525635 5.989179611206055 0.6169634461402893
v -6.862423896789551 6.447134971618652 0.6147058010101318
v -6.862423896789551 6.447134971618652 0.6147058010101318
v -6.959504127502441 6.447134971618652 -0.33507925271987915
v -6.948728561401367 5.933130741119385 -0.3328216075897217
v -6.508975505828857 7.22747278213501 -0.33507925271987915
v -6.460435390472412 7.143399238586426 0.6147058010101318
v -6.058447360992432 7.3630452156066895 0.6169633865356445
v -6.058447360992432 7.3630452156066895 0.6169633865356445
v -6.058447360992432 7.4751434326171875 -0.3328216075897217
v -6.508975505828857 7.22747278213501 -0.33507925271987915
v -6.948728561401367 6.96113920211792 -0.3328216075897217
v -6.851648807525635 6.905089855194092 0.6169634461402893
v -6.460435390472412 7.143399238586426 0.6147058010101318
v -6.460435390472412 7.143399238586426 0.6147058010101318
v -6.508975505828857 7.22747278213501 -0.33507925271987915
v -6.948728561401367 6.96113920211792 -0.3328216075897217
v -6.469566345214844 7.159214019775391 -0.35002464056015015
v -6.880684852600098 6.921854019165039 -0.35002464056015015
v -6.948728561401367 6.96113920211792 -0.3328216075897217
v -6.948728561401367 6.96113920211792 -0.3328216075897217
v -6.508975505828857 7.22747278213501 -0.33507925271987915
v -6.469566345214844 7.159214019775391 -0.35002464056015015
v -6.783605098724365 6.865804672241211 0.5997604727745056
v -6.421026229858398 7.075139999389648 0.5997604131698608
v -6.460435390472412 7.143399238586426 0.6147058010101318
v -6.460435390472412 7.143399238586426 0.6147058010101318
v -6.851648807525635 6.905089855194092 0.6169634461402893
v -6.783605098724365 6.865804672241211 0.5997604727745056
v -5.236209392547607 6.921854496002197 -0.35002464056015015
v -5.6473283767700195 7.159214019775391 -0.35002464056015015
v -5.607918739318848 7.227473258972168 -0.33507925271987915
v -5.607918739318848 7.227473258972168 -0.33507925271987915
v -5.168165683746338 6.961139678955078 -0.3328216075897217
v -5.236209392547607 6.921854496002197 -0.35002464056015015
v -5.695868492126465 7.075139999389648 0.5997604131698608
v -5.333289623260498 6.865805149078369 0.5997604727745056
v -5.2652459144592285 6.90509033203125 0.6169634461402893
v -5.2652459144592285 6.90509033203125 0.6169634461402893
v -5.656458854675293 7.143399238586426 0.6147058010101318
v -5.695868492126465 7.075139999389648 0.5997604131698608
v -6.058447360992432 7.396573543548584 -0.35002464056015015
v -6.469566345214844 7.159214019775391 -0.35002464056015015
v -6.508975505828857 7.22747278213501 -0.33507925271987915
v -6.508975505828857 7.22747278213501 -0.33507925271987915
v -6.058447360992432 7.4751434326171875 -0.3328216075897217
v -6.058447360992432 7.396573543548584 -0.35002464056015015
v -6.058447360992432 7.284475326538086 0.5997604131698608
v -5.695868492126465 7.075139999389648 0.5997604131698608
v -5.656458854675293 7.143399238586426 0.6147058010101318
v -5.656458854675293 7.143399238586426 0.6147058010101318
v -6.058447360992432 7.3630452156066895 0.6169633865356445
v -6.058447360992432 7.284475326538086 0.5997604131698608
v -6.783605098724365 6.447134971618652 0.5997604727745056
v -6.783605098724365 6.865804672241211 0.5997604727745056
v -6.851648807525635 6.905089855194092 0.6169634461402893
v -6.851648807525635 6.905089855194092 0.6169634461402893
v -6.862423896789551 6.447134971618652 0.6147058010101318
v -6.783605098724365 6.447134971618652 0.5997604727745056
v -5.411607265472412 4.2773118019104 1.8929221630096436
v -5.695868492126465 4.44143009185791 1.8929221630096436
v -5.6473283767700195 4.525503635406494 2.2362985610961914
v -5.6473283767700195 4.525503635406494 2.2362985610961914
v -5.236209392547607 4.288144111633301 2.2362985610961914
v -5.3147358894348145 4.242806911468506 1.9585466384887695
v -5.6473283767700195 4.525503635406494 2.2362985610961914
v -5.3147358894348145 4.242806911468506 1.9585466384887695
v -5.411607265472412 4.2773118019104 1.8929221630096436
v -5.333289623260498 3.813424587249756 1.8929221630096436
v -5.236209392547607 3.813424587249756 2.2362985610961914
v -5.236209392547607 3.338705539703369 2.2362985610961914
v -5.236209392547607 3.338705539703369 2.2362985610961914
v -5.333289623260498 3.3947548866271973 1.8929221630096436
v -5.333289623260498 3.813424587249756 1.8929221630096436
v -5.695868492126465 3.185419797897339 1.8929221630096436
v -5.6473283767700195 3.101346015930176 2.2362985610961914
v -6.058447360992432 2.863986015319824 2.2362985610961914
v -6.058447360992432 2.863986015319824 2.2362985610961914
v -6.058447360992432 2.9760847091674805 1.8929221630096436
v -5.695868492126465 3.185419797897339 1.8929221630096436
v -6.421026229858398 3.185419797897339 1.8929221630096436
v -6.469566345214844 3.1013455390930176 2.2362985610961914
v -6.880684852600098 3.338705539703369 2.2362985610961914
v -6.880684852600098 3.338705539703369 2.2362985610961914
v -6.783605098724365 3.394754648208618 1.8929221630096436
v -6.421026229858398 3.185419797897339 1.8929221630096436
v -6.469566345214844 4.525503635406494 2.2362985610961914
v -6.399145603179932 4.403531074523926 2.2362985610961914
v -6.399145603179932 4.403531074523926 2.7090518474578857
v -6.399145603179932 4.403531074523926 2.7090518474578857
v -6.469566345214844 4.525503635406494 2.7090518474578857
v -6.469566345214844 4.525503635406494 2.2362985610961914
v -6.783605098724365 3.813424587249756 1.8929221630096436
v -6.880684852600098 3.813424587249756 2.2362985610961914
v -6.880684852600098 4.288144111633301 2.2362985610961914
v -6.880684852600098 4.288144111633301 2.2362985610961914
v -6.783605098724365 4.232094764709473 1.8929221630096436
v -6.783605098724365 3.813424587249756 1.8929221630096436
v -6.421026229858398 4.441429615020752 1.8929221630096436
v -6.469566345214844 4.525503635406494 2.2362985610961914
v -6.058447360992432 4.7628631591796875 2.2362985610961914
v -6.058447360992432 4.7628631591796875 2.2362985610961914
v -6.058447360992432 4.6507649421691895 1.8929221630096436
v -6.421026229858398 4.441429615020752 1.8929221630096436
v -6.214163780212402 4.560861587524414 0.5997604131698608
v -6.421026229858398 4.441429615020752 0.5997604131698608
v -6.372486114501953 4.357356071472168 1.5495455265045166
v -6.372486114501953 4.357356071472168 1.5495455265045166
v -6.058447360992432 4.538666248321533 1.5495455265045166
v -6.058447360992432 4.592823505401611 1.090682864189148
v -6.372486114501953 4.357356071472168 1.5495455265045166
v -6.058447360992432 4.592823505401611 1.090682864189148
v -6.214163780212402 4.560861587524414 0.5997604131698608
v -6.783605098724365 3.813424587249756 0.5997604727745056
v -6.686524868011475 3.813424587249756 1.5495455265045166
v -6.686524868011475 4.1760454177856445 1.5495455265045166
v -6.686524868011475 4.1760454177856445 1.5495455265045166
v -6.783605098724365 4.232094764709473 0.5997604727745056
v -6.783605098724365 3.813424587249756 0.5997604727745056
v -6.421026229858398 3.185419797897339 0.5997604727745056
v -6.372486114501953 3.269493579864502 1.5495455265045166
v -6.686524868011475 3.4508039951324463 1.5495455265045166
v -6.686524868011475 3.4508039951324463 1.5495455265045166
v -6.783605098724365 3.394754648208618 0.5997604727745056
v -6.421026229858398 3.185419797897339 0.5997604727745056
v -5.695868492126465 3.185419797897339 0.5997604727745056
v -5.74440860748291 3.269493579864502 1.5495455265045166
v -6.058447360992432 3.0881834030151367 1.5495455265045166
v -6.058447360992432 3.0881834030151367 1.5495455265045166
v -6.058447360992432 2.9760847091674805 0.5997604727745056
v -5.695868492126465 3.185419797897339 0.5997604727745056
v -5.517892360687256 3.813424587249756 2.2362985610961914
v -5.517892360687256 4.125514030456543 2.2362985610961914
v -5.788169860839844 4.281558990478516 2.2362985610961914
v -5.788169860839844 4.281558990478516 2.2362985610961914
v -6.058447360992432 4.437603950500488 2.2362985610961914
v -6.3287248611450195 4.281558990478516 2.2362985610961914
v -6.3287248611450195 4.281558990478516 2.2362985610961914
v -6.599001884460449 4.125514030456543 2.2362985610961914
v -6.599001884460449 3.813424587249756 2.2362985610961914
v -6.599001884460449 3.813424587249756 2.2362985610961914
v -6.599001884460449 3.5013351440429688 2.2362985610961914
v -6.3287248611450195 3.345290422439575 2.2362985610961914
v -6.3287248611450195 3.345290422439575 2.2362985610961914
v -6.058447360992432 3.1892457008361816 2.2362985610961914
v -5.788169860839844 3.3452906608581543 2.2362985610961914
v -5.788169860839844 3.3452906608581543 2.2362985610961914
v -5.517892360687256 3.5013351440429688 2.2362985610961914
v -5.517892360687256 3.813424587249756 2.2362985610961914
v -5.517892360687256 3.813424587249756 2.2362985610961914
v -5.788169860839844 4.281558990478516 2.2362985610961914
v -6.3287248611450195 4.281558990478516 2.2362985610961914
v -6.3287248611450195 4.281558990478516 2.2362985610961914
v -6.599001884460449 3.813424587249756 2.2362985610961914
v -6.3287248611450195 3.345290422439575 2.2362985610961914
v -6.3287248611450195 3.345290422439575 2.2362985610961914
v -5.788169860839844 3.3452906608581543 2.2362985610961914
v -5.517892360687256 3.813424587249756 2.2362985610961914
v -6.3287248611450195 4.281558990478516 2.2362985610961914
v -6.3287248611450195 3.345290422439575 2.2362985610961914
v -5.517892360687256 3.813424587249756 2.2362985610961914
v -6.399145603179932 4.403531074523926 2.2362985610961914
v -6.739843845367432 4.206829071044922 2.2362985610961914
v -6.599001884460449 4.125514030456543 2.2362985610961914
v -6.599001884460449 4.125514030456543 2.2362985610961914
v -6.3287248611450195 4.281558990478516 2.2362985610961914
v -6.399145603179932 4.403531074523926 2.2362985610961914
v -6.399145603179932 3.223318099975586 2.2362985610961914
v -6.058447360992432 3.026615858078003 2.2362985610961914
v -6.058447360992432 3.1892457008361816 2.2362985610961914
v -6.058447360992432 3.1892457008361816 2.2362985610961914
v -6.3287248611450195 3.345290422439575 2.2362985610961914
v -6.399145603179932 3.223318099975586 2.2362985610961914
v -5.377050876617432 3.813424587249756 2.2362985610961914
v -5.377050876617432 4.206829071044922 2.2362985610961914
v -5.517892360687256 4.125514030456543 2.2362985610961914
v -5.517892360687256 4.125514030456543 2.2362985610961914
v -5.517892360687256 3.813424587249756 2.2362985610961914
v -5.377050876617432 3.813424587249756 2.2362985610961914
v -6.599001884460449 3.5013351440429688 2.2362985610961914
v -6.599001884460449 3.813424587249756 2.2362985610961914
v -6.599001884460449 3.813424587249756 2.7090518474578857
v -6.599001884460449 3.813424587249756 2.7090518474578857
v -6.599001884460449 3.5013351440429688 2.7090518474578857
v -6.599001884460449 3.5013351440429688 2.2362985610961914
v -5.236209392547607 3.813424587249756 2.2362985610961914
v -5.377050876617432 3.813424587249756 2.2362985610961914
v -5.377050876617432 3.813424587249756 2.7090518474578857
v -5.377050876617432 3.813424587249756 2.7090518474578857
v -5.236209392547607 3.813424587249756 2.7090518474578857
v -5.236209392547607 3.813424587249756 2.2362985610961914
v -5.377050876617432 4.206829071044922 2.2362985610961914
v -5.717749118804932 4.403531551361084 2.2362985610961914
v -5.788169860839844 4.281558990478516 2.2362985610961914
v -5.788169860839844 4.281558990478516 2.2362985610961914
v -5.517892360687256 4.125514030456543 2.2362985610961914
v -5.377050876617432 4.206829071044922 2.2362985610961914
v -5.236209392547607 4.288144111633301 2.2362985610961914
v -5.6473283767700195 4.525503635406494 2.2362985610961914
v -5.717749118804932 4.403531551361084 2.2362985610961914
v -5.717749118804932 4.403531551361084 2.2362985610961914
v -5.377050876617432 4.206829071044922 2.2362985610961914
v -5.236209392547607 4.288144111633301 2.2362985610961914
v -6.399145603179932 4.403531074523926 2.2362985610961914
v -6.3287248611450195 4.281558990478516 2.2362985610961914
v -6.3287248611450195 4.281558990478516 2.7090518474578857
v -6.3287248611450195 4.281558990478516 2.7090518474578857
v -6.399145603179932 4.403531074523926 2.7090518474578857
v -6.399145603179932 4.403531074523926 2.2362985610961914
v -6.739843845367432 4.206829071044922 2.2362985610961914
v -6.739843845367432 3.813424587249756 2.2362985610961914
v -6.599001884460449 3.813424587249756 2.2362985610961914
v -6.599001884460449 3.813424587249756 2.2362985610961914
v -6.599001884460449 4.125514030456543 2.2362985610961914
v -6.739843845367432 4.206829071044922 2.2362985610961914
v -6.880684852600098 4.288144111633301 2.2362985610961914
v -6.880684852600098 3.813424587249756 2.2362985610961914
v -6.739843845367432 3.813424587249756 2.2362985610961914
v -6.739843845367432 3.813424587249756 2.2362985610961914
v -6.739843845367432 4.206829071044922 2.2362985610961914
v -6.880684852600098 4.288144111633301 2.2362985610961914
v -5.717749118804932 3.223318099975586 2.2362985610961914
v -5.6473283767700195 3.101346015930176 2.2362985610961914
v -5.6473283767700195 3.101346015930176 2.7090518474578857
v -5.6473283767700195 3.101346015930176 2.7090518474578857
v -5.717749118804932 3.223318099975586 2.7090518474578857
v -5.717749118804932 3.223318099975586 2.2362985610961914
v -5.717749118804932 4.403531551361084 2.2362985610961914
v -5.6473283767700195 4.525503635406494 2.2362985610961914
v -5.6473283767700195 4.525503635406494 2.7090518474578857
v -5.6473283767700195 4.525503635406494 2.7090518474578857
v -5.717749118804932 4.403531551361084 2.7090518474578857
v -5.717749118804932 4.403531551361084 2.2362985610961914
v -5.377050876617432 3.813424587249756 2.2362985610961914
v -5.517892360687256 3.813424587249756 2.2362985610961914
v -5.517892360687256 3.813424587249756 2.7090518474578857
v -5.517892360687256 3.813424587249756 2.7090518474578857
v -5.377050876617432 3.813424587249756 2.7090518474578857
v -5.377050876617432 3.813424587249756 2.2362985610961914
v -5.236209392547607 3.813424587249756 2.2362985610961914
v -5.236209392547607 4.288144111633301 2.2362985610961914
v -5.377050876617432 4.206829071044922 2.2362985610961914
v -5.377050876617432 4.206829071044922 2.2362985610961914
v -5.377050876617432 3.813424587249756 2.2362985610961914
v -5.236209392547607 3.813424587249756 2.2362985610961914
v -6.3287248611450195 4.281558990478516 2.2362985610961914
v -6.058447360992432 4.437603950500488 2.2362985610961914
v -6.058447360992432 4.437603950500488 2.7090518474578857
v -6.058447360992432 4.437603950500488 2.7090518474578857
v -6.3287248611450195 4.281558990478516 2.7090518474578857
v -6.3287248611450195 4.281558990478516 2.2362985610961914
v -5.788169860839844 3.3452906608581543 2.2362985610961914
v -5.717749118804932 3.223318099975586 2.2362985610961914
v -5.717749118804932 3.223318099975586 2.7090518474578857
v -5.717749118804932 3.223318099975586 2.7090518474578857
v -5.788169860839844 3.3452906608581543 2.7090518474578857
v -5.788169860839844 3.3452906608581543 2.2362985610961914
v -6.469566345214844 3.1013455390930176 2.2362985610961914
v -6.058447360992432 2.863986015319824 2.2362985610961914
v -6.058447360992432 3.026615858078003 2.2362985610961914
v -6.058447360992432 3.026615858078003 2.2362985610961914
v -6.399145603179932 3.223318099975586 2.2362985610961914
v -6.469566345214844 3.1013455390930176 2.2362985610961914
v -5.788169860839844 4.281558990478516 2.2362985610961914
v -5.717749118804932 4.403531551361084 2.2362985610961914
v -5.717749118804932 4.403531551361084 2.7090518474578857
v -5.717749118804932 4.403531551361084 2.7090518474578857
v -5.788169860839844 4.281558990478516 2.7090518474578857
v -5.788169860839844 4.281558990478516 2.2362985610961914
v -5.236209392547607 3.338705539703369 2.2362985610961914
v -5.236209392547607 3.813424587249756 2.2362985610961914
v -5.236209392547607 3.813424587249756 2.7090518474578857
v -5.236209392547607 3.813424587249756 2.7090518474578857
v -5.236209392547607 3.338705539703369 2.7090518474578857
v -5.236209392547607 3.338705539703369 2.2362985610961914
v -6.469566345214844 4.525503635406494 2.2362985610961914
v -6.880684852600098 4.288144111633301 2.2362985610961914
v -6.739843845367432 4.206829071044922 2.2362985610961914
v -6.739843845367432 4.206829071044922 2.2362985610961914
v -6.399145603179932 4.403531074523926 2.2362985610961914
v -6.469566345214844 4.525503635406494 2.2362985610961914
v -6.058447360992432 2.9760847091674805 0.5997604727745056
v -6.421026229858398 3.185419797897339 0.5997604727745056
v -6.460435390472412 3.1171605587005615 0.6147058010101318
v -6.460435390472412 3.1171605587005615 0.6147058010101318
v -6.058447360992432 2.897514581680298 0.6169634461402893
v -6.058447360992432 2.9760847091674805 0.5997604727745056
v -6.880684852600098 4.288144111633301 -0.35002464056015015
v -6.880684852600098 3.813424587249756 -0.35002464056015015
v -6.959504127502441 3.813424587249756 -0.33507925271987915
v -6.959504127502441 3.813424587249756 -0.33507925271987915
v -6.948728561401367 4.327428817749023 -0.3328216075897217
v -6.880684852600098 4.288144111633301 -0.35002464056015015
v -6.421026229858398 4.441429615020752 0.5997604131698608
v -6.214163780212402 4.560861587524414 0.5997604131698608
v -6.208975791931152 4.6470866203308105 0.6161180138587952
v -6.208975791931152 4.6470866203308105 0.6161180138587952
v -6.460435390472412 4.509688854217529 0.6147058010101318
v -6.421026229858398 4.441429615020752 0.5997604131698608
v -6.421026229858398 3.185419797897339 0.5997604727745056
v -6.783605098724365 3.394754648208618 0.5997604727745056
v -6.851648807525635 3.3554697036743164 0.6169634461402893
v -6.851648807525635 3.3554697036743164 0.6169634461402893
v -6.460435390472412 3.1171605587005615 0.6147058010101318
v -6.421026229858398 3.185419797897339 0.5997604727745056
v -5.333289623260498 3.3947548866271973 0.5997604727745056
v -5.430369853973389 3.4508042335510254 1.5495455265045166
v -5.74440860748291 3.269493579864502 1.5495455265045166
v -5.74440860748291 3.269493579864502 1.5495455265045166
v -5.695868492126465 3.185419797897339 0.5997604727745056
v -5.333289623260498 3.3947548866271973 0.5997604727745056
v -5.6473283767700195 3.101346015930176 -0.35002464056015015
v -5.236209392547607 3.338705539703369 -0.35002464056015015
v -5.168165683746338 3.2994203567504883 -0.3328216075897217
v -5.168165683746338 3.2994203567504883 -0.3328216075897217
v -5.607918739318848 3.0330867767333984 -0.33507925271987915
v -5.6473283767700195 3.101346015930176 -0.35002464056015015
v -6.058447360992432 2.9760847091674805 0.5997604727745056
v -6.058447360992432 3.0881834030151367 1.5495455265045166
v -6.372486114501953 3.269493579864502 1.5495455265045166
v -6.372486114501953 3.269493579864502 1.5495455265045166
v -6.421026229858398 3.185419797897339 0.5997604727745056
v -6.058447360992432 2.9760847091674805 0.5997604727745056
v -5.236209392547607 3.338705539703369 -0.35002464056015015
v -5.236209392547607 3.356130838394165 -0.35002464056015015
v -5.166864395141602 3.3615009784698486 -0.3330942392349243
v -5.166864395141602 3.3615009784698486 -0.3330942392349243
v -5.168165683746338 3.2994203567504883 -0.3328216075897217
v -5.236209392547607 3.338705539703369 -0.35002464056015015
v -6.880684852600098 3.813424587249756 -0.35002464056015015
v -6.880684852600098 3.338705539703369 -0.35002464056015015
v -6.948728561401367 3.2994203567504883 -0.3328216075897217
v -6.948728561401367 3.2994203567504883 -0.3328216075897217
v -6.959504127502441 3.813424587249756 -0.33507925271987915
v -6.880684852600098 3.813424587249756 -0.35002464056015015
v -6.783605098724365 3.394754648208618 0.5997604727745056
v -6.686524868011475 3.4508039951324463 1.5495455265045166
v -6.686524868011475 3.813424587249756 1.5495455265045166
v -6.686524868011475 3.813424587249756 1.5495455265045166
v -6.783605098724365 3.813424587249756 0.5997604727745056
v -6.783605098724365 3.394754648208618 0.5997604727745056
v -6.880684852600098 3.338705539703369 -0.35002464056015015
v -6.469566345214844 3.1013455390930176 -0.35002464056015015
v -6.508975505828857 3.0330867767333984 -0.33507925271987915
v -6.508975505828857 3.0330867767333984 -0.33507925271987915
v -6.948728561401367 3.2994203567504883 -0.3328216075897217
v -6.880684852600098 3.338705539703369 -0.35002464056015015
v -6.783605098724365 3.394754648208618 0.5997604727745056
v -6.783605098724365 3.813424587249756 0.5997604727745056
v -6.862423896789551 3.813424587249756 0.6147058010101318
v -6.862423896789551 3.813424587249756 0.6147058010101318
v -6.851648807525635 3.3554697036743164 0.6169634461402893
v -6.783605098724365 3.394754648208618 0.5997604727745056
v -6.783605098724365 4.232094764709473 0.5997604727745056
v -6.686524868011475 4.1760454177856445 1.5495455265045166
v -6.372486114501953 4.357356071472168 1.5495455265045166
v -6.372486114501953 4.357356071472168 1.5495455265045166
v -6.421026229858398 4.441429615020752 0.5997604131698608
v -6.783605098724365 4.232094764709473 0.5997604727745056
v -6.372486114501953 4.357356071472168 1.5495455265045166
v -6.421026229858398 4.441429615020752 1.8929221630096436
v -6.058447360992432 4.6507649421691895 1.8929221630096436
v -6.058447360992432 4.6507649421691895 1.8929221630096436
v -6.058447360992432 4.538666248321533 1.5495455265045166
v -6.372486114501953 4.357356071472168 1.5495455265045166
v -6.686524868011475 4.1760454177856445 1.5495455265045166
v -6.783605098724365 4.232094764709473 1.8929221630096436
v -6.421026229858398 4.441429615020752 1.8929221630096436
v -6.421026229858398 4.441429615020752 1.8929221630096436
v -6.372486114501953 4.357356071472168 1.5495455265045166
v -6.686524868011475 4.1760454177856445 1.5495455265045166
v -6.783605098724365 4.232094764709473 1.8929221630096436
v -6.880684852600098 4.288144111633301 2.2362985610961914
v -6.469566345214844 4.525503635406494 2.2362985610961914
v -6.469566345214844 4.525503635406494 2.2362985610961914
v -6.421026229858398 4.441429615020752 1.8929221630096436
v -6.783605098724365 4.232094764709473 1.8929221630096436
v -6.686524868011475 3.813424587249756 1.5495455265045166
v -6.783605098724365 3.813424587249756 1.8929221630096436
v -6.783605098724365 4.232094764709473 1.8929221630096436
v -6.783605098724365 4.232094764709473 1.8929221630096436
v -6.686524868011475 4.1760454177856445 1.5495455265045166
v -6.686524868011475 3.813424587249756 1.5495455265045166
v -6.686524868011475 3.4508039951324463 1.5495455265045166
v -6.783605098724365 3.394754648208618 1.8929221630096436
v -6.783605098724365 3.813424587249756 1.8929221630096436
v -6.783605098724365 3.813424587249756 1.8929221630096436
v -6.686524868011475 3.813424587249756 1.5495455265045166
v -6.686524868011475 3.4508039951324463 1.5495455265045166
v -6.783605098724365 3.394754648208618 1.8929221630096436
v -6.880684852600098 3.338705539703369 2.2362985610961914
v -6.880684852600098 3.813424587249756 2.2362985610961914
v -6.880684852600098 3.813424587249756 2.2362985610961914
v -6.783605098724365 3.813424587249756 1.8929221630096436
v -6.783605098724365 3.394754648208618 1.8929221630096436
v -6.058447360992432 3.026615858078003 2.2362985610961914
v -5.717749118804932 3.223318099975586 2.2362985610961914
v -5.788169860839844 3.3452906608581543 2.2362985610961914
v -5.788169860839844 3.3452906608581543 2.2362985610961914
v -6.058447360992432 3.1892457008361816 2.2362985610961914
v -6.058447360992432 3.026615858078003 2.2362985610961914
v -6.058447360992432 2.863986015319824 2.2362985610961914
v -5.6473283767700195 3.101346015930176 2.2362985610961914
v -5.717749118804932 3.223318099975586 2.2362985610961914
v -5.717749118804932 3.223318099975586 2.2362985610961914
v -6.058447360992432 3.026615858078003 2.2362985610961914
v -6.058447360992432 2.863986015319824 2.2362985610961914
v -5.517892360687256 3.5013351440429688 2.2362985610961914
v -5.788169860839844 3.3452906608581543 2.2362985610961914
v -5.788169860839844 3.3452906608581543 2.7090518474578857
v -5.788169860839844 3.3452906608581543 2.7090518474578857
v -5.517892360687256 3.5013351440429688 2.7090518474578857
v -5.517892360687256 3.5013351440429688 2.2362985610961914
v -6.372486114501953 3.269493579864502 1.5495455265045166
v -6.421026229858398 3.185419797897339 1.8929221630096436
v -6.783605098724365 3.394754648208618 1.8929221630096436
v -6.783605098724365 3.394754648208618 1.8929221630096436
v -6.686524868011475 3.4508039951324463 1.5495455265045166
v -6.372486114501953 3.269493579864502 1.5495455265045166
v -6.058447360992432 3.0881834030151367 1.5495455265045166
v -6.058447360992432 2.9760847091674805 1.8929221630096436
v -6.421026229858398 3.185419797897339 1.8929221630096436
v -6.421026229858398 3.185419797897339 1.8929221630096436
v -6.372486114501953 3.269493579864502 1.5495455265045166
v -6.058447360992432 3.0881834030151367 1.5495455265045166
v -6.058447360992432 2.9760847091674805 1.8929221630096436
v -6.058447360992432 2.863986015319824 2.2362985610961914
v -6.469566345214844 3.1013455390930176 2.2362985610961914
v -6.469566345214844 3.1013455390930176 2.2362985610961914
v -6.421026229858398 3.185419797897339 1.8929221630096436
v -6.058447360992432 2.9760847091674805 1.8929221630096436
v -5.74440860748291 3.269493579864502 1.5495455265045166
v -5.695868492126465 3.185419797897339 1.8929221630096436
v -6.058447360992432 2.9760847091674805 1.8929221630096436
v -6.058447360992432 2.9760847091674805 1.8929221630096436
v -6.058447360992432 3.0881834030151367 1.5495455265045166
v -5.74440860748291 3.269493579864502 1.5495455265045166
v -5.430369853973389 3.4508042335510254 1.5495455265045166
v -5.333289623260498 3.3947548866271973 1.8929221630096436
v -5.695868492126465 3.185419797897339 1.8929221630096436
v -5.695868492126465 3.185419797897339 1.8929221630096436
v -5.74440860748291 3.269493579864502 1.5495455265045166
v -5.430369853973389 3.4508042335510254 1.5495455265045166
v -5.333289623260498 3.3947548866271973 1.8929221630096436
v -5.236209392547607 3.338705539703369 2.2362985610961914
v -5.6473283767700195 3.101346015930176 2.2362985610961914
v -5.6473283767700195 3.101346015930176 2.2362985610961914
v -5.695868492126465 3.185419797897339 1.8929221630096436
v -5.333289623260498 3.3947548866271973 1.8929221630096436
v -5.4303693771362305 3.813424587249756 1.5495455265045166
v -5.333289623260498 3.813424587249756 1.8929221630096436
v -5.333289623260498 3.3947548866271973 1.8929221630096436
v -5.333289623260498 3.3947548866271973 1.8929221630096436
v -5.430369853973389 3.4508042335510254 1.5495455265045166
v -5.4303693771362305 3.813424587249756 1.5495455265045166
v -5.540558815002441 4.239663124084473 1.5495455265045166
v -5.74440860748291 4.357356071472168 1.5495455265045166
v -5.695868492126465 4.44143009185791 1.8929221630096436
v -5.695868492126465 4.44143009185791 1.8929221630096436
v -5.411607265472412 4.2773118019104 1.8929221630096436
v -5.540558815002441 4.323243141174316 1.8055646419525146
v -5.695868492126465 4.44143009185791 1.8929221630096436
v -5.540558815002441 4.323243141174316 1.8055646419525146
v -5.540558815002441 4.239663124084473 1.5495455265045166
v -6.058447360992432 4.538666248321533 1.5495455265045166
v -6.058447360992432 4.6507649421691895 1.8929221630096436
v -5.695868492126465 4.44143009185791 1.8929221630096436
v -5.695868492126465 4.44143009185791 1.8929221630096436
v -5.74440860748291 4.357356071472168 1.5495455265045166
v -6.058447360992432 4.538666248321533 1.5495455265045166
v -6.058447360992432 4.6507649421691895 1.8929221630096436
v -6.058447360992432 4.7628631591796875 2.2362985610961914
v -5.6473283767700195 4.525503635406494 2.2362985610961914
v -5.6473283767700195 4.525503635406494 2.2362985610961914
v -5.695868492126465 4.44143009185791 1.8929221630096436
v -6.058447360992432 4.6507649421691895 1.8929221630096436
v -5.717749118804932 3.223318099975586 2.7090518474578857
v -5.377050876617432 3.420020341873169 2.7090518474578857
v -5.517892360687256 3.5013351440429688 2.7090518474578857
v -5.517892360687256 3.5013351440429688 2.7090518474578857
v -5.788169860839844 3.3452906608581543 2.7090518474578857
v -5.717749118804932 3.223318099975586 2.7090518474578857
v -6.739843845367432 3.813424587249756 2.7090518474578857
v -6.739843845367432 3.42002010345459 2.7090518474578857
v -6.599001884460449 3.5013351440429688 2.7090518474578857
v -6.599001884460449 3.5013351440429688 2.7090518474578857
v -6.599001884460449 3.813424587249756 2.7090518474578857
v -6.739843845367432 3.813424587249756 2.7090518474578857
v -5.717749118804932 4.403531551361084 2.7090518474578857
v -6.058447360992432 4.600233554840088 2.7090518474578857
v -6.058447360992432 4.437603950500488 2.7090518474578857
v -6.058447360992432 4.437603950500488 2.7090518474578857
v -5.788169860839844 4.281558990478516 2.7090518474578857
v -5.717749118804932 4.403531551361084 2.7090518474578857
v -5.6473283767700195 4.525503635406494 2.7090518474578857
v -6.058447360992432 4.7628631591796875 2.7090518474578857
v -6.058447360992432 4.600233554840088 2.7090518474578857
v -6.058447360992432 4.600233554840088 2.7090518474578857
v -5.717749118804932 4.403531551361084 2.7090518474578857
v -5.6473283767700195 4.525503635406494 2.7090518474578857
v -6.880684852600098 3.813424587249756 2.7090518474578857
v -6.880684852600098 3.338705539703369 2.7090518474578857
v -6.739843845367432 3.42002010345459 2.7090518474578857
v -6.739843845367432 3.42002010345459 2.7090518474578857
v -6.739843845367432 3.813424587249756 2.7090518474578857
v -6.880684852600098 3.813424587249756 2.7090518474578857
v -5.377050876617432 3.420020341873169 2.7090518474578857
v -5.377050876617432 3.813424587249756 2.7090518474578857
v -5.517892360687256 3.813424587249756 2.7090518474578857
v -5.517892360687256 3.813424587249756 2.7090518474578857
v -5.517892360687256 3.5013351440429688 2.7090518474578857
v -5.377050876617432 3.420020341873169 2.7090518474578857
v -5.236209392547607 3.338705539703369 2.7090518474578857
v -5.236209392547607 3.813424587249756 2.7090518474578857
v -5.377050876617432 3.813424587249756 2.7090518474578857
v -5.377050876617432 3.813424587249756 2.7090518474578857
v -5.377050876617432 3.420020341873169 2.7090518474578857
v -5.236209392547607 3.338705539703369 2.7090518474578857
v -6.739843845367432 3.42002010345459 2.7090518474578857
v -6.399145603179932 3.223318099975586 2.7090518474578857
v -6.3287248611450195 3.345290422439575 2.7090518474578857
v -6.3287248611450195 3.345290422439575 2.7090518474578857
v -6.599001884460449 3.5013351440429688 2.7090518474578857
v -6.739843845367432 3.42002010345459 2.7090518474578857
v -6.880684852600098 3.338705539703369 2.7090518474578857
v -6.469566345214844 3.1013455390930176 2.7090518474578857
v -6.399145603179932 3.223318099975586 2.7090518474578857
v -6.399145603179932 3.223318099975586 2.7090518474578857
v -6.739843845367432 3.42002010345459 2.7090518474578857
v -6.880684852600098 3.338705539703369 2.7090518474578857
v -6.058447360992432 4.600233554840088 2.7090518474578857
v -6.399145603179932 4.403531074523926 2.7090518474578857
v -6.3287248611450195 4.281558990478516 2.7090518474578857
v -6.3287248611450195 4.281558990478516 2.7090518474578857
v -6.058447360992432 4.437603950500488 2.7090518474578857
v -6.058447360992432 4.600233554840088 2.7090518474578857
v -6.058447360992432 4.7628631591796875 2.7090518474578857
v -6.469566345214844 4.525503635406494 2.7090518474578857
v -6.399145603179932 4.403531074523926 2.7090518474578857
v -6.399145603179932 4.403531074523926 2.7090518474578857
v -6.058447360992432 4.600233554840088 2.7090518474578857
v -6.058447360992432 4.7628631591796875 2.7090518474578857
v -5.6473283767700195 3.101346015930176 2.7090518474578857
v -5.236209392547607 3.338705539703369 2.7090518474578857
v -5.377050876617432 3.420020341873169 2.7090518474578857
v -5.377050876617432 3.420020341873169 2.7090518474578857
v -5.717749118804932 3.223318099975586 2.7090518474578857
v -5.6473283767700195 3.101346015930176 2.7090518474578857
v -5.517892360687256 3.813424587249756 2.2362985610961914
v -5.517892360687256 3.5013351440429688 2.2362985610961914
v -5.517892360687256 3.5013351440429688 2.7090518474578857
v -5.517892360687256 3.5013351440429688 2.7090518474578857
v -5.517892360687256 3.813424587249756 2.7090518474578857
v -5.517892360687256 3.813424587249756 2.2362985610961914
v -6.599001884460449 3.813424587249756 2.2362985610961914
v -6.739843845367432 3.813424587249756 2.2362985610961914
v -6.739843845367432 3.813424587249756 2.7090518474578857
v -6.739843845367432 3.813424587249756 2.7090518474578857
v -6.599001884460449 3.813424587249756 2.7090518474578857
v -6.599001884460449 3.813424587249756 2.2362985610961914
v -6.880684852600098 3.813424587249756 2.2362985610961914
v -6.880684852600098 3.338705539703369 2.2362985610961914
v -6.880684852600098 3.338705539703369 2.7090518474578857
v -6.880684852600098 3.338705539703369 2.7090518474578857
v -6.880684852600098 3.813424587249756 2.7090518474578857
v -6.880684852600098 3.813424587249756 2.2362985610961914
v -6.399145603179932 3.223318099975586 2.2362985610961914
v -6.3287248611450195 3.345290422439575 2.2362985610961914
v -6.3287248611450195 3.345290422439575 2.7090518474578857
v -6.3287248611450195 3.345290422439575 2.7090518474578857
v -6.399145603179932 3.223318099975586 2.7090518474578857
v -6.399145603179932 3.223318099975586 2.2362985610961914
v -6.058447360992432 4.7628631591796875 2.2362985610961914
v -6.469566345214844 4.525503635406494 2.2362985610961914
v -6.469566345214844 4.525503635406494 2.7090518474578857
v -6.469566345214844 4.525503635406494 2.7090518474578857
v -6.058447360992432 4.7628631591796875 2.7090518474578857
v -6.058447360992432 4.7628631591796875 2.2362985610961914
v -6.739843845367432 3.813424587249756 2.2362985610961914
v -6.880684852600098 3.813424587249756 2.2362985610961914
v -6.880684852600098 3.813424587249756 2.7090518474578857
v -6.880684852600098 3.813424587249756 2.7090518474578857
v -6.739843845367432 3.813424587249756 2.7090518474578857
v -6.739843845367432 3.813424587249756 2.2362985610961914
v -6.058447360992432 4.437603950500488 2.2362985610961914
v -5.788169860839844 4.281558990478516 2.2362985610961914
v -5.788169860839844 4.281558990478516 2.7090518474578857
v -5.788169860839844 4.281558990478516 2.7090518474578857
v -6.058447360992432 4.437603950500488 2.7090518474578857
v -6.058447360992432 4.437603950500488 2.2362985610961914
v -5.6473283767700195 3.101346015930176 2.2362985610961914
v -5.236209392547607 3.338705539703369 2.2362985610961914
v -5.236209392547607 3.338705539703369 2.7090518474578857
v -5.236209392547607 3.338705539703369 2.7090518474578857
v -5.6473283767700195 3.101346015930176 2.7090518474578857
v -5.6473283767700195 3.101346015930176 2.2362985610961914
v -6.469566345214844 3.1013455390930176 2.2362985610961914
v -6.399145603179932 3.223318099975586 2.2362985610961914
v -6.399145603179932 3.223318099975586 2.7090518474578857
v -6.399145603179932 3.223318099975586 2.7090518474578857
v -6.469566345214844 3.1013455390930176 2.7090518474578857
v -6.469566345214844 3.1013455390930176 2.2362985610961914
v -5.6473283767700195 4.525503635406494 2.2362985610961914
v -6.058447360992432 4.7628631591796875 2.2362985610961914
v -6.058447360992432 4.7628631591796875 2.7090518474578857
v -6.058447360992432 4.7628631591796875 2.7090518474578857
v -5.6473283767700195 4.525503635406494 2.7090518474578857
v -5.6473283767700195 4.525503635406494 2.2362985610961914
v -6.3287248611450195 3.345290422439575 2.2362985610961914
v -6.599001884460449 3.5013351440429688 2.2362985610961914
v -6.599001884460449 3.5013351440429688 2.7090518474578857
v -6.599001884460449 3.5013351440429688 2.7090518474578857
v -6.3287248611450195 3.345290422439575 2.7090518474578857
v -6.3287248611450195 3.345290422439575 2.2362985610961914
v -6.880684852600098 3.338705539703369 2.2362985610961914
v -6.469566345214844 3.1013455390930176 2.2362985610961914
v -6.469566345214844 3.1013455390930176 2.7090518474578857
v -6.469566345214844 3.1013455390930176 2.7090518474578857
v -6.880684852600098 3.338705539703369 2.7090518474578857
v -6.880684852600098 3.338705539703369 2.2362985610961914
v -5.607918739318848 3.0330867767333984 -0.33507925271987915
v -5.656458854675293 3.1171605587005615 0.6147058010101318
v -6.058447360992432 2.897514581680298 0.6169634461402893
v -6.058447360992432 2.897514581680298 0.6169634461402893
v -6.058447360992432 2.7854158878326416 -0.3328216075897217
v -5.607918739318848 3.0330867767333984 -0.33507925271987915
v -5.168165683746338 3.2994203567504883 -0.3328216075897217
v -5.2652459144592285 3.3554697036743164 0.6169634461402893
v -5.656458854675293 3.1171605587005615 0.6147058010101318
v -5.656458854675293 3.1171605587005615 0.6147058010101318
v -5.607918739318848 3.0330867767333984 -0.33507925271987915
v -5.168165683746338 3.2994203567504883 -0.3328216075897217
v -6.508975505828857 3.0330867767333984 -0.33507925271987915
v -6.460435390472412 3.1171605587005615 0.6147058010101318
v -6.851648807525635 3.3554697036743164 0.6169634461402893
v -6.851648807525635 3.3554697036743164 0.6169634461402893
v -6.948728561401367 3.2994203567504883 -0.3328216075897217
v -6.508975505828857 3.0330867767333984 -0.33507925271987915
v -6.058447360992432 2.7854158878326416 -0.3328216075897217
v -6.058447360992432 2.897514581680298 0.6169634461402893
v -6.460435390472412 3.1171605587005615 0.6147058010101318
v -6.460435390472412 3.1171605587005615 0.6147058010101318
v -6.508975505828857 3.0330867767333984 -0.33507925271987915
v -6.058447360992432 2.7854158878326416 -0.3328216075897217
v -6.959504127502441 3.813424587249756 -0.33507925271987915
v -6.862423896789551 3.813424587249756 0.6147058010101318
v -6.851648807525635 4.2713799476623535 0.6169634461402893
v -6.851648807525635 4.2713799476623535 0.6169634461402893
v -6.948728561401367 4.327428817749023 -0.3328216075897217
v -6.959504127502441 3.813424587249756 -0.33507925271987915
v -6.948728561401367 3.2994203567504883 -0.3328216075897217
v -6.851648807525635 3.3554697036743164 0.6169634461402893
v -6.862423896789551 3.813424587249756 0.6147058010101318
v -6.862423896789551 3.813424587249756 0.6147058010101318
v -6.959504127502441 3.813424587249756 -0.33507925271987915
v -6.948728561401367 3.2994203567504883 -0.3328216075897217
v -6.510684967041016 4.592727184295654 -0.33507049083709717
v -6.948728561401367 4.327428817749023 -0.3328216075897217
v -6.851648807525635 4.2713799476623535 0.6169634461402893
v -6.851648807525635 4.2713799476623535 0.6169634461402893
v -6.460435390472412 4.509688854217529 0.6147058010101318
v -6.5086469650268555 4.593193054199219 -0.32864445447921753
v -6.851648807525635 4.2713799476623535 0.6169634461402893
v -6.5086469650268555 4.593193054199219 -0.32864445447921753
v -6.510684967041016 4.592727184295654 -0.33507049083709717
v -6.783605098724365 4.232094764709473 0.5997604727745056
v -6.421026229858398 4.441429615020752 0.5997604131698608
v -6.460435390472412 4.509688854217529 0.6147058010101318
v -6.460435390472412 4.509688854217529 0.6147058010101318
v -6.851648807525635 4.2713799476623535 0.6169634461402893
v -6.783605098724365 4.232094764709473 0.5997604727745056
v -6.058447360992432 2.863986015319824 -0.35002464056015015
v -5.6473283767700195 3.101346015930176 -0.35002464056015015
v -5.607918739318848 3.0330867767333984 -0.33507925271987915
v -5.607918739318848 3.0330867767333984 -0.33507925271987915
v -6.058447360992432 2.7854158878326416 -0.3328216075897217
v -6.058447360992432 2.863986015319824 -0.35002464056015015
v -6.469566345214844 3.1013455390930176 -0.35002464056015015
v -6.058447360992432 2.863986015319824 -0.35002464056015015
v -6.058447360992432 2.7854158878326416 -0.3328216075897217
v -6.058447360992432 2.7854158878326416 -0.3328216075897217
v -6.508975505828857 3.0330867767333984 -0.33507925271987915
v -6.469566345214844 3.1013455390930176 -0.35002464056015015
v -5.695868492126465 3.185419797897339 0.5997604727745056
v -6.058447360992432 2.9760847091674805 0.5997604727745056
v -6.058447360992432 2.897514581680298 0.6169634461402893
v -6.058447360992432 2.897514581680298 0.6169634461402893
v -5.656458854675293 3.1171605587005615 0.6147058010101318
v -5.695868492126465 3.185419797897339 0.5997604727745056
v -6.783605098724365 3.813424587249756 0.5997604727745056
v -6.783605098724365 4.232094764709473 0.5997604727745056
v -6.851648807525635 4.2713799476623535 0.6169634461402893
v -6.851648807525635 4.2713799476623535 0.6169634461402893
v -6.862423896789551 3.813424587249756 0.6147058010101318
v -6.783605098724365 3.813424587249756 0.5997604727745056
v -5.333289623260498 3.3947548866271973 0.5997604727745056
v -5.695868492126465 3.185419797897339 0.5997604727745056
v -5.656458854675293 3.1171605587005615 0.6147058010101318
v -5.656458854675293 3.1171605587005615 0.6147058010101318
v -5.2652459144592285 3.3554697036743164 0.6169634461402893
v -5.333289623260498 3.3947548866271973 0.5997604727745056
v -5.406593322753906 3.935655117034912 1.3169276714324951
v -5.148982048034668 3.935655117034912 1.4041860103607178
v -5.148982524871826 3.935655117034912 2.0708351135253906
v -5.148982524871826 3.935655117034912 2.0708351135253906
v -5.3147358894348145 3.935655117034912 1.9585468769073486
v -5.333289623260498 3.935655117034912 1.8929221630096436
v -5.333289623260498 3.935655117034912 1.8929221630096436
v -5.4303693771362305 3.935655117034912 1.5495455265045166
v -5.406593322753906 3.935655117034912 1.3169276714324951
v -5.148982524871826 3.935655117034912 2.0708351135253906
v -5.333289623260498 3.935655117034912 1.8929221630096436
v -5.406593322753906 3.935655117034912 1.3169276714324951
v -4.757405757904053 4.059713363647461 2.3361058235168457
v -5.148982524871826 4.059713363647461 2.0708351135253906
v -5.185415267944336 4.059713363647461 2.124615430831909
v -5.185415267944336 4.059713363647461 2.124615430831909
v -4.757405757904053 4.059713363647461 2.40106463432312
v -4.757405757904053 4.059713363647461 2.3361058235168457
v -5.148982048034668 6.30428409576416 1.4041860103607178
v -5.148982048034668 6.30428409576416 1.0673956871032715
v -5.381087779998779 6.30428409576416 1.0673956871032715
v -5.381087779998779 6.30428409576416 1.0673956871032715
v -5.406593322753906 6.30428409576416 1.3169275522232056
v -5.148982048034668 6.30428409576416 1.4041860103607178
v -4.383356094360352 6.30428409576416 1.4101228713989258
v -4.38335657119751 6.30428409576416 1.0673956871032715
v -4.7574052810668945 6.30428409576416 1.0673956871032715
v -4.7574052810668945 6.30428409576416 1.0673956871032715
v -4.7574052810668945 6.30428409576416 1.5368213653564453
v -4.383356094360352 6.30428409576416 1.4101228713989258
v -4.38335657119751 3.935655117034912 1.4101228713989258
v -4.383357048034668 3.935654878616333 2.082709312438965
v -4.757405757904053 3.935655117034912 2.3361058235168457
v -4.757405757904053 3.935655117034912 2.3361058235168457
v -4.757405757904053 3.935655117034912 1.5368213653564453
v -4.38335657119751 3.935655117034912 1.4101228713989258
v -4.383356094360352 6.304283142089844 2.082709312438965
v -4.383356094360352 6.30428409576416 1.4101228713989258
v -4.7574052810668945 6.30428409576416 1.5368213653564453
v -4.7574052810668945 6.30428409576416 1.5368213653564453
v -4.7574052810668945 6.304283618927002 2.3361058235168457
v -4.383356094360352 6.304283142089844 2.082709312438965
v -5.3147358894348145 6.30428409576416 1.9585464000701904
v -5.148982048034668 6.30428409576416 2.0708351135253906
v -5.148982048034668 6.30428409576416 1.4041860103607178
v -5.148982048034668 6.30428409576416 1.4041860103607178
v -5.406593322753906 6.30428409576416 1.3169275522232056
v -5.4303693771362305 6.30428409576416 1.5495455265045166
v -5.333289623260498 6.30428409576416 1.8929221630096436
v -5.3147358894348145 6.30428409576416 1.9585464000701904
v -5.148982048034668 6.30428409576416 1.4041860103607178
v -5.148982048034668 6.30428409576416 1.4041860103607178
v -5.4303693771362305 6.30428409576416 1.5495455265045166
v -5.333289623260498 6.30428409576416 1.8929221630096436
v -5.148982048034668 3.935655117034912 1.4041860103607178
v -5.148982048034668 3.935655117034912 1.0715656280517578
v -5.148982048034668 4.056515693664551 1.048919439315796
v -5.148982048034668 4.056515693664551 1.048919439315796
v -5.148982048034668 4.055354118347168 1.4041860103607178
v -5.148982048034668 3.935655117034912 1.4041860103607178
v -4.7574052810668945 6.304283618927002 2.3361058235168457
v -4.7574052810668945 6.30428409576416 1.5368213653564453
v -5.148982048034668 6.30428409576416 1.4041860103607178
v -5.148982048034668 6.30428409576416 1.4041860103607178
v -5.148982048034668 6.30428409576416 2.0708351135253906
v -4.7574052810668945 6.304283618927002 2.3361058235168457
v -4.7574052810668945 6.30428409576416 1.5368213653564453
v -4.7574052810668945 6.30428409576416 1.0673956871032715
v -5.148982048034668 6.30428409576416 1.0673956871032715
v -5.148982048034668 6.30428409576416 1.0673956871032715
v -5.148982048034668 6.30428409576416 1.4041860103607178
v -4.7574052810668945 6.30428409576416 1.5368213653564453
v -4.757405757904053 3.935655117034912 1.5368213653564453
v -4.757405757904053 3.935655117034912 2.3361058235168457
v -5.148982524871826 3.935655117034912 2.0708351135253906
v -5.148982524871826 3.935655117034912 2.0708351135253906
v -5.148982048034668 3.935655117034912 1.4041860103607178
v -4.757405757904053 3.935655117034912 1.5368213653564453
v -4.383357048034668 3.935654878616333 2.082709312438965
v -4.155473232269287 3.935654640197754 1.9283313751220703
v -4.181682109832764 3.935654878616333 2.02103328704834
v -4.181682109832764 3.935654878616333 2.02103328704834
v -4.346923828125 3.935654878616333 2.1364896297454834
v -4.383357048034668 3.935654878616333 2.082709312438965
v -4.38335657119751 3.935655117034912 1.4101228713989258
v -4.757405757904053 3.935655117034912 1.5368213653564453
v -4.757405757904053 4.05535364151001 1.5368213653564453
v -4.757405757904053 4.05535364151001 1.5368213653564453
v -4.38335657119751 4.05535364151001 1.4101228713989258
v -4.38335657119751 3.935655117034912 1.4101228713989258
v -4.757405757904053 3.935655117034912 1.5368213653564453
v -5.148982048034668 3.935655117034912 1.4041860103607178
v -5.148982048034668 4.055354118347168 1.4041860103607178
v -5.148982048034668 4.055354118347168 1.4041860103607178
v -4.757405757904053 4.05535364151001 1.5368213653564453
v -4.757405757904053 3.935655117034912 1.5368213653564453
v -4.7574052810668945 6.174623489379883 2.3361058235168457
v -5.148982048034668 6.174623966217041 2.0708351135253906
v -5.148982524871826 4.059713363647461 2.0708351135253906
v -5.148982524871826 4.059713363647461 2.0708351135253906
v -4.757405757904053 4.059713363647461 2.3361058235168457
v -4.7574052810668945 6.174623489379883 2.3361058235168457
v -4.383356094360352 6.174623489379883 2.082709312438965
v -4.7574052810668945 6.174623489379883 2.3361058235168457
v -4.757405757904053 4.059713363647461 2.3361058235168457
v -4.757405757904053 4.059713363647461 2.3361058235168457
v -4.383357048034668 4.059713363647461 2.082709312438965
v -4.383356094360352 6.174623489379883 2.082709312438965
v -5.148982524871826 4.059713363647461 2.0708351135253906
v -5.148982048034668 6.174623966217041 2.0708351135253906
v -5.3147358894348145 6.174623966217041 1.9585464000701904
v -5.3147358894348145 6.0177531242370605 1.9585464000701904
v -5.411606788635254 5.983248233795166 1.8929221630096436
v -5.540558815002441 5.93731689453125 1.8055646419525146
v -5.148982524871826 4.059713363647461 2.0708351135253906
v -5.3147358894348145 6.174623966217041 1.9585464000701904
v -5.3147358894348145 6.0177531242370605 1.9585464000701904
v -5.3147358894348145 4.242806911468506 1.9585466384887695
v -5.3147358894348145 4.059713363647461 1.9585468769073486
v -5.148982524871826 4.059713363647461 2.0708351135253906
v -5.540558815002441 5.93731689453125 1.8055646419525146
v -5.540558815002441 4.323243141174316 1.8055646419525146
v -5.411607265472412 4.2773118019104 1.8929221630096436
v -5.3147358894348145 4.242806911468506 1.9585466384887695
v -5.148982524871826 4.059713363647461 2.0708351135253906
v -5.3147358894348145 6.0177531242370605 1.9585464000701904
v -5.540558815002441 5.93731689453125 1.8055646419525146
v -5.411607265472412 4.2773118019104 1.8929221630096436
v -5.3147358894348145 4.242806911468506 1.9585466384887695
v -5.3147358894348145 6.0177531242370605 1.9585464000701904
v -5.540558815002441 5.93731689453125 1.8055646419525146
v -5.3147358894348145 4.242806911468506 1.9585466384887695
v -5.148982524871826 3.935655117034912 2.0708351135253906
v -4.757405757904053 3.935655117034912 2.3361058235168457
v -4.757405757904053 3.935655117034912 2.40106463432312
v -4.757405757904053 3.935655117034912 2.40106463432312
v -5.185415267944336 3.935655117034912 2.124615430831909
v -5.148982524871826 3.935655117034912 2.0708351135253906
v -5.148982524871826 4.059713363647461 2.0708351135253906
v -5.3147358894348145 4.059713363647461 1.9585468769073486
v -5.2880940437316895 4.059713363647461 2.0527796745300293
v -5.2880940437316895 4.059713363647461 2.0527796745300293
v -5.185415267944336 4.059713363647461 2.124615430831909
v -5.148982524871826 4.059713363647461 2.0708351135253906
v -5.185415267944336 4.059713363647461 2.124615430831909
v -5.2880940437316895 4.059713363647461 2.0527796745300293
v -5.2880940437316895 3.935655117034912 2.0527799129486084
v -5.2880940437316895 3.935655117034912 2.0527799129486084
v -5.185415267944336 3.935655117034912 2.124615430831909
v -5.185415267944336 4.059713363647461 2.124615430831909
v -4.346923828125 4.059713363647461 2.1364896297454834
v -4.757405757904053 4.059713363647461 2.40106463432312
v -4.757405757904053 3.935655117034912 2.40106463432312
v -4.757405757904053 3.935655117034912 2.40106463432312
v -4.346923828125 3.935654878616333 2.1364896297454834
v -4.346923828125 4.059713363647461 2.1364896297454834
v -4.757405757904053 4.059713363647461 2.40106463432312
v -5.185415267944336 4.059713363647461 2.124615430831909
v -5.185415267944336 3.935655117034912 2.124615430831909
v -5.185415267944336 3.935655117034912 2.124615430831909
v -4.757405757904053 3.935655117034912 2.40106463432312
v -4.757405757904053 4.059713363647461 2.40106463432312
v -5.185414791107178 6.30428409576416 2.124615430831909
v -5.288094520568848 6.30428409576416 2.05277943611145
v -5.288094520568848 6.174623966217041 2.05277943611145
v -5.288094520568848 6.174623966217041 2.05277943611145
v -5.185414791107178 6.174623966217041 2.124615430831909
v -5.185414791107178 6.30428409576416 2.124615430831909
v -4.346923351287842 6.304283142089844 2.1364896297454834
v -4.7574052810668945 6.304283618927002 2.40106463432312
v -4.7574052810668945 6.174623489379883 2.40106463432312
v -4.7574052810668945 6.174623489379883 2.40106463432312
v -4.346923351287842 6.174623489379883 2.1364896297454834
v -4.346923351287842 6.304283142089844 2.1364896297454834
v -4.7574052810668945 6.304283618927002 2.40106463432312
v -5.185414791107178 6.30428409576416 2.124615430831909
v -5.185414791107178 6.174623966217041 2.124615430831909
v -5.185414791107178 6.174623966217041 2.124615430831909
v -4.7574052810668945 6.174623489379883 2.40106463432312
v -4.7574052810668945 6.304283618927002 2.40106463432312
v -5.148982048034668 6.30428409576416 2.0708351135253906
v -5.3147358894348145 6.30428409576416 1.9585464000701904
v -5.288094520568848 6.30428409576416 2.05277943611145
v -5.288094520568848 6.30428409576416 2.05277943611145
v -5.185414791107178 6.30428409576416 2.124615430831909
v -5.148982048034668 6.30428409576416 2.0708351135253906
v -4.7574052810668945 6.174623489379883 2.3361058235168457
v -4.383356094360352 6.174623489379883 2.082709312438965
v -4.346923351287842 6.174623489379883 2.1364896297454834
v -4.346923351287842 6.174623489379883 2.1364896297454834
v -4.7574052810668945 6.174623489379883 2.40106463432312
v -4.7574052810668945 6.174623489379883 2.3361058235168457
v -4.383356094360352 6.174623489379883 2.082709312438965
v -4.155473709106445 6.174623489379883 1.9283318519592285
v -4.181682586669922 6.174623489379883 2.021034002304077
v -4.181682586669922 6.174623489379883 2.021034002304077
v -4.346923351287842 6.174623489379883 2.1364896297454834
v -4.383356094360352 6.174623489379883 2.082709312438965
v -4.383357048034668 4.059713363647461 2.082709312438965
v -4.757405757904053 4.059713363647461 2.3361058235168457
v -4.757405757904053 4.059713363647461 2.40106463432312
v -4.757405757904053 4.059713363647461 2.40106463432312
v -4.346923828125 4.059713363647461 2.1364896297454834
v -4.383357048034668 4.059713363647461 2.082709312438965
v -4.383356094360352 6.304283142089844 2.082709312438965
v -4.7574052810668945 6.304283618927002 2.3361058235168457
v -4.7574052810668945 6.304283618927002 2.40106463432312
v -4.7574052810668945 6.304283618927002 2.40106463432312
v -4.346923351287842 6.304283142089844 2.1364896297454834
v -4.383356094360352 6.304283142089844 2.082709312438965
v -5.148982048034668 6.174623966217041 2.0708351135253906
v -4.7574052810668945 6.174623489379883 2.3361058235168457
v -4.7574052810668945 6.174623489379883 2.40106463432312
v -4.7574052810668945 6.174623489379883 2.40106463432312
v -5.185414791107178 6.174623966217041 2.124615430831909
v -5.148982048034668 6.174623966217041 2.0708351135253906
v -4.757405757904053 3.935655117034912 2.3361058235168457
v -4.383357048034668 3.935654878616333 2.082709312438965
v -4.346923828125 3.935654878616333 2.1364896297454834
v -4.346923828125 3.935654878616333 2.1364896297454834
v -4.757405757904053 3.935655117034912 2.40106463432312
v -4.757405757904053 3.935655117034912 2.3361058235168457
v -4.7574052810668945 6.304283618927002 2.3361058235168457
v -5.148982048034668 6.30428409576416 2.0708351135253906
v -5.185414791107178 6.30428409576416 2.124615430831909
v -5.185414791107178 6.30428409576416 2.124615430831909
v -4.7574052810668945 6.304283618927002 2.40106463432312
v -4.7574052810668945 6.304283618927002 2.3361058235168457
v -6.517451763153076 6.90808629989624 -0.3564039468765259
v -6.517451763153076 3.35410737991333 -0.3564039468765259
v -6.51542854309082 3.356130838394165 -0.35002458095550537
v -6.517451763153076 6.90808629989624 -0.3564039468765259
v -6.51542854309082 3.356130838394165 -0.35002458095550537
v -6.51542854309082 4.499025344848633 -0.35002464056015015
v -6.51542854309082 5.761534214019775 -0.35002464056015015
v -6.51542854309082 6.906063079833984 -0.35002458095550537
v -6.517451763153076 6.90808629989624 -0.3564039468765259
v -6.51542854309082 5.761534214019775 -0.35002464056015015
v -6.517451763153076 6.90808629989624 -0.3564039468765259
v -6.51542854309082 4.499025344848633 -0.35002464056015015
v -6.51542854309082 5.761534214019775 -0.35002464056015015
v -6.51542854309082 4.499025344848633 -0.35002464056015015
v -6.510684967041016 4.592727184295654 -0.33507049083709717
v -6.510684967041016 5.667832374572754 -0.3350704312324524
v -6.51542854309082 5.761534214019775 -0.35002464056015015
v -6.510684967041016 4.592727184295654 -0.33507049083709717
v -6.510684967041016 5.667832374572754 -0.3350704312324524
v -6.510684967041016 4.592727184295654 -0.33507049083709717
v -6.5086469650268555 4.593193054199219 -0.32864445447921753
v -6.5086469650268555 5.6673665046691895 -0.3286445140838623
v -6.510684967041016 5.667832374572754 -0.3350704312324524
v -6.5086469650268555 4.593193054199219 -0.32864445447921753
v -6.208975791931152 4.6470866203308105 0.6161180138587952
v -6.214163780212402 4.560861587524414 0.5997604131698608
v -6.058447360992432 4.592823505401611 1.090682864189148
v -6.5086469650268555 5.6673665046691895 -0.3286445140838623
v -6.5086469650268555 4.593193054199219 -0.32864445447921753
v -6.208975791931152 4.6470866203308105 0.6161180138587952
v -6.058447360992432 5.667736053466797 1.0906827449798584
v -6.214163780212402 5.699697971343994 0.5997605323791504
v -6.208975791931152 5.613472938537598 0.6161180734634399
v -6.208975791931152 5.613472938537598 0.6161180734634399
v -6.5086469650268555 5.6673665046691895 -0.3286445140838623
v -6.208975791931152 4.6470866203308105 0.6161180138587952
v -6.058447360992432 4.592823505401611 1.090682864189148
v -6.057296276092529 4.591731071472168 1.0943114757537842
v -6.057296276092529 5.668828964233398 1.0943114757537842
v -6.208975791931152 5.613472938537598 0.6161180734634399
v -6.208975791931152 4.6470866203308105 0.6161180138587952
v -6.058447360992432 4.592823505401611 1.090682864189148
v -6.058447360992432 4.592823505401611 1.090682864189148
v -6.057296276092529 5.668828964233398 1.0943114757537842
v -6.058447360992432 5.667736053466797 1.0906827449798584
v -6.058447360992432 4.592823505401611 1.090682864189148
v -6.058447360992432 5.667736053466797 1.0906827449798584
v -6.208975791931152 5.613472938537598 0.6161180734634399
v -4.260156154632568 6.90808629989624 -0.3564039468765259
v -6.517451763153076 6.90808629989624 -0.3564039468765259
v -6.51542854309082 6.906063079833984 -0.35002458095550537
v -4.260156154632568 6.90808629989624 -0.3564039468765259
v -6.51542854309082 6.906063079833984 -0.35002458095550537
v -5.236209392547607 6.906063079833984 -0.35002464056015015
v -4.308554649353027 6.904301643371582 -0.3444717526435852
v -4.260156154632568 6.90808629989624 -0.3564039468765259
v -5.236209392547607 6.906063079833984 -0.35002464056015015
v -4.308554649353027 6.904301643371582 -0.3444717526435852
v -5.236209392547607 6.906063079833984 -0.35002464056015015
v -5.166898250579834 6.90069055557251 -0.33308714628219604
v -4.090524673461914 6.447930812835693 1.0943114757537842
v -4.142239093780518 6.608414649963379 0.5883600115776062
v -4.217380523681641 6.603429794311523 0.6040758490562439
v -4.217380523681641 6.603429794311523 0.6040758490562439
v -4.308554649353027 6.904301643371582 -0.3444717526435852
v -5.166898250579834 6.90069055557251 -0.33308714628219604
v -5.258063316345215 6.599819183349609 0.6154584884643555
v -5.333289623260498 6.604798316955566 0.5997604727745056
v -5.383838653564453 6.447930812835693 1.0943114757537842
v -4.217380523681641 6.603429794311523 0.6040758490562439
v -5.166898250579834 6.90069055557251 -0.33308714628219604
v -5.258063316345215 6.599819183349609 0.6154584884643555
v -5.383838653564453 6.447930812835693 1.0943114757537842
v -4.090524673461914 6.447930812835693 1.0943114757537842
v -4.217380523681641 6.603429794311523 0.6040758490562439
v -5.258063316345215 6.599819183349609 0.6154584884643555
v -5.383838653564453 6.447930812835693 1.0943114757537842
v -4.217380523681641 6.603429794311523 0.6040758490562439
v -6.517451763153076 3.35410737991333 -0.3564039468765259
v -6.517451763153076 6.90808629989624 -0.3564039468765259
v -4.260156154632568 6.90808629989624 -0.3564039468765259
v -6.517451763153076 3.35410737991333 -0.3564039468765259
v -4.260156154632568 6.90808629989624 -0.3564039468765259
v -4.265799522399902 6.447134971618652 -0.3564039468765259
v -4.265799522399902 3.813424587249756 -0.3564039468765259
v -4.260220050811768 3.35410737991333 -0.3564039468765259
v -6.517451763153076 3.35410737991333 -0.3564039468765259
v -4.259179592132568 4.299610137939453 -0.3564039468765259
v -4.265799522399902 3.813424587249756 -0.3564039468765259
v -6.517451763153076 3.35410737991333 -0.3564039468765259
v -6.517451763153076 3.35410737991333 -0.3564039468765259
v -4.265799522399902 6.447134971618652 -0.3564039468765259
v -4.259179592132568 5.960949897766113 -0.3564039468765259
v -6.517451763153076 3.35410737991333 -0.3564039468765259
v -4.259179592132568 5.960949897766113 -0.3564039468765259
v -3.8414406776428223 5.712123870849609 -0.3564039468765259
v -3.841440439224243 4.548436164855957 -0.3564039468765259
v -4.259179592132568 4.299610137939453 -0.3564039468765259
v -6.517451763153076 3.35410737991333 -0.3564039468765259
v -3.417081356048584 4.785796165466309 -0.3564039468765259
v -3.841440439224243 4.548436164855957 -0.3564039468765259
v -6.517451763153076 3.35410737991333 -0.3564039468765259
v -6.517451763153076 3.35410737991333 -0.3564039468765259
v -3.8414406776428223 5.712123870849609 -0.3564039468765259
v -3.417081356048584 5.474763870239258 -0.3564039468765259
v -2.992722511291504 5.712123870849609 -0.3564038872718811
v -2.963472843170166 5.729011058807373 -0.3564039468765259
v -2.963472843170166 4.531549453735352 -0.3564039468765259
v -6.517451763153076 3.35410737991333 -0.3564039468765259
v -3.417081356048584 5.474763870239258 -0.3564039468765259
v -2.992722511291504 5.712123870849609 -0.3564038872718811
v -3.417081356048584 4.785796165466309 -0.3564039468765259
v -6.517451763153076 3.35410737991333 -0.3564039468765259
v -2.992722511291504 5.712123870849609 -0.3564038872718811
v -2.992722511291504 5.712123870849609 -0.3564038872718811
v -2.963472843170166 4.531549453735352 -0.3564039468765259
v -2.9927220344543457 4.548436641693115 -0.3564039468765259
v -2.992722511291504 5.712123870849609 -0.3564038872718811
v -2.9927220344543457 4.548436641693115 -0.3564039468765259
v -3.417081356048584 4.785796165466309 -0.3564039468765259
v -4.38335657119751 3.935655117034912 1.0715655088424683
v -4.092849254608154 3.935655117034912 1.0715656280517578
v -4.0691237449646 3.935655117034912 1.3036856651306152
v -4.0691237449646 3.935655117034912 1.3036856651306152
v -4.38335657119751 3.935655117034912 1.4101228713989258
v -4.38335657119751 3.935655117034912 1.0715655088424683
v -4.7574052810668945 4.055354118347168 1.049136996269226
v -4.38335657119751 4.055939197540283 1.0490273237228394
v -4.38335657119751 4.05535364151001 1.4101228713989258
v -4.38335657119751 4.05535364151001 1.4101228713989258
v -4.757405757904053 4.05535364151001 1.5368213653564453
v -4.7574052810668945 4.055354118347168 1.049136996269226
v -4.38335657119751 4.055939197540283 1.0490273237228394
v -4.38335657119751 3.935655117034912 1.0715655088424683
v -4.38335657119751 3.935655117034912 1.4101228713989258
v -4.38335657119751 3.935655117034912 1.4101228713989258
v -4.38335657119751 4.05535364151001 1.4101228713989258
v -4.38335657119751 4.055939197540283 1.0490273237228394
v -5.148982048034668 4.056515693664551 1.048919439315796
v -4.7574052810668945 4.055354118347168 1.049136996269226
v -4.757405757904053 4.05535364151001 1.5368213653564453
v -4.757405757904053 4.05535364151001 1.5368213653564453
v -5.148982048034668 4.055354118347168 1.4041860103607178
v -5.148982048034668 4.056515693664551 1.048919439315796
v -5.4303693771362305 3.935655117034912 1.5495455265045166
v -5.333289623260498 3.935655117034912 1.8929221630096436
v -5.333289623260498 3.813424587249756 1.8929221630096436
v -5.333289623260498 3.813424587249756 1.8929221630096436
v -5.4303693771362305 3.813424587249756 1.5495455265045166
v -5.4303693771362305 3.935655117034912 1.5495455265045166
v -6.880684852600098 4.288144111633301 -0.35002464056015015
v -6.51542854309082 4.499025344848633 -0.35002464056015015
v -6.51542854309082 3.356130838394165 -0.35002458095550537
v -6.51542854309082 3.356130838394165 -0.35002458095550537
v -5.236209392547607 3.356130838394165 -0.35002464056015015
v -5.236209392547607 3.338705539703369 -0.35002464056015015
v -5.6473283767700195 3.101346015930176 -0.35002464056015015
v -6.058447360992432 2.863986015319824 -0.35002464056015015
v -6.469566345214844 3.1013455390930176 -0.35002464056015015
v -6.51542854309082 3.356130838394165 -0.35002458095550537
v -5.236209392547607 3.338705539703369 -0.35002464056015015
v -5.6473283767700195 3.101346015930176 -0.35002464056015015
v -6.880684852600098 3.813424587249756 -0.35002464056015015
v -6.880684852600098 4.288144111633301 -0.35002464056015015
v -6.51542854309082 3.356130838394165 -0.35002458095550537
v -6.469566345214844 3.1013455390930176 -0.35002464056015015
v -6.880684852600098 3.338705539703369 -0.35002464056015015
v -6.880684852600098 3.813424587249756 -0.35002464056015015
v -6.51542854309082 3.356130838394165 -0.35002458095550537
v -5.6473283767700195 3.101346015930176 -0.35002464056015015
v -6.469566345214844 3.1013455390930176 -0.35002464056015015
v -6.51542854309082 3.356130838394165 -0.35002458095550537
v -6.469566345214844 3.1013455390930176 -0.35002464056015015
v -6.880684852600098 3.813424587249756 -0.35002464056015015
v -5.148982048034668 3.935655117034912 1.0715656280517578
v -5.381514072418213 3.935655117034912 1.0715656280517578
v -5.383838653564453 3.814262866973877 1.0943114757537842
v -5.383838653564453 3.814262866973877 1.0943114757537842
v -4.090524673461914 3.814262866973877 1.0943114757537842
v -4.092849254608154 3.935655117034912 1.0715656280517578
v -4.38335657119751 3.935655117034912 1.0715655088424683
v -4.38335657119751 4.055939197540283 1.0490273237228394
v -4.7574052810668945 4.055354118347168 1.049136996269226
v -5.383838653564453 3.814262866973877 1.0943114757537842
v -4.092849254608154 3.935655117034912 1.0715656280517578
v -4.38335657119751 3.935655117034912 1.0715655088424683
v -4.7574052810668945 4.055354118347168 1.049136996269226
v -5.148982048034668 4.056515693664551 1.048919439315796
v -5.148982048034668 3.935655117034912 1.0715656280517578
v -5.148982048034668 3.935655117034912 1.0715656280517578
v -5.383838653564453 3.814262866973877 1.0943114757537842
v -4.38335657119751 3.935655117034912 1.0715655088424683
v -4.38335657119751 3.935655117034912 1.0715655088424683
v -4.7574052810668945 4.055354118347168 1.049136996269226
v -5.148982048034668 3.935655117034912 1.0715656280517578
v -5.166864395141602 3.3615009784698486 -0.3330942392349243
v -5.2580246925354 3.662371873855591 0.6154505014419556
v -5.2652459144592285 3.3554697036743164 0.6169634461402893
v -5.2652459144592285 3.3554697036743164 0.6169634461402893
v -5.168165683746338 3.2994203567504883 -0.3328216075897217
v -5.166864395141602 3.3615009784698486 -0.3330942392349243
v -6.510684967041016 4.592727184295654 -0.33507049083709717
v -6.51542854309082 4.499025344848633 -0.35002464056015015
v -6.880684852600098 4.288144111633301 -0.35002464056015015
v -6.880684852600098 4.288144111633301 -0.35002464056015015
v -6.948728561401367 4.327428817749023 -0.3328216075897217
v -6.510684967041016 4.592727184295654 -0.33507049083709717
v -6.208975791931152 4.6470866203308105 0.6161180138587952
v -6.5086469650268555 4.593193054199219 -0.32864445447921753
v -6.460435390472412 4.509688854217529 0.6147058010101318
v -5.2580246925354 3.662371873855591 0.6154505014419556
v -5.333289623260498 3.657395124435425 0.5997604727745056
v -5.333289623260498 3.3947548866271973 0.5997604727745056
v -5.333289623260498 3.3947548866271973 0.5997604727745056
v -5.2652459144592285 3.3554697036743164 0.6169634461402893
v -5.2580246925354 3.662371873855591 0.6154505014419556
v -5.333289623260498 3.3947548866271973 0.5997604727745056
v -5.333289623260498 3.657395124435425 0.5997604727745056
v -5.38356876373291 3.813424587249756 1.0916692018508911
v -5.38356876373291 3.813424587249756 1.0916692018508911
v -5.4303693771362305 3.813424587249756 1.5495455265045166
v -5.430369853973389 3.4508042335510254 1.5495455265045166
v -5.38356876373291 3.813424587249756 1.0916692018508911
v -5.430369853973389 3.4508042335510254 1.5495455265045166
v -5.333289623260498 3.3947548866271973 0.5997604727745056
v -5.74440860748291 4.357356071472168 1.5495455265045166
v -5.540558815002441 4.239663124084473 1.5495455265045166
v -5.540558815002441 4.2724738121032715 1.2715506553649902
v -5.540558815002441 4.2724738121032715 1.2715506553649902
v -5.540558815002441 4.308845520019531 0.9633806943893433
v -5.714451789855957 4.409242630004883 0.9633806943893433
v -5.540558815002441 4.2724738121032715 1.2715506553649902
v -5.714451789855957 4.409242630004883 0.9633806943893433
v -5.74440860748291 4.357356071472168 1.5495455265045166
v -5.333289623260498 3.813424587249756 1.8929221630096436
v -5.333289623260498 3.935655117034912 1.8929221630096436
v -5.3147358894348145 3.935655117034912 1.9585468769073486
v -5.333289623260498 3.813424587249756 1.8929221630096436
v -5.3147358894348145 3.935655117034912 1.9585468769073486
v -5.2880940437316895 3.935655117034912 2.0527799129486084
v -5.3147358894348145 4.242806911468506 1.9585466384887695
v -5.236209392547607 4.288144111633301 2.2362985610961914
v -5.236209392547607 3.813424587249756 2.2362985610961914
v -5.2880940437316895 4.059713363647461 2.0527796745300293
v -5.3147358894348145 4.059713363647461 1.9585468769073486
v -5.3147358894348145 4.242806911468506 1.9585466384887695
v -5.236209392547607 3.813424587249756 2.2362985610961914
v -5.333289623260498 3.813424587249756 1.8929221630096436
v -5.2880940437316895 3.935655117034912 2.0527799129486084
v -5.2880940437316895 4.059713363647461 2.0527796745300293
v -5.3147358894348145 4.242806911468506 1.9585466384887695
v -5.236209392547607 3.813424587249756 2.2362985610961914
v -5.2880940437316895 3.935655117034912 2.0527799129486084
v -5.2880940437316895 4.059713363647461 2.0527796745300293
v -5.236209392547607 3.813424587249756 2.2362985610961914
v -5.740777969360352 5.836117744445801 0.9633806943893433
v -5.740777969360352 4.424442291259766 0.9633806943893433
v -5.714451789855957 4.409242630004883 0.9633806943893433
v -5.714451789855957 4.409242630004883 0.9633806943893433
v -5.540558815002441 4.308845520019531 0.9633806943893433
v -5.540558338165283 5.951714515686035 0.9633806347846985
v -5.540558338165283 5.951714515686035 0.9633806347846985
v -5.714451789855957 5.851317405700684 0.963380753993988
v -5.740777969360352 5.836117744445801 0.9633806943893433
v -5.714451789855957 4.409242630004883 0.9633806943893433
v -5.540558338165283 5.951714515686035 0.9633806347846985
v -5.740777969360352 5.836117744445801 0.9633806943893433
v -5.714451789855957 4.409242630004883 0.9633806943893433
v -5.740777969360352 4.424442291259766 0.9633806943893433
v -5.740777969360352 4.415988922119141 1.035003900527954
v -6.057296276092529 4.591731071472168 1.0943114757537842
v -6.058447360992432 4.592823505401611 1.090682864189148
v -6.058447360992432 4.538666248321533 1.5495455265045166
v -5.74440860748291 4.357356071472168 1.5495455265045166
v -5.714451789855957 4.409242630004883 0.9633806943893433
v -5.740777969360352 4.415988922119141 1.035003900527954
v -5.740777969360352 4.415988922119141 1.035003900527954
v -6.057296276092529 4.591731071472168 1.0943114757537842
v -6.058447360992432 4.538666248321533 1.5495455265045166
v -5.740777969360352 4.415988922119141 1.035003900527954
v -6.058447360992432 4.538666248321533 1.5495455265045166
v -5.74440860748291 4.357356071472168 1.5495455265045166
v -5.406593322753906 3.935655117034912 1.3169276714324951
v -5.381514072418213 3.935655117034912 1.0715656280517578
v -5.148982048034668 3.935655117034912 1.0715656280517578
v -5.148982048034668 3.935655117034912 1.0715656280517578
v -5.148982048034668 3.935655117034912 1.4041860103607178
v -5.406593322753906 3.935655117034912 1.3169276714324951
v -5.4303693771362305 3.813424587249756 1.5495455265045166
v -5.38356876373291 3.813424587249756 1.0916692018508911
v -5.383838653564453 3.814262866973877 1.0943114757537842
v -5.383838653564453 3.814262866973877 1.0943114757537842
v -5.381514072418213 3.935655117034912 1.0715656280517578
v -5.406593322753906 3.935655117034912 1.3169276714324951
v -5.406593322753906 3.935655117034912 1.3169276714324951
v -5.4303693771362305 3.935655117034912 1.5495455265045166
v -5.4303693771362305 3.813424587249756 1.5495455265045166
v -5.383838653564453 3.814262866973877 1.0943114757537842
v -5.406593322753906 3.935655117034912 1.3169276714324951
v -5.4303693771362305 3.813424587249756 1.5495455265045166
v -5.540558338165283 5.988086223602295 1.2715506553649902
v -5.540558815002441 4.2724738121032715 1.2715506553649902
v -5.540558815002441 4.239663124084473 1.5495455265045166
v -5.540558815002441 4.239663124084473 1.5495455265045166
v -5.540558815002441 4.323243141174316 1.8055646419525146
v -5.540558815002441 5.93731689453125 1.8055646419525146
v -5.540558815002441 5.93731689453125 1.8055646419525146
v -5.540558338165283 6.0208964347839355 1.5495455265045166
v -5.540558338165283 5.988086223602295 1.2715506553649902
v -5.540558815002441 4.239663124084473 1.5495455265045166
v -5.540558815002441 5.93731689453125 1.8055646419525146
v -5.540558338165283 5.988086223602295 1.2715506553649902
v -5.2880940437316895 3.935655117034912 2.0527799129486084
v -5.3147358894348145 3.935655117034912 1.9585468769073486
v -5.148982524871826 3.935655117034912 2.0708351135253906
v -5.148982524871826 3.935655117034912 2.0708351135253906
v -5.185415267944336 3.935655117034912 2.124615430831909
v -5.2880940437316895 3.935655117034912 2.0527799129486084
v -6.5086469650268555 5.6673665046691895 -0.3286445140838623
v -6.208975791931152 5.613472938537598 0.6161180734634399
v -6.460435390472412 5.750870704650879 0.6147058010101318
v -6.058447360992432 5.721893310546875 1.5495455265045166
v -6.058447360992432 5.667736053466797 1.0906827449798584
v -6.057296276092529 5.668828964233398 1.0943114757537842
v -5.740777969360352 5.844571113586426 1.035003900527954
v -5.740777969360352 5.836117744445801 0.9633806943893433
v -5.714451789855957 5.851317405700684 0.963380753993988
v -6.058447360992432 5.721893310546875 1.5495455265045166
v -6.057296276092529 5.668828964233398 1.0943114757537842
v -5.740777969360352 5.844571113586426 1.035003900527954
v -5.740777969360352 5.844571113586426 1.035003900527954
v -5.714451789855957 5.851317405700684 0.963380753993988
v -5.74440860748291 5.903203964233398 1.5495455265045166
v -5.740777969360352 5.844571113586426 1.035003900527954
v -5.74440860748291 5.903203964233398 1.5495455265045166
v -6.058447360992432 5.721893310546875 1.5495455265045166
v -5.740777969360352 5.844571113586426 1.035003900527954
v -6.057296276092529 5.668828964233398 1.0943114757537842
v -6.057296276092529 4.591731071472168 1.0943114757537842
v -6.057296276092529 4.591731071472168 1.0943114757537842
v -5.740777969360352 4.415988922119141 1.035003900527954
v -5.740777969360352 5.844571113586426 1.035003900527954
v -5.166898250579834 6.90069055557251 -0.33308714628219604
v -5.236209392547607 6.906063079833984 -0.35002464056015015
v -5.236209392547607 6.921854496002197 -0.35002464056015015
v -5.236209392547607 6.921854496002197 -0.35002464056015015
v -5.168165683746338 6.961139678955078 -0.3328216075897217
v -5.166898250579834 6.90069055557251 -0.33308714628219604
v -5.288094520568848 6.174623966217041 2.05277943611145
v -5.3147358894348145 6.174623966217041 1.9585464000701904
v -5.148982048034668 6.174623966217041 2.0708351135253906
v -5.148982048034668 6.174623966217041 2.0708351135253906
v -5.185414791107178 6.174623966217041 2.124615430831909
v -5.288094520568848 6.174623966217041 2.05277943611145
v -5.4303693771362305 6.447134971618652 1.5495455265045166
v -5.4303693771362305 6.30428409576416 1.5495455265045166
v -5.406593322753906 6.30428409576416 1.3169275522232056
v -5.406593322753906 6.30428409576416 1.3169275522232056
v -5.381087779998779 6.30428409576416 1.0673956871032715
v -5.383823394775391 6.447134971618652 1.0941623449325562
v -5.406593322753906 6.30428409576416 1.3169275522232056
v -5.383823394775391 6.447134971618652 1.0941623449325562
v -5.4303693771362305 6.447134971618652 1.5495455265045166
v -6.208975791931152 5.613472938537598 0.6161180734634399
v -6.214163780212402 5.699697971343994 0.5997605323791504
v -6.421026229858398 5.819129943847656 0.5997604727745056
v -6.421026229858398 5.819129943847656 0.5997604727745056
v -6.460435390472412 5.750870704650879 0.6147058010101318
v -6.208975791931152 5.613472938537598 0.6161180734634399
v -6.948728561401367 5.933130741119385 -0.3328216075897217
v -6.510684967041016 5.667832374572754 -0.3350704312324524
v -6.5086469650268555 5.6673665046691895 -0.3286445140838623
v -6.5086469650268555 5.6673665046691895 -0.3286445140838623
v -6.460435390472412 5.750870704650879 0.6147058010101318
v -6.851648807525635 5.989179611206055 0.6169634461402893
v -6.5086469650268555 5.6673665046691895 -0.3286445140838623
v -6.851648807525635 5.989179611206055 0.6169634461402893
v -6.948728561401367 5.933130741119385 -0.3328216075897217
v -5.540558338165283 5.988086223602295 1.2715506553649902
v -5.540558338165283 5.951714515686035 0.9633806347846985
v -5.540558815002441 4.308845520019531 0.9633806943893433
v -5.540558815002441 4.308845520019531 0.9633806943893433
v -5.540558815002441 4.2724738121032715 1.2715506553649902
v -5.540558338165283 5.988086223602295 1.2715506553649902
v -6.421026229858398 5.819129943847656 0.5997604727745056
v -6.214163780212402 5.699697971343994 0.5997605323791504
v -6.058447360992432 5.667736053466797 1.0906827449798584
v -6.058447360992432 5.667736053466797 1.0906827449798584
v -6.058447360992432 5.721893310546875 1.5495455265045166
v -6.372486114501953 5.903203964233398 1.5495455265045166
v -6.058447360992432 5.667736053466797 1.0906827449798584
v -6.372486114501953 5.903203964233398 1.5495455265045166
v -6.421026229858398 5.819129943847656 0.5997604727745056
v -5.74440860748291 5.903203964233398 1.5495455265045166
v -5.540558338165283 6.0208964347839355 1.5495455265045166
v -5.540558815002441 5.93731689453125 1.8055646419525146
v -5.540558815002441 5.93731689453125 1.8055646419525146
v -5.411606788635254 5.983248233795166 1.8929221630096436
v -5.695868492126465 5.819129943847656 1.8929221630096436
v -5.540558815002441 5.93731689453125 1.8055646419525146
v -5.695868492126465 5.819129943847656 1.8929221630096436
v -5.74440860748291 5.903203964233398 1.5495455265045166
v -5.74440860748291 5.903203964233398 1.5495455265045166
v -5.714451789855957 5.851317405700684 0.963380753993988
v -5.540558338165283 5.951714515686035 0.9633806347846985
v -5.540558338165283 5.988086223602295 1.2715506553649902
v -5.540558338165283 6.0208964347839355 1.5495455265045166
v -5.74440860748291 5.903203964233398 1.5495455265045166
v -5.540558338165283 5.951714515686035 0.9633806347846985
v -5.540558338165283 5.988086223602295 1.2715506553649902
v -5.74440860748291 5.903203964233398 1.5495455265045166
v -5.740777969360352 5.836117744445801 0.9633806943893433
v -5.740777969360352 5.844571113586426 1.035003900527954
v -5.740777969360352 4.415988922119141 1.035003900527954
v -5.740777969360352 4.415988922119141 1.035003900527954
v -5.740777969360352 4.424442291259766 0.9633806943893433
v -5.740777969360352 5.836117744445801 0.9633806943893433
v -5.695868492126465 5.819129943847656 1.8929221630096436
v -5.411606788635254 5.983248233795166 1.8929221630096436
v -5.3147358894348145 6.0177531242370605 1.9585464000701904
v -5.3147358894348145 6.0177531242370605 1.9585464000701904
v -5.236209392547607 5.972415924072266 2.2362985610961914
v -5.6473283767700195 5.735055923461914 2.2362985610961914
v -5.3147358894348145 6.0177531242370605 1.9585464000701904
v -5.6473283767700195 5.735055923461914 2.2362985610961914
v -5.695868492126465 5.819129943847656 1.8929221630096436
v -3.417081356048584 4.538666725158691 1.5381450653076172
v -3.417081356048584 4.5934858322143555 1.0736711025238037
v -3.423628330230713 4.587270259857178 1.0943114757537842
v -3.7401466369628906 4.411527633666992 1.035003900527954
v -3.7401466369628906 4.419981002807617 0.9633806943893433
v -3.7604942321777344 4.408233642578125 0.9633806943893433
v -3.417081356048584 4.538666725158691 1.5381450653076172
v -3.423628330230713 4.587270259857178 1.0943114757537842
v -3.7401466369628906 4.411527633666992 1.035003900527954
v -3.7401466369628906 4.411527633666992 1.035003900527954
v -3.7604942321777344 4.408233642578125 0.9633806943893433
v -3.7311201095581055 4.357356071472168 1.5381450653076172
v -3.7401466369628906 4.411527633666992 1.035003900527954
v -3.7311201095581055 4.357356071472168 1.5381450653076172
v -3.417081356048584 4.538666725158691 1.5381450653076172
v -3.7401466369628906 4.419981002807617 0.9633806943893433
v -3.7401466369628906 4.411527633666992 1.035003900527954
v -3.7401466369628906 5.849031925201416 1.035003900527954
v -3.7401466369628906 5.849031925201416 1.035003900527954
v -3.7401466369628906 5.840579032897949 0.9633806943893433
v -3.7401466369628906 4.419981002807617 0.9633806943893433
v -3.7311201095581055 4.357356071472168 1.5381450653076172
v -3.974252223968506 4.216983795166016 1.5381450653076172
v -3.974252462387085 4.304285049438477 1.8055646419525146
v -3.974252462387085 4.304285049438477 1.8055646419525146
v -4.0863752365112305 4.264348030090332 1.8815217018127441
v -3.779660224914551 4.44143009185791 1.8815217018127441
v -3.974252462387085 4.304285049438477 1.8055646419525146
v -3.779660224914551 4.44143009185791 1.8815217018127441
v -3.7311201095581055 4.357356071472168 1.5381450653076172
v -3.974252223968506 4.248448371887207 1.2715506553649902
v -3.9742519855499268 4.284820556640625 0.9633806943893433
v -3.9742519855499268 5.975739479064941 0.9633806943893433
v -3.9742519855499268 5.975739479064941 0.9633806943893433
v -3.9742517471313477 6.012111186981201 1.2715506553649902
v -3.974252223968506 4.248448371887207 1.2715506553649902
v -3.779660224914551 4.44143009185791 1.8815217018127441
v -4.0863752365112305 4.264348030090332 1.8815217018127441
v -4.155473232269287 4.2397356033325195 1.9283313751220703
v -4.155473232269287 4.2397356033325195 1.9283313751220703
v -4.239319324493408 4.288144111633301 2.224898099899292
v -3.828200340270996 4.525503635406494 2.224898099899292
v -4.155473232269287 4.2397356033325195 1.9283313751220703
v -3.828200340270996 4.525503635406494 2.224898099899292
v -3.779660224914551 4.44143009185791 1.8815217018127441
v -4.181682109832764 3.935654878616333 2.02103328704834
v -4.181682109832764 4.059713363647461 2.02103328704834
v -4.346923828125 4.059713363647461 2.1364896297454834
v -4.346923828125 4.059713363647461 2.1364896297454834
v -4.346923828125 3.935654878616333 2.1364896297454834
v -4.181682109832764 3.935654878616333 2.02103328704834
v -2.966620683670044 4.593800067901611 -0.3464794158935547
v -3.268336057662964 4.6480607986450195 0.604727566242218
v -3.0150930881500244 4.5096893310546875 0.6033053398132324
v -3.0150930881500244 4.5096893310546875 0.6033053398132324
v -2.966553211212158 4.5937628746032715 -0.34647971391677856
v -2.966620683670044 4.593800067901611 -0.3464794158935547
v -2.966613531112671 4.593658447265625 -0.3465026617050171
v -2.966620683670044 4.593800067901611 -0.3464794158935547
v -2.966553211212158 4.5937628746032715 -0.34647971391677856
v -4.045158863067627 3.813425064086914 1.5381450653076172
v -4.045158863067627 3.935655117034912 1.5381450653076172
v -4.0691237449646 3.935655117034912 1.3036856651306152
v -4.0691237449646 3.935655117034912 1.3036856651306152
v -4.092849254608154 3.935655117034912 1.0715656280517578
v -4.090524673461914 3.814262866973877 1.0943114757537842
v -4.090524673461914 3.814262866973877 1.0943114757537842
v -4.090794563293457 3.813425064086914 1.0916695594787598
v -4.045158863067627 3.813425064086914 1.5381450653076172
v -4.0691237449646 3.935655117034912 1.3036856651306152
v -4.090524673461914 3.814262866973877 1.0943114757537842
v -4.045158863067627 3.813425064086914 1.5381450653076172
v -3.054502487182617 4.44143009185791 0.5883599519729614
v -3.2631444931030273 4.5618896484375 0.5883599519729614
v -3.417081356048584 4.5934858322143555 1.0736711025238037
v -3.417081356048584 4.5934858322143555 1.0736711025238037
v -3.417081356048584 4.538666725158691 1.5381450653076172
v -3.1030426025390625 4.357356071472168 1.5381450653076172
v -3.417081356048584 4.5934858322143555 1.0736711025238037
v -3.1030426025390625 4.357356071472168 1.5381450653076172
v -3.054502487182617 4.44143009185791 0.5883599519729614
v -4.38335657119751 3.935655117034912 1.4101228713989258
v -4.0691237449646 3.935655117034912 1.3036856651306152
v -4.045158863067627 3.935655117034912 1.5381450653076172
v -4.045158863067627 3.935655117034912 1.5381450653076172
v -4.142239093780518 3.935654878616333 1.8815217018127441
v -4.155473232269287 3.935654640197754 1.9283313751220703
v -4.155473232269287 3.935654640197754 1.9283313751220703
v -4.383357048034668 3.935654878616333 2.082709312438965
v -4.38335657119751 3.935655117034912 1.4101228713989258
v -4.045158863067627 3.935655117034912 1.5381450653076172
v -4.155473232269287 3.935654640197754 1.9283313751220703
v -4.38335657119751 3.935655117034912 1.4101228713989258
v -3.268336057662964 4.6480607986450195 0.604727566242218
v -3.2631444931030273 4.5618896484375 0.5883599519729614
v -3.054502487182617 4.44143009185791 0.5883599519729614
v -3.054502487182617 4.44143009185791 0.5883599519729614
v -3.0150930881500244 4.5096893310546875 0.6033053398132324
v -3.268336057662964 4.6480607986450195 0.604727566242218
v -4.217418670654297 3.658761501312256 0.6040678024291992
v -4.142239093780518 3.6537790298461914 0.5883600115776062
v -4.090794563293457 3.813425064086914 1.0916695594787598
v -4.090794563293457 3.813425064086914 1.0916695594787598
v -4.090524673461914 3.814262866973877 1.0943114757537842
v -5.383838653564453 3.814262866973877 1.0943114757537842
v -5.383838653564453 3.814262866973877 1.0943114757537842
v -5.38356876373291 3.813424587249756 1.0916692018508911
v -5.333289623260498 3.657395124435425 0.5997604727745056
v -5.383838653564453 3.814262866973877 1.0943114757537842
v -5.333289623260498 3.657395124435425 0.5997604727745056
v -5.2580246925354 3.662371873855591 0.6154505014419556
v -4.217418670654297 3.658761501312256 0.6040678024291992
v -4.090794563293457 3.813425064086914 1.0916695594787598
v -5.383838653564453 3.814262866973877 1.0943114757537842
v -4.30858850479126 3.3578898906707764 -0.34447890520095825
v -4.217418670654297 3.658761501312256 0.6040678024291992
v -5.383838653564453 3.814262866973877 1.0943114757537842
v -4.30858850479126 3.3578898906707764 -0.34447890520095825
v -5.383838653564453 3.814262866973877 1.0943114757537842
v -5.2580246925354 3.662371873855591 0.6154505014419556
v -6.51542854309082 3.356130838394165 -0.35002458095550537
v -6.517451763153076 3.35410737991333 -0.3564039468765259
v -4.260220050811768 3.35410737991333 -0.3564039468765259
v -5.236209392547607 3.356130838394165 -0.35002464056015015
v -6.51542854309082 3.356130838394165 -0.35002458095550537
v -4.260220050811768 3.35410737991333 -0.3564039468765259
v -4.30858850479126 3.3578898906707764 -0.34447890520095825
v -5.2580246925354 3.662371873855591 0.6154505014419556
v -5.166864395141602 3.3615009784698486 -0.3330942392349243
v -5.236209392547607 3.356130838394165 -0.35002464056015015
v -4.260220050811768 3.35410737991333 -0.3564039468765259
v -4.30858850479126 3.3578898906707764 -0.34447890520095825
v -4.30858850479126 3.3578898906707764 -0.34447890520095825
v -5.166864395141602 3.3615009784698486 -0.3330942392349243
v -5.236209392547607 3.356130838394165 -0.35002464056015015
v -4.181682109832764 4.059713363647461 2.02103328704834
v -4.155473232269287 4.059713363647461 1.9283313751220703
v -4.383357048034668 4.059713363647461 2.082709312438965
v -4.383357048034668 4.059713363647461 2.082709312438965
v -4.346923828125 4.059713363647461 2.1364896297454834
v -4.181682109832764 4.059713363647461 2.02103328704834
v -3.7311201095581055 4.357356071472168 1.5381450653076172
v -3.7604942321777344 4.408233642578125 0.9633806943893433
v -3.9742519855499268 4.284820556640625 0.9633806943893433
v -3.9742519855499268 4.284820556640625 0.9633806943893433
v -3.974252223968506 4.248448371887207 1.2715506553649902
v -3.974252223968506 4.216983795166016 1.5381450653076172
v -3.9742519855499268 4.284820556640625 0.9633806943893433
v -3.974252223968506 4.216983795166016 1.5381450653076172
v -3.7311201095581055 4.357356071472168 1.5381450653076172
v -3.7401466369628906 4.411527633666992 1.035003900527954
v -3.423628330230713 4.587270259857178 1.0943114757537842
v -3.423628330230713 5.673290252685547 1.0943114757537842
v -3.423628330230713 5.673290252685547 1.0943114757537842
v -3.7401466369628906 5.849031925201416 1.035003900527954
v -3.7401466369628906 4.411527633666992 1.035003900527954
v -3.7311201095581055 5.903203964233398 1.5381450653076172
v -3.9742517471313477 6.043576240539551 1.5381450653076172
v -3.9742517471313477 6.012111186981201 1.2715506553649902
v -3.9742517471313477 6.012111186981201 1.2715506553649902
v -3.9742519855499268 5.975739479064941 0.9633806943893433
v -3.7604942321777344 5.852326393127441 0.9633806347846985
v -3.9742517471313477 6.012111186981201 1.2715506553649902
v -3.7604942321777344 5.852326393127441 0.9633806347846985
v -3.7311201095581055 5.903203964233398 1.5381450653076172
v -3.974252462387085 4.304285049438477 1.8055646419525146
v -3.9742517471313477 5.956274509429932 1.8055646419525146
v -4.086374759674072 5.996212005615234 1.8815217018127441
v -4.155473709106445 6.020824432373047 1.9283318519592285
v -4.155473709106445 6.174623489379883 1.9283318519592285
v -4.383356094360352 6.174623489379883 2.082709312438965
v -3.974252462387085 4.304285049438477 1.8055646419525146
v -4.086374759674072 5.996212005615234 1.8815217018127441
v -4.155473709106445 6.020824432373047 1.9283318519592285
v -4.155473232269287 4.2397356033325195 1.9283313751220703
v -4.0863752365112305 4.264348030090332 1.8815217018127441
v -3.974252462387085 4.304285049438477 1.8055646419525146
v -3.974252462387085 4.304285049438477 1.8055646419525146
v -4.155473709106445 6.020824432373047 1.9283318519592285
v -4.383356094360352 6.174623489379883 2.082709312438965
v -4.383356094360352 6.174623489379883 2.082709312438965
v -4.383357048034668 4.059713363647461 2.082709312438965
v -4.155473232269287 4.059713363647461 1.9283313751220703
v -4.155473232269287 4.2397356033325195 1.9283313751220703
v -3.974252462387085 4.304285049438477 1.8055646419525146
v -4.383356094360352 6.174623489379883 2.082709312438965
v -4.383356094360352 6.174623489379883 2.082709312438965
v -4.155473232269287 4.059713363647461 1.9283313751220703
v -4.155473232269287 4.2397356033325195 1.9283313751220703
v -3.974252223968506 4.248448371887207 1.2715506553649902
v -3.9742517471313477 6.012111186981201 1.2715506553649902
v -3.9742517471313477 6.043576240539551 1.5381450653076172
v -3.9742517471313477 6.043576240539551 1.5381450653076172
v -3.9742517471313477 5.956274509429932 1.8055646419525146
v -3.974252462387085 4.304285049438477 1.8055646419525146
v -3.974252462387085 4.304285049438477 1.8055646419525146
v -3.974252223968506 4.216983795166016 1.5381450653076172
v -3.974252223968506 4.248448371887207 1.2715506553649902
v -3.9742517471313477 6.043576240539551 1.5381450653076172
v -3.974252462387085 4.304285049438477 1.8055646419525146
v -3.974252223968506 4.248448371887207 1.2715506553649902
v -2.963472843170166 4.531549453735352 -0.3564039468765259
v -2.963472843170166 5.729011058807373 -0.3564039468765259
v -2.966613292694092 5.666901588439941 -0.3465026021003723
v -2.963472843170166 4.531549453735352 -0.3564039468765259
v -2.966613292694092 5.666901588439941 -0.3465026021003723
v -2.966620683670044 5.666759967803955 -0.3464793562889099
v -2.966613531112671 4.593658447265625 -0.3465026617050171
v -2.963472843170166 4.531549453735352 -0.3564039468765259
v -2.966620683670044 5.666759967803955 -0.3464793562889099
v -3.268336057662964 5.612499237060547 0.6047276258468628
v -3.2631444931030273 5.698670864105225 0.5883600115776062
v -3.417081356048584 5.667074203491211 1.0736711025238037
v -2.966620683670044 4.593800067901611 -0.3464794158935547
v -2.966613531112671 4.593658447265625 -0.3465026617050171
v -2.966620683670044 5.666759967803955 -0.3464793562889099
v -3.417081356048584 4.5934858322143555 1.0736711025238037
v -3.2631444931030273 4.5618896484375 0.5883599519729614
v -3.268336057662964 4.6480607986450195 0.604727566242218
v -3.268336057662964 4.6480607986450195 0.604727566242218
v -2.966620683670044 4.593800067901611 -0.3464794158935547
v -2.966620683670044 5.666759967803955 -0.3464793562889099
v -3.268336057662964 4.6480607986450195 0.604727566242218
v -2.966620683670044 5.666759967803955 -0.3464793562889099
v -3.268336057662964 5.612499237060547 0.6047276258468628
v -3.423628330230713 5.673290252685547 1.0943114757537842
v -3.423628330230713 4.587270259857178 1.0943114757537842
v -3.417081356048584 4.5934858322143555 1.0736711025238037
v -3.417081356048584 4.5934858322143555 1.0736711025238037
v -3.268336057662964 4.6480607986450195 0.604727566242218
v -3.268336057662964 5.612499237060547 0.6047276258468628
v -3.417081356048584 5.667074203491211 1.0736711025238037
v -3.423628330230713 5.673290252685547 1.0943114757537842
v -3.417081356048584 4.5934858322143555 1.0736711025238037
v -3.268336057662964 5.612499237060547 0.6047276258468628
v -3.417081356048584 5.667074203491211 1.0736711025238037
v -3.417081356048584 4.5934858322143555 1.0736711025238037
v -4.38335657119751 6.30428409576416 1.0673956871032715
v -4.093275547027588 6.30428409576416 1.0673956871032715
v -4.090539932250977 6.447134971618652 1.0941624641418457
v -4.090539932250977 6.447134971618652 1.0941624641418457
v -4.090524673461914 6.447930812835693 1.0943114757537842
v -5.383838653564453 6.447930812835693 1.0943114757537842
v -5.383838653564453 6.447930812835693 1.0943114757537842
v -5.383823394775391 6.447134971618652 1.0941623449325562
v -5.381087779998779 6.30428409576416 1.0673956871032715
v -5.381087779998779 6.30428409576416 1.0673956871032715
v -5.148982048034668 6.30428409576416 1.0673956871032715
v -4.7574052810668945 6.30428409576416 1.0673956871032715
v -4.7574052810668945 6.30428409576416 1.0673956871032715
v -4.38335657119751 6.30428409576416 1.0673956871032715
v -4.090539932250977 6.447134971618652 1.0941624641418457
v -4.090539932250977 6.447134971618652 1.0941624641418457
v -5.383838653564453 6.447930812835693 1.0943114757537842
v -5.381087779998779 6.30428409576416 1.0673956871032715
v -4.090539932250977 6.447134971618652 1.0941624641418457
v -5.381087779998779 6.30428409576416 1.0673956871032715
v -4.7574052810668945 6.30428409576416 1.0673956871032715
v -3.7401466369628906 4.419981002807617 0.9633806943893433
v -3.7401466369628906 5.840579032897949 0.9633806943893433
v -3.7604942321777344 5.852326393127441 0.9633806347846985
v -3.7604942321777344 5.852326393127441 0.9633806347846985
v -3.9742519855499268 5.975739479064941 0.9633806943893433
v -3.9742519855499268 4.284820556640625 0.9633806943893433
v -3.7604942321777344 4.408233642578125 0.9633806943893433
v -3.7401466369628906 4.419981002807617 0.9633806943893433
v -3.7604942321777344 5.852326393127441 0.9633806347846985
v -3.7604942321777344 5.852326393127441 0.9633806347846985
v -3.9742519855499268 4.284820556640625 0.9633806943893433
v -3.7604942321777344 4.408233642578125 0.9633806943893433
v -4.045158863067627 6.304283618927002 1.5381450653076172
v -4.142239093780518 6.304283618927002 1.8815217018127441
v -4.142239093780518 6.447134971618652 1.8815217018127441
v -4.142239093780518 6.447134971618652 1.8815217018127441
v -4.045158863067627 6.447134971618652 1.5381450653076172
v -4.045158863067627 6.304283618927002 1.5381450653076172
v -4.217380523681641 6.603429794311523 0.6040758490562439
v -4.142239093780518 6.608414649963379 0.5883600115776062
v -4.142239093780518 6.865805149078369 0.5883600115776062
v -4.142239093780518 6.865805149078369 0.5883600115776062
v -4.210282802581787 6.90509033203125 0.6055629849433899
v -4.217380523681641 6.603429794311523 0.6040758490562439
v -4.383356094360352 6.304283142089844 2.082709312438965
v -4.155473709106445 6.304283618927002 1.9283320903778076
v -4.142239093780518 6.304283618927002 1.8815217018127441
v -4.142239093780518 6.304283618927002 1.8815217018127441
v -4.045158863067627 6.304283618927002 1.5381450653076172
v -4.0691237449646 6.30428409576416 1.3036859035491943
v -4.0691237449646 6.30428409576416 1.3036859035491943
v -4.383356094360352 6.30428409576416 1.4101228713989258
v -4.383356094360352 6.304283142089844 2.082709312438965
v -4.142239093780518 6.304283618927002 1.8815217018127441
v -4.0691237449646 6.30428409576416 1.3036859035491943
v -4.383356094360352 6.304283142089844 2.082709312438965
v -4.142239093780518 6.447134971618652 1.8815217018127441
v -4.142239093780518 6.304283618927002 1.8815217018127441
v -4.155473709106445 6.304283618927002 1.9283320903778076
v -4.142239093780518 6.447134971618652 1.8815217018127441
v -4.155473709106445 6.304283618927002 1.9283320903778076
v -4.181682586669922 6.304283142089844 2.021034002304077
v -4.155473709106445 6.020824432373047 1.9283318519592285
v -4.239319324493408 5.972415924072266 2.224898099899292
v -4.239319324493408 6.447134971618652 2.224898099899292
v -4.181682586669922 6.174623489379883 2.021034002304077
v -4.155473709106445 6.174623489379883 1.9283318519592285
v -4.155473709106445 6.020824432373047 1.9283318519592285
v -4.239319324493408 6.447134971618652 2.224898099899292
v -4.142239093780518 6.447134971618652 1.8815217018127441
v -4.181682586669922 6.304283142089844 2.021034002304077
v -4.181682586669922 6.174623489379883 2.021034002304077
v -4.155473709106445 6.020824432373047 1.9283318519592285
v -4.239319324493408 6.447134971618652 2.224898099899292
v -4.181682586669922 6.304283142089844 2.021034002304077
v -4.181682586669922 6.174623489379883 2.021034002304077
v -4.239319324493408 6.447134971618652 2.224898099899292
v -4.0691237449646 6.30428409576416 1.3036859035491943
v -4.093275547027588 6.30428409576416 1.0673956871032715
v -4.38335657119751 6.30428409576416 1.0673956871032715
v -4.38335657119751 6.30428409576416 1.0673956871032715
v -4.383356094360352 6.30428409576416 1.4101228713989258
v -4.0691237449646 6.30428409576416 1.3036859035491943
v -4.181682586669922 6.304283142089844 2.021034002304077
v -4.155473709106445 6.304283618927002 1.9283320903778076
v -4.383356094360352 6.304283142089844 2.082709312438965
v -4.383356094360352 6.304283142089844 2.082709312438965
v -4.346923351287842 6.304283142089844 2.1364896297454834
v -4.181682586669922 6.304283142089844 2.021034002304077
v -4.045158863067627 6.447134971618652 1.5381450653076172
v -4.090539932250977 6.447134971618652 1.0941624641418457
v -4.093275547027588 6.30428409576416 1.0673956871032715
v -4.0691237449646 6.30428409576416 1.3036859035491943
v -4.045158863067627 6.304283618927002 1.5381450653076172
v -4.045158863067627 6.447134971618652 1.5381450653076172
v -4.093275547027588 6.30428409576416 1.0673956871032715
v -4.0691237449646 6.30428409576416 1.3036859035491943
v -4.045158863067627 6.447134971618652 1.5381450653076172
v -4.181682586669922 6.174623489379883 2.021034002304077
v -4.181682586669922 6.304283142089844 2.021034002304077
v -4.346923351287842 6.304283142089844 2.1364896297454834
v -4.346923351287842 6.304283142089844 2.1364896297454834
v -4.346923351287842 6.174623489379883 2.1364896297454834
v -4.181682586669922 6.174623489379883 2.021034002304077
v -4.142239093780518 6.865805149078369 0.5883600115776062
v -4.142239093780518 6.608414649963379 0.5883600115776062
v -4.090524673461914 6.447930812835693 1.0943114757537842
v -4.090524673461914 6.447930812835693 1.0943114757537842
v -4.090539932250977 6.447134971618652 1.0941624641418457
v -4.045158863067627 6.447134971618652 1.5381450653076172
v -4.045158863067627 6.447134971618652 1.5381450653076172
v -4.045158863067627 6.809755802154541 1.5381450653076172
v -4.142239093780518 6.865805149078369 0.5883600115776062
v -4.090524673461914 6.447930812835693 1.0943114757537842
v -4.045158863067627 6.447134971618652 1.5381450653076172
v -4.142239093780518 6.865805149078369 0.5883600115776062
v -2.966620683670044 5.666759967803955 -0.3464793562889099
v -2.966613292694092 5.666901588439941 -0.3465026021003723
v -2.966553211212158 5.666797161102295 -0.34647971391677856
v -3.7604942321777344 5.852326393127441 0.9633806347846985
v -3.7401466369628906 5.840579032897949 0.9633806943893433
v -3.7401466369628906 5.849031925201416 1.035003900527954
v -3.423628330230713 5.673290252685547 1.0943114757537842
v -3.417081356048584 5.667074203491211 1.0736711025238037
v -3.417081356048584 5.721893787384033 1.5381450653076172
v -3.7311201095581055 5.903203964233398 1.5381450653076172
v -3.7604942321777344 5.852326393127441 0.9633806347846985
v -3.7401466369628906 5.849031925201416 1.035003900527954
v -3.7401466369628906 5.849031925201416 1.035003900527954
v -3.423628330230713 5.673290252685547 1.0943114757537842
v -3.417081356048584 5.721893787384033 1.5381450653076172
v -3.7401466369628906 5.849031925201416 1.035003900527954
v -3.417081356048584 5.721893787384033 1.5381450653076172
v -3.7311201095581055 5.903203964233398 1.5381450653076172
v -4.308554649353027 6.904301643371582 -0.3444717526435852
v -4.217380523681641 6.603429794311523 0.6040758490562439
v -4.210282802581787 6.90509033203125 0.6055629849433899
v -4.210282802581787 6.90509033203125 0.6055629849433899
v -4.307363033294678 6.961139678955078 -0.3442220687866211
v -4.308554649353027 6.904301643371582 -0.3444717526435852
vn 0.481140621453644 0.8333603280484867 -0.2720556303812145
vn 0.481140621453644 0.8333603280484867 -0.2720556303812145
vn 0.481140621453644 0.8333603280484867 -0.2720556303812145
vn 0.48114020229679577 0.8333604439247397 -0.2720560167233195
vn 0.48114020229679577 0.8333604439247397 -0.2720560167233195
vn 0.48114020229679577 0.8333604439247397 -0.2720560167233195
vn 0.9622807669371525 0 -0.2720583128354023
vn 0.9622807669371525 0 -0.2720583128354023
vn 0.9622807669371525 0 -0.2720583128354023
vn 0.9622807157125942 0 -0.2720584940185798
vn 0.9622807157125942 0 -0.2720584940185798
vn 0.9622807157125942 0 -0.2720584940185798
vn 0.4811410514028422 -0.8333592851763556 -0.27205806451072406
vn 0.4811410514028422 -0.8333592851763556 -0.27205806451072406
vn 0.4811410514028422 -0.8333592851763556 -0.27205806451072406
vn 0.4811407029369269 -0.8333592414406518 -0.2720588147493504
vn 0.4811407029369269 -0.8333592414406518 -0.2720588147493504
vn 0.4811407029369269 -0.8333592414406518 -0.2720588147493504
vn -0.4811408774368329 -0.8333589955499695 -0.2720592593448355
vn -0.4811408774368329 -0.8333589955499695 -0.2720592593448355
vn -0.4811408774368329 -0.8333589955499695 -0.2720592593448355
vn -0.4811400469240852 -0.8333592408140834 -0.2720599768353728
vn -0.4811400469240852 -0.8333592408140834 -0.2720599768353728
vn -0.4811400469240852 -0.8333592408140834 -0.2720599768353728
vn -0.481139955752721 -0.8333595953859236 -0.27205905196570684
vn -0.481139955752721 -0.8333595953859236 -0.27205905196570684
vn -0.481139955752721 -0.8333595953859236 -0.27205905196570684
vn -0.8660237179922537 -0.5000029198663478 0
vn -0.8660237179922537 -0.5000029198663478 0
vn -0.8660237179922537 -0.5000029198663478 0
vn -0.8660256937855256 -0.49999949770304647 0
vn -0.8660256937855256 -0.49999949770304647 0
vn -0.8660256937855256 -0.49999949770304647 0
vn -0.9622806332793835 0 -0.2720587855876532
vn -0.9622806332793835 0 -0.2720587855876532
vn -0.9622806332793835 0 -0.2720587855876532
vn -0.9622808337659513 0 -0.27205807645924696
vn -0.9622808337659513 0 -0.27205807645924696
vn -0.9622808337659513 0 -0.27205807645924696
vn -0.48114067325727683 0.8333586456066783 -0.27206069236502567
vn -0.48114067325727683 0.8333586456066783 -0.27206069236502567
vn -0.48114067325727683 0.8333586456066783 -0.27206069236502567
vn -0.4811407029369269 0.8333592414406518 -0.2720588147493504
vn -0.4811407029369269 0.8333592414406518 -0.2720588147493504
vn -0.4811407029369269 0.8333592414406518 -0.2720588147493504
vn 0 0 -1
vn 0 0 -1
vn 0 0 -1
vn -1.5270272513134664e-7 0 -0.9999999999999885
vn -1.5270272513134664e-7 0 -0.9999999999999885
vn -1.5270272513134664e-7 0 -0.9999999999999885
vn -7.635098597802403e-8 0 -0.9999999999999971
vn -7.635098597802403e-8 0 -0.9999999999999971
vn -7.635098597802403e-8 0 -0.9999999999999971
vn 0 0 -1
vn 0 0 -1
vn 0 0 -1
vn 1.5270197195604674e-7 0 -0.9999999999999885
vn 1.5270197195604674e-7 0 -0.9999999999999885
vn 1.5270197195604674e-7 0 -0.9999999999999885
vn 7.635117071913533e-8 0 -0.9999999999999971
vn 7.635117071913533e-8 0 -0.9999999999999971
vn 7.635117071913533e-8 0 -0.9999999999999971
vn 0 0 -1
vn 0 0 -1
vn 0 0 -1
vn 0 0 -1
vn 0 0 -1
vn 0 0 -1
vn 0 0 -1
vn 0 0 -1
vn 0 0 -1
vn 0 0 -1
vn 0 0 -1
vn 0 0 -1
vn -0.4974080449365971 0.8615368225454425 0.10168352979049669
vn -0.4974080449365971 0.8615368225454425 0.10168352979049669
vn -0.4974080449365971 0.8615368225454425 0.10168352979049669
vn -0.4974086419517386 0.8615365262000109 0.1016831202065764
vn -0.4974086419517386 0.8615365262000109 0.1016831202065764
vn -0.4974086419517386 0.8615365262000109 0.1016831202065764
vn 0.49740879679136124 -0.8615364250706727 0.10168321961373737
vn 0.49740879679136124 -0.8615364250706727 0.10168321961373737
vn 0.49740879679136124 -0.8615364250706727 0.10168321961373737
vn 0.49740796506658075 -0.8615370854679736 0.10168169280491333
vn 0.49740796506658075 -0.8615370854679736 0.10168169280491333
vn 0.49740796506658075 -0.8615370854679736 0.10168169280491333
vn 0.4974079978829535 -0.8615369714791814 0.10168249808375182
vn 0.4974079978829535 -0.8615369714791814 0.10168249808375182
vn 0.4974079978829535 -0.8615369714791814 0.10168249808375182
vn 0.9948168219054361 0 0.10168328699431366
vn 0.9948168219054361 0 0.10168328699431366
vn 0.9948168219054361 0 0.10168328699431366
vn 0.9948168520523027 0 0.10168299205249004
vn 0.9948168520523027 0 0.10168299205249004
vn 0.9948168520523027 0 0.10168299205249004
vn 0.49740818262322756 0.861536743325335 0.101683527475367
vn 0.49740818262322756 0.861536743325335 0.101683527475367
vn 0.49740818262322756 0.861536743325335 0.101683527475367
vn 0.4974075520383753 0.8615371523546981 0.10168314652757658
vn 0.4974075520383753 0.8615371523546981 0.10168314652757658
vn 0.4974075520383753 0.8615371523546981 0.10168314652757658
vn 7.066278726595611e-7 0 0.9999999999997504
vn 7.066278726595611e-7 0 0.9999999999997504
vn 7.066278726595611e-7 0 0.9999999999997504
vn 0 0 1
vn 0 0 1
vn 0 0 1
vn 0 0 1
vn 0 0 1
vn 0 0 1
vn 0 0 1
vn 0 0 1
vn 0 0 1
vn 0 0 1
vn 0 0 1
vn 0 0 1
vn 0 0 1
vn 0 0 1
vn 0 0 1
vn 0 0 1
vn 0 0 1
vn 0 0 1
vn 9.421722779730227e-7 0 0.9999999999995561
vn 9.421722779730227e-7 0 0.9999999999995561
vn 9.421722779730227e-7 0 0.9999999999995561
vn 0 0 1
vn 0 0 1
vn 0 0 1
vn -3.140573312521001e-7 0 0.9999999999999507
vn -3.140573312521001e-7 0 0.9999999999999507
vn -3.140573312521001e-7 0 0.9999999999999507
vn -0.0000010757477184591294 0 0.9999999999994214
vn -0.0000010757477184591294 0 0.9999999999994214
vn -0.0000010757477184591294 0 0.9999999999994214
vn 0.0000013560332945404565 0 0.9999999999990807
vn 0.0000013560332945404565 0 0.9999999999990807
vn 0.0000013560332945404565 0 0.9999999999990807
vn 0 0 1
vn 0 0 1
vn 0 0 1
vn 0.0000013560388651955048 0 0.9999999999990807
vn 0.0000013560388651955048 0 0.9999999999990807
vn 0.0000013560388651955048 0 0.9999999999990807
vn -0.0000016136181102389767 0 0.9999999999986982
vn -0.0000016136181102389767 0 0.9999999999986982
vn -0.0000016136181102389767 0 0.9999999999986982
vn 0 0 1
vn 0 0 1
vn 0 0 1
vn 1 0 0
vn 1 0 0
vn 1 0 0
vn 1 0 0
vn 1 0 0
vn 1 0 0
vn 0 1 0
vn 0 1 0
vn 0 1 0
vn 0 1 0
vn 0 1 0
vn 0 1 0
vn 0.0000010757535164878532 0 0.9999999999994214
vn 0.0000010757535164878532 0 0.9999999999994214
vn 0.0000010757535164878532 0 0.9999999999994214
vn 0 0 1
vn 0 0 1
vn 0 0 1
vn 0 0 1
vn 0 0 1
vn 0 0 1
vn 0 0 1
vn 0 0 1
vn 0 0 1
vn -0.866026148518373 -0.49999871008076935 0
vn -0.866026148518373 -0.49999871008076935 0
vn -0.866026148518373 -0.49999871008076935 0
vn -0.8660263758845191 -0.49999831626949065 0
vn -0.8660263758845191 -0.49999831626949065 0
vn -0.8660263758845191 -0.49999831626949065 0
vn 0 0 1
vn 0 0 1
vn 0 0 1
vn 0 0 1
vn 0 0 1
vn 0 0 1
vn 0 0 1
vn 0 0 1
vn 0 0 1
vn -0.0000021514954369145246 0 0.9999999999976856
vn -0.0000021514954369145246 0 0.9999999999976856
vn -0.0000021514954369145246 0 0.9999999999976856
vn -0.866026148518373 -0.49999871008076935 0
vn -0.866026148518373 -0.49999871008076935 0
vn -0.866026148518373 -0.49999871008076935 0
vn -0.8660248270248614 -0.5000009989755609 0
vn -0.8660248270248614 -0.5000009989755609 0
vn -0.8660248270248614 -0.5000009989755609 0
vn 0.866025241048328 -0.5000002818671057 0
vn 0.866025241048328 -0.5000002818671057 0
vn 0.866025241048328 -0.5000002818671057 0
vn 0.8660241320173263 -0.5000022027587843 0
vn 0.8660241320173263 -0.5000022027587843 0
vn 0.8660241320173263 -0.5000022027587843 0
vn 0 1 0
vn 0 1 0
vn 0 1 0
vn 0 1 0
vn 0 1 0
vn 0 1 0
vn 0.000001782960225679639 0 0.9999999999984106
vn 0.000001782960225679639 0 0.9999999999984106
vn 0.000001782960225679639 0 0.9999999999984106
vn 0 0 1
vn 0 0 1
vn 0 0 1
vn 0.5000006533261706 -0.8660250265860696 0
vn 0.5000006533261706 -0.8660250265860696 0
vn 0.5000006533261706 -0.8660250265860696 0
vn 0.5000002818671057 -0.866025241048328 0
vn 0.5000002818671057 -0.866025241048328 0
vn 0.5000002818671057 -0.866025241048328 0
vn -0.866025241048328 -0.5000002818671057 0
vn -0.866025241048328 -0.5000002818671057 0
vn -0.866025241048328 -0.5000002818671057 0
vn -0.8660256937855256 -0.49999949770304647 0
vn -0.8660256937855256 -0.49999949770304647 0
vn -0.8660256937855256 -0.49999949770304647 0
vn 0 0 1
vn 0 0 1
vn 0 0 1
vn -0.0000010757512427510987 0 0.9999999999994214
vn -0.0000010757512427510987 0 0.9999999999994214
vn -0.0000010757512427510987 0 0.9999999999994214
vn 0.866026148518373 -0.49999871008076935 0
vn 0.866026148518373 -0.49999871008076935 0
vn 0.866026148518373 -0.49999871008076935 0
vn 0.8660263758845191 -0.49999831626949065 0
vn 0.8660263758845191 -0.49999831626949065 0
vn 0.8660263758845191 -0.49999831626949065 0
vn 1 0 0
vn 1 0 0
vn 1 0 0
vn 1 0 0
vn 1 0 0
vn 1 0 0
vn 0 0 1
vn 0 0 1
vn 0 0 1
vn 0 0 1
vn 0 0 1
vn 0 0 1
vn -0.1862978294510131 0 -0.982493317403147
vn -0.1862978294510131 0 -0.982493317403147
vn -0.1862978294510131 0 -0.982493317403147
vn -0.24004508296247387 0.009294970792201145 -0.9707172408397365
vn -0.24004508296247387 0.009294970792201145 -0.9707172408397365
vn -0.24004508296247387 0.009294970792201145 -0.9707172408397365
vn -0.23607029482660682 0.0028904255579428185 -0.9717316817622924
vn -0.23607029482660682 0.0028904255579428185 -0.9717316817622924
vn -0.23607029482660682 0.0028904255579428185 -0.9717316817622924
vn -0.24006196016395626 0.009290993465224733 -0.9707131052595653
vn -0.24006196016395626 0.009290993465224733 -0.9707131052595653
vn -0.24006196016395626 0.009290993465224733 -0.9707131052595653
vn 0.4974080449365971 0.8615368225454425 0.10168352979049669
vn 0.4974080449365971 0.8615368225454425 0.10168352979049669
vn 0.4974080449365971 0.8615368225454425 0.10168352979049669
vn 0.497408341199823 0.8615368194970225 0.10168210636977984
vn 0.497408341199823 0.8615368194970225 0.10168210636977984
vn 0.497408341199823 0.8615368194970225 0.10168210636977984
vn 0.12255389663927571 -0.2122694197717398 0.9694958668546754
vn 0.12255389663927571 -0.2122694197717398 0.9694958668546754
vn 0.12255389663927571 -0.2122694197717398 0.9694958668546754
vn 0.08515475059084923 -0.16594344599240357 0.9824517500539028
vn 0.08515475059084923 -0.16594344599240357 0.9824517500539028
vn 0.08515475059084923 -0.16594344599240357 0.9824517500539028
vn -0.18629758492319953 0 0.9824933637698441
vn -0.18629758492319953 0 0.9824933637698441
vn -0.18629758492319953 0 0.9824933637698441
vn -0.23943662840453594 -0.010419971395343234 0.9708560785072051
vn -0.23943662840453594 -0.010419971395343234 0.9708560785072051
vn -0.23943662840453594 -0.010419971395343234 0.9708560785072051
vn 0.9948168505449616 0 0.10168300679958188
vn 0.9948168505449616 0 0.10168300679958188
vn 0.9948168505449616 0 0.10168300679958188
vn 0.9948168445155942 0 0.10168306578794847
vn 0.9948168445155942 0 0.10168306578794847
vn 0.9948168445155942 0 0.10168306578794847
vn 0.12255586577560376 0.21227310413970388 -0.9694948112408269
vn 0.12255586577560376 0.21227310413970388 -0.9694948112408269
vn 0.12255586577560376 0.21227310413970388 -0.9694948112408269
vn 0.08602634597502785 0.1654421942867031 -0.9824603544916128
vn 0.08602634597502785 0.1654421942867031 -0.9824603544916128
vn 0.08602634597502785 0.1654421942867031 -0.9824603544916128
vn 0.4974084757898252 -0.8615366753087662 0.1016826696657809
vn 0.4974084757898252 -0.8615366753087662 0.1016826696657809
vn 0.4974084757898252 -0.8615366753087662 0.1016826696657809
vn 0.4974083555510669 -0.8615366735256722 0.1016832729523543
vn 0.4974083555510669 -0.8615366735256722 0.1016832729523543
vn 0.4974083555510669 -0.8615366735256722 0.1016832729523543
vn 0.09315102676293935 -0.16134374066910329 -0.9824922816795618
vn 0.09315102676293935 -0.16134374066910329 -0.9824922816795618
vn 0.09315102676293935 -0.16134374066910329 -0.9824922816795618
vn 0.12807616708943287 -0.20324333198547817 -0.9707155316709012
vn 0.12807616708943287 -0.20324333198547817 -0.9707155316709012
vn 0.12807616708943287 -0.20324333198547817 -0.9707155316709012
vn 0.0938202574717011 -0.16147909799752524 -0.9824063620507806
vn 0.0938202574717011 -0.16147909799752524 -0.9824063620507806
vn 0.0938202574717011 -0.16147909799752524 -0.9824063620507806
vn 0.09315629507516908 -0.1613635158123176 -0.9824885345145541
vn 0.09315629507516908 -0.1613635158123176 -0.9824885345145541
vn 0.09315629507516908 -0.1613635158123176 -0.9824885345145541
vn 0.09314737562367383 -0.16133570832871233 -0.9824939468681192
vn 0.09314737562367383 -0.16133570832871233 -0.9824939468681192
vn 0.09314737562367383 -0.16133570832871233 -0.9824939468681192
vn -0.24511043418455142 0 0.9694951650492439
vn -0.24511043418455142 0 0.9694951650492439
vn -0.24511043418455142 0 0.9694951650492439
vn -0.1862875424723531 0.009226609281709942 0.982451943456154
vn -0.1862875424723531 0.009226609281709942 0.982451943456154
vn -0.1862875424723531 0.009226609281709942 0.982451943456154
vn 0.18629762807516914 0 -0.9824933555874898
vn 0.18629762807516914 0 -0.9824933555874898
vn 0.18629762807516914 0 -0.9824933555874898
vn 0.24005055429236777 -0.009295741096791653 -0.9707158804621405
vn 0.24005055429236777 -0.009295741096791653 -0.9707158804621405
vn 0.24005055429236777 -0.009295741096791653 -0.9707158804621405
vn -0.2451087663736329 0 -0.9694955867082614
vn -0.2451087663736329 0 -0.9694955867082614
vn -0.2451087663736329 0 -0.9694955867082614
vn -0.1862980423565477 -0.002536742479893819 -0.9824900021637415
vn -0.1862980423565477 -0.002536742479893819 -0.9824900021637415
vn -0.1862980423565477 -0.002536742479893819 -0.9824900021637415
vn -0.093150088471548 -0.16134098478870781 -0.9824928232028736
vn -0.093150088471548 -0.16134098478870781 -0.9824928232028736
vn -0.093150088471548 -0.16134098478870781 -0.9824928232028736
vn -0.12452500260768759 -0.2090567192519835 -0.9699426848330539
vn -0.12452500260768759 -0.2090567192519835 -0.9699426848330539
vn -0.12452500260768759 -0.2090567192519835 -0.9699426848330539
vn -0.49740904003717845 0.8615362546177582 0.10168347392028762
vn -0.49740904003717845 0.8615362546177582 0.10168347392028762
vn -0.49740904003717845 0.8615362546177582 0.10168347392028762
vn -0.4974084572113128 0.8615367543536201 0.10168209081491165
vn -0.4974084572113128 0.8615367543536201 0.10168209081491165
vn -0.4974084572113128 0.8615367543536201 0.10168209081491165
vn -0.48114173906264684 0.8333596466258087 -0.2720557411772059
vn -0.48114173906264684 0.8333596466258087 -0.2720557411772059
vn -0.48114173906264684 0.8333596466258087 -0.2720557411772059
vn -0.4811395014959531 0.833359761691075 -0.27205934590530156
vn -0.4811395014959531 0.833359761691075 -0.27205934590530156
vn -0.4811395014959531 0.833359761691075 -0.27205934590530156
vn -0.4811405337319302 0.8333602713627895 -0.2720559591596761
vn -0.4811405337319302 0.8333602713627895 -0.2720559591596761
vn -0.4811405337319302 0.8333602713627895 -0.2720559591596761
vn -0.4811414232319372 0.8333598462153602 -0.2720556883548968
vn -0.4811414232319372 0.8333598462153602 -0.2720556883548968
vn -0.4811414232319372 0.8333598462153602 -0.2720556883548968
vn -0.48113998448688994 0.8333598319544039 -0.2720582765013461
vn -0.48113998448688994 0.8333598319544039 -0.2720582765013461
vn -0.48113998448688994 0.8333598319544039 -0.2720582765013461
vn -0.48114008686912096 0.8333595564050122 -0.27205893948925114
vn -0.48114008686912096 0.8333595564050122 -0.27205893948925114
vn -0.48114008686912096 0.8333595564050122 -0.27205893948925114
vn -0.9622806845039962 0 -0.272058604404493
vn -0.9622806845039962 0 -0.272058604404493
vn -0.9622806845039962 0 -0.272058604404493
vn -0.9622809874392823 0 -0.2720575329096401
vn -0.9622809874392823 0 -0.2720575329096401
vn -0.9622809874392823 0 -0.2720575329096401
vn 0 0 1
vn 0 0 1
vn 0 0 1
vn 0 0 1
vn 0 0 1
vn 0 0 1
vn 8.914856834959306e-7 0 0.9999999999996028
vn 8.914856834959306e-7 0 0.9999999999996028
vn 8.914856834959306e-7 0 0.9999999999996028
vn -0.000001075745444722375 0 0.9999999999994214
vn -0.000001075745444722375 0 0.9999999999994214
vn -0.000001075745444722375 0 0.9999999999994214
vn -0.5000013704344695 0.866024612562283 0
vn -0.5000013704344695 0.866024612562283 0
vn -0.5000013704344695 0.866024612562283 0
vn -0.5000002818671057 0.866025241048328 0
vn -0.5000002818671057 0.866025241048328 0
vn -0.5000002818671057 0.866025241048328 0
vn -0.4811402798370898 -0.8333598273245916 -0.2720577683504253
vn -0.4811402798370898 -0.8333598273245916 -0.2720577683504253
vn -0.4811402798370898 -0.8333598273245916 -0.2720577683504253
vn -0.48114078890964807 -0.8333623349338768 -0.27204918665741
vn -0.48114078890964807 -0.8333623349338768 -0.27204918665741
vn -0.48114078890964807 -0.8333623349338768 -0.27204918665741
vn -0.48114026087636513 -0.8333593692656365 -0.2720592049922286
vn -0.48114026087636513 -0.8333593692656365 -0.2720592049922286
vn -0.48114026087636513 -0.8333593692656365 -0.2720592049922286
vn -0.48114039440503287 -0.8333594020530398 -0.27205886841191057
vn -0.48114039440503287 -0.8333594020530398 -0.27205886841191057
vn -0.48114039440503287 -0.8333594020530398 -0.27205886841191057
vn -0.48113990653796207 -0.8333595537771059 -0.2720592664568955
vn -0.48113990653796207 -0.8333595537771059 -0.2720592664568955
vn -0.48113990653796207 -0.8333595537771059 -0.2720592664568955
vn -0.4811410514028422 -0.8333592851763556 -0.27205806451072406
vn -0.4811410514028422 -0.8333592851763556 -0.27205806451072406
vn -0.4811410514028422 -0.8333592851763556 -0.27205806451072406
vn -0.4811405337319302 -0.8333602713627895 -0.2720559591596761
vn -0.4811405337319302 -0.8333602713627895 -0.2720559591596761
vn -0.4811405337319302 -0.8333602713627895 -0.2720559591596761
vn 0.48114173906264684 -0.8333596466258087 -0.2720557411772059
vn 0.48114173906264684 -0.8333596466258087 -0.2720557411772059
vn 0.48114173906264684 -0.8333596466258087 -0.2720557411772059
vn 0.4811395014959531 -0.833359761691075 -0.27205934590530156
vn 0.4811395014959531 -0.833359761691075 -0.27205934590530156
vn 0.4811395014959531 -0.833359761691075 -0.27205934590530156
vn 0.48113944152238397 -0.8333600590752938 -0.27205854103400523
vn 0.48113944152238397 -0.8333600590752938 -0.27205854103400523
vn 0.48113944152238397 -0.8333600590752938 -0.27205854103400523
vn 0.48114118494158636 -0.8333594292049441 -0.2720573871597976
vn 0.48114118494158636 -0.8333594292049441 -0.2720573871597976
vn 0.48114118494158636 -0.8333594292049441 -0.2720573871597976
vn 0.48113961024210783 -0.8333591991411353 -0.27206087675907775
vn 0.48113961024210783 -0.8333591991411353 -0.27206087675907775
vn 0.48113961024210783 -0.8333591991411353 -0.27206087675907775
vn 0.48114008686912096 -0.8333595564050122 -0.27205893948925114
vn 0.48114008686912096 -0.8333595564050122 -0.27205893948925114
vn 0.48114008686912096 -0.8333595564050122 -0.27205893948925114
vn 0.9622808337659513 0 -0.27205807645924696
vn 0.9622808337659513 0 -0.27205807645924696
vn 0.9622808337659513 0 -0.27205807645924696
vn 0.9622806845039962 0 -0.272058604404493
vn 0.9622806845039962 0 -0.272058604404493
vn 0.9622806845039962 0 -0.272058604404493
vn 0.9622808025573977 0 -0.2720581868451872
vn 0.9622808025573977 0 -0.2720581868451872
vn 0.9622808025573977 0 -0.2720581868451872
vn 0.9622808181616757 0 -0.27205813165221837
vn 0.9622808181616757 0 -0.27205813165221837
vn 0.9622808181616757 0 -0.27205813165221837
vn 0.9622806332793835 0 -0.2720587855876532
vn 0.9622806332793835 0 -0.2720587855876532
vn 0.9622806332793835 0 -0.2720587855876532
vn 0.9622806845039962 0 -0.272058604404493
vn 0.9622806845039962 0 -0.272058604404493
vn 0.9622806845039962 0 -0.272058604404493
vn 0.48113974615337235 0.8333598917063766 -0.2720585149680204
vn 0.48113974615337235 0.8333598917063766 -0.2720585149680204
vn 0.48113974615337235 0.8333598917063766 -0.2720585149680204
vn 0.48113990653796207 0.8333595537771059 -0.2720592664568955
vn 0.48113990653796207 0.8333595537771059 -0.2720592664568955
vn 0.48113990653796207 0.8333595537771059 -0.2720592664568955
vn 0.48113974615337235 0.8333598917063766 -0.2720585149680204
vn 0.48113974615337235 0.8333598917063766 -0.2720585149680204
vn 0.48113974615337235 0.8333598917063766 -0.2720585149680204
vn 0.4811410932760834 0.8333598425255695 -0.27205628319679215
vn 0.4811410932760834 0.8333598425255695 -0.27205628319679215
vn 0.4811410932760834 0.8333598425255695 -0.27205628319679215
vn 0.4811410514028422 0.8333592851763556 -0.27205806451072406
vn 0.4811410514028422 0.8333592851763556 -0.27205806451072406
vn 0.4811410514028422 0.8333592851763556 -0.27205806451072406
vn 0.48113966680603615 0.8333588362465788 -0.2720618883186769
vn 0.48113966680603615 0.8333588362465788 -0.2720618883186769
vn 0.48113966680603615 0.8333588362465788 -0.2720618883186769
vn 0 0 1
vn 0 0 1
vn 0 0 1
vn 0 0 1
vn 0 0 1
vn 0 0 1
vn 0.0000021514954369145246 0 0.9999999999976856
vn 0.0000021514954369145246 0 0.9999999999976856
vn 0.0000021514954369145246 0 0.9999999999976856
vn 0 0 1
vn 0 0 1
vn 0 0 1
vn 0 0 1
vn 0 0 1
vn 0 0 1
vn 0 0 1
vn 0 0 1
vn 0 0 1
vn 8.914817044566103e-7 0 0.9999999999996028
vn 8.914817044566103e-7 0 0.9999999999996028
vn 8.914817044566103e-7 0 0.9999999999996028
vn 0 0 1
vn 0 0 1
vn 0 0 1
vn 0 0 1
vn 0 0 1
vn 0 0 1
vn 0 0 1
vn 0 0 1
vn 0 0 1
vn 0 0 1
vn 0 0 1
vn 0 0 1
vn -0.000002712070454425915 0 0.9999999999963225
vn -0.000002712070454425915 0 0.9999999999963225
vn -0.000002712070454425915 0 0.9999999999963225
vn 0 0 1
vn 0 0 1
vn 0 0 1
vn 0 0 1
vn 0 0 1
vn 0 0 1
vn -0.0000010757430572987828 0 0.9999999999994214
vn -0.0000010757430572987828 0 0.9999999999994214
vn -0.0000010757430572987828 0 0.9999999999994214
vn 0 0 1
vn 0 0 1
vn 0 0 1
vn 0 0 1
vn 0 0 1
vn 0 0 1
vn 0.0000010757499921958838 0 0.9999999999994214
vn 0.0000010757499921958838 0 0.9999999999994214
vn 0.0000010757499921958838 0 0.9999999999994214
vn 0 0 1
vn 0 0 1
vn 0 0 1
vn 0 0 1
vn 0 0 1
vn 0 0 1
vn -8.914832960723384e-7 0 0.9999999999996028
vn -8.914832960723384e-7 0 0.9999999999996028
vn -8.914832960723384e-7 0 0.9999999999996028
vn 0 0 1
vn 0 0 1
vn 0 0 1
vn 0 0 1
vn 0 0 1
vn 0 0 1
vn 0 0 1
vn 0 0 1
vn 0 0 1
vn -1 0 0
vn -1 0 0
vn -1 0 0
vn -1 0 0
vn -1 0 0
vn -1 0 0
vn 0 1 0
vn 0 1 0
vn 0 1 0
vn 0 1 0
vn 0 1 0
vn 0 1 0
vn -1 0 0
vn -1 0 0
vn -1 0 0
vn -1 0 0
vn -1 0 0
vn -1 0 0
vn 0.866026148518373 -0.49999871008076935 0
vn 0.866026148518373 -0.49999871008076935 0
vn 0.866026148518373 -0.49999871008076935 0
vn 0.8660263758845191 -0.49999831626949065 0
vn 0.8660263758845191 -0.49999831626949065 0
vn 0.8660263758845191 -0.49999831626949065 0
vn -0.5000002818671057 0.866025241048328 0
vn -0.5000002818671057 0.866025241048328 0
vn -0.5000002818671057 0.866025241048328 0
vn -0.5000007238392056 0.8660249858752751 0
vn -0.5000007238392056 0.8660249858752751 0
vn -0.5000007238392056 0.8660249858752751 0
vn 0 1 0
vn 0 1 0
vn 0 1 0
vn 0 1 0
vn 0 1 0
vn 0 1 0
vn -0.4999999843788446 -0.8660254128033169 0
vn -0.4999999843788446 -0.8660254128033169 0
vn -0.4999999843788446 -0.8660254128033169 0
vn -0.5000009542721362 -0.866024852834463 0
vn -0.5000009542721362 -0.866024852834463 0
vn -0.5000009542721362 -0.866024852834463 0
vn 0.49999991386579007 -0.8660254535140421 0
vn 0.49999991386579007 -0.8660254535140421 0
vn 0.49999991386579007 -0.8660254535140421 0
vn 0.49999991386579007 -0.8660254535140421 0
vn 0.49999991386579007 -0.8660254535140421 0
vn 0.49999991386579007 -0.8660254535140421 0
vn 0.8660237179922537 -0.5000029198663478 0
vn 0.8660237179922537 -0.5000029198663478 0
vn 0.8660237179922537 -0.5000029198663478 0
vn 0.8660256937855256 -0.49999949770304647 0
vn 0.8660256937855256 -0.49999949770304647 0
vn 0.8660256937855256 -0.49999949770304647 0
vn 0.5000002818671057 0.866025241048328 0
vn 0.5000002818671057 0.866025241048328 0
vn 0.5000002818671057 0.866025241048328 0
vn 0.5000007238392056 0.8660249858752751 0
vn 0.5000007238392056 0.8660249858752751 0
vn 0.5000007238392056 0.8660249858752751 0
vn 0.4999999843788446 0.8660254128033169 0
vn 0.4999999843788446 0.8660254128033169 0
vn 0.4999999843788446 0.8660254128033169 0
vn 0.5000016713802966 0.866024438810424 0
vn 0.5000016713802966 0.866024438810424 0
vn 0.5000016713802966 0.866024438810424 0
vn -0.49999942718998125 -0.8660257344962046 0
vn -0.49999942718998125 -0.8660257344962046 0
vn -0.49999942718998125 -0.8660257344962046 0
vn -0.5000008390556762 -0.866024919354876 0
vn -0.5000008390556762 -0.866024919354876 0
vn -0.5000008390556762 -0.866024919354876 0
vn 0.5171087311918096 0.8498614907640285 0.10165631628944513
vn 0.5171087311918096 0.8498614907640285 0.10165631628944513
vn 0.5171087311918096 0.8498614907640285 0.10165631628944513
vn 0.5149064725785726 0.8510536660088706 0.10285417866841201
vn 0.5149064725785726 0.8510536660088706 0.10285417866841201
vn 0.5149064725785726 0.8510536660088706 0.10285417866841201
vn 0.4773869728151767 0.8726363623951444 0.10299251046620905
vn 0.4773869728151767 0.8726363623951444 0.10299251046620905
vn 0.4773869728151767 0.8726363623951444 0.10299251046620905
vn 0.47963535227491183 0.871558834900267 0.1016618225068307
vn 0.47963535227491183 0.871558834900267 0.1016618225068307
vn 0.47963535227491183 0.871558834900267 0.1016618225068307
vn 0.994555972331724 -0.022899680350005242 0.10165639448242729
vn 0.994555972331724 -0.022899680350005242 0.10165639448242729
vn 0.994555972331724 -0.022899680350005242 0.10165639448242729
vn 0.9944874515851514 -0.02039494897909257 0.10285307334159484
vn 0.9944874515851514 -0.02039494897909257 0.10285307334159484
vn 0.9944874515851514 -0.02039494897909257 0.10285307334159484
vn 0.9944186689368031 0.022889835489967886 0.10299304006193145
vn 0.9944186689368031 0.022889835489967886 0.10299304006193145
vn 0.9944186689368031 0.022889835489967886 0.10299304006193145
vn 0.9946097505587775 0.020402762575267193 0.10166204489731623
vn 0.9946097505587775 0.020402762575267193 0.10166204489731623
vn 0.9946097505587775 0.020402762575267193 0.10166204489731623
vn 0.47744816115090105 -0.8727595132097659 0.10165670423280379
vn 0.47744816115090105 -0.8727595132097659 0.10165670423280379
vn 0.47744816115090105 -0.8727595132097659 0.10165670423280379
vn 0.48024409608191954 -0.8707578109478025 0.10557671548145031
vn 0.48024409608191954 -0.8707578109478025 0.10557671548145031
vn 0.48024409608191954 -0.8707578109478025 0.10557671548145031
vn 0.5170319689503649 -0.8497473023017346 0.1029925497996518
vn 0.5170319689503649 -0.8497473023017346 0.1029925497996518
vn 0.5170319689503649 -0.8497473023017346 0.1029925497996518
vn 0.5149740588076828 -0.8511560578003685 0.10166161529740196
vn 0.5149740588076828 -0.8511560578003685 0.10166161529740196
vn 0.5149740588076828 -0.8511560578003685 0.10166161529740196
vn -0.47744691626797137 0.8727602409224028 0.10165630335239546
vn -0.47744691626797137 0.8727602409224028 0.10165630335239546
vn -0.47744691626797137 0.8727602409224028 0.10165630335239546
vn -0.479580976297926 0.8714489480327338 0.10285338179063425
vn -0.479580976297926 0.8714489480327338 0.10285338179063425
vn -0.479580976297926 0.8714489480327338 0.10285338179063425
vn -0.5170321451994121 0.8497470596677389 0.10299366687581431
vn -0.5170321451994121 0.8497470596677389 0.10299366687581431
vn -0.5170321451994121 0.8497470596677389 0.10299366687581431
vn -0.5149748282294428 0.8511556911834858 0.10166078720931931
vn -0.5149748282294428 0.8511556911834858 0.10166078720931931
vn -0.5149748282294428 0.8511556911834858 0.10166078720931931
vn -0.12255321310192999 0.21226811178828286 -0.9694962396400669
vn -0.12255321310192999 0.21226811178828286 -0.9694962396400669
vn -0.12255321310192999 0.21226811178828286 -0.9694962396400669
vn -0.10026471961710193 0.1572230144530119 -0.9824601313673812
vn -0.10026471961710193 0.1572230144530119 -0.9824601313673812
vn -0.10026471961710193 0.1572230144530119 -0.9824601313673812
vn 0.09314881539515785 -0.16133657573003088 0.9824936679298176
vn 0.09314881539515785 -0.16133657573003088 0.9824936679298176
vn 0.09314881539515785 -0.16133657573003088 0.9824936679298176
vn 0.12874151617709337 -0.20215022330616608 0.9708557612898481
vn 0.12874151617709337 -0.20215022330616608 0.9708557612898481
vn 0.12874151617709337 -0.20215022330616608 0.9708557612898481
vn 0.0931468076376267 -0.1613354221895518 -0.9824940477040247
vn 0.0931468076376267 -0.1613354221895518 -0.9824940477040247
vn 0.0931468076376267 -0.1613354221895518 -0.9824940477040247
vn 0.11879138967125802 -0.21237651083273745 -0.96994062879461
vn 0.11879138967125802 -0.21237651083273745 -0.96994062879461
vn 0.11879138967125802 -0.21237651083273745 -0.96994062879461
vn 0.0931474253901944 0.16133619593168574 -0.9824938620803036
vn 0.0931474253901944 0.16133619593168574 -0.9824938620803036
vn 0.0931474253901944 0.16133619593168574 -0.9824938620803036
vn 0.12807524020490804 0.20324174768182549 -0.9707159856753634
vn 0.12807524020490804 0.20324174768182549 -0.9707159856753634
vn 0.12807524020490804 0.20324174768182549 -0.9707159856753634
vn -0.12254887543108291 -0.21226086734201555 -0.9694983740707316
vn -0.12254887543108291 -0.21226086734201555 -0.9694983740707316
vn -0.12254887543108291 -0.21226086734201555 -0.9694983740707316
vn -0.09095397077042225 -0.16260926837566173 -0.9824894915669202
vn -0.09095397077042225 -0.16260926837566173 -0.9824894915669202
vn -0.09095397077042225 -0.16260926837566173 -0.9824894915669202
vn -0.12255861526587103 -0.21227668080988896 0.9694936805407495
vn -0.12255861526587103 -0.21227668080988896 0.9694936805407495
vn -0.12255861526587103 -0.21227668080988896 0.9694936805407495
vn -0.10113420318038031 -0.15671814948059504 0.9824516754377529
vn -0.10113420318038031 -0.15671814948059504 0.9824516754377529
vn -0.10113420318038031 -0.15671814948059504 0.9824516754377529
vn -0.11078981357123699 0.19189468107558577 0.9751420658466897
vn -0.11078981357123699 0.19189468107558577 0.9751420658466897
vn -0.11078981357123699 0.19189468107558577 0.9751420658466897
vn -0.08515534492774988 0.16594502218404503 0.9824514323072528
vn -0.08515534492774988 0.16594502218404503 0.9824514323072528
vn -0.08515534492774988 0.16594502218404503 0.9824514323072528
vn -0.09314905714956521 0.16133887828311227 -0.9824932669013535
vn -0.09314905714956521 0.16133887828311227 -0.9824932669013535
vn -0.09314905714956521 0.16133887828311227 -0.9824932669013535
vn -0.11197439515243596 0.21253642314735594 -0.9707162323078635
vn -0.11197439515243596 0.21253642314735594 -0.9707162323078635
vn -0.11197439515243596 0.21253642314735594 -0.9707162323078635
vn -0.09314835725626294 -0.16133816382631969 0.9824934505805173
vn -0.09314835725626294 -0.16133816382631969 0.9824934505805173
vn -0.09314835725626294 -0.16133816382631969 0.9824934505805173
vn -0.11069426064349457 -0.2125663185057983 0.9708564986121696
vn -0.11069426064349457 -0.2125663185057983 0.9708564986121696
vn -0.11069426064349457 -0.2125663185057983 0.9708564986121696
vn 0.24511120498405956 0 -0.9694949701732661
vn 0.24511120498405956 0 -0.9694949701732661
vn 0.24511120498405956 0 -0.9694949701732661
vn 0.18628951992158918 0.008220355063932138 -0.9824605032926295
vn 0.18628951992158918 0.008220355063932138 -0.9824605032926295
vn 0.18628951992158918 0.008220355063932138 -0.9824605032926295
vn -0.09314970585252576 0.16133883444990596 0.982493212596369
vn -0.09314970585252576 0.16133883444990596 0.982493212596369
vn -0.09314970585252576 0.16133883444990596 0.982493212596369
vn -0.1287406053305652 0.20214858123321922 0.9708562239819635
vn -0.1287406053305652 0.20214858123321922 0.9708562239819635
vn -0.1287406053305652 0.20214858123321922 0.9708562239819635
vn 0.4811408589274547 0.8333589555052435 -0.2720594147420017
vn 0.4811408589274547 0.8333589555052435 -0.2720594147420017
vn 0.4811408589274547 0.8333589555052435 -0.2720594147420017
vn 0.48114091491720906 0.833359604895177 -0.27205732653539266
vn 0.48114091491720906 0.833359604895177 -0.27205732653539266
vn 0.48114091491720906 0.833359604895177 -0.27205732653539266
vn 0.9622808181616757 0 -0.27205813165221837
vn 0.9622808181616757 0 -0.27205813165221837
vn 0.9622808181616757 0 -0.27205813165221837
vn 0.9622806254772275 0 -0.2720588131841271
vn 0.9622806254772275 0 -0.2720588131841271
vn 0.9622806254772275 0 -0.2720588131841271
vn 0.4811405050408547 -0.8333595580317744 -0.27205819496224837
vn 0.4811405050408547 -0.8333595580317744 -0.27205819496224837
vn 0.4811405050408547 -0.8333595580317744 -0.27205819496224837
vn 0.4811407029369269 -0.8333592414406518 -0.2720588147493504
vn 0.4811407029369269 -0.8333592414406518 -0.2720588147493504
vn 0.4811407029369269 -0.8333592414406518 -0.2720588147493504
vn -0.48113940203951283 -0.8333602727412561 -0.27205795636532876
vn -0.48113940203951283 -0.8333602727412561 -0.27205795636532876
vn -0.48113940203951283 -0.8333602727412561 -0.27205795636532876
vn -0.48114104365238036 -0.8333589061387083 -0.2720592392704092
vn -0.48114104365238036 -0.8333589061387083 -0.2720592392704092
vn -0.48114104365238036 -0.8333589061387083 -0.2720592392704092
vn -0.8660237179922537 -0.5000029198663478 0
vn -0.8660237179922537 -0.5000029198663478 0
vn -0.8660237179922537 -0.5000029198663478 0
vn -0.8660256937855256 -0.49999949770304647 0
vn -0.8660256937855256 -0.49999949770304647 0
vn -0.8660256937855256 -0.49999949770304647 0
vn -0.9622807079104456 0 -0.2720585216150591
vn -0.9622807079104456 0 -0.2720585216150591
vn -0.9622807079104456 0 -0.2720585216150591
vn -0.962280538632218 0 -0.2720591203574848
vn -0.962280538632218 0 -0.2720591203574848
vn -0.962280538632218 0 -0.2720591203574848
vn -0.9622807947552575 0 -0.27205821444167055
vn -0.9622807947552575 0 -0.27205821444167055
vn -0.9622807947552575 0 -0.27205821444167055
vn -0.9622808025491684 -0.000004135675649524011 -0.2720581868428606
vn -0.9622808025491684 -0.000004135675649524011 -0.2720581868428606
vn -0.9622808025491684 -0.000004135675649524011 -0.2720581868428606
vn -0.9622802557112824 0 -0.2720601210545734
vn -0.9622802557112824 0 -0.2720601210545734
vn -0.9622802557112824 0 -0.2720601210545734
vn -0.9622808459797603 0 -0.2720580332584882
vn -0.9622808459797603 0 -0.2720580332584882
vn -0.9622808459797603 0 -0.2720580332584882
vn -0.9622810030311979 0.0000050618874255882 -0.27205747771316435
vn -0.9622810030311979 0.0000050618874255882 -0.27205747771316435
vn -0.9622810030311979 0.0000050618874255882 -0.27205747771316435
vn -0.481141141011316 0.8333600603857453 -0.27205553142731
vn -0.481141141011316 0.8333600603857453 -0.27205553142731
vn -0.481141141011316 0.8333600603857453 -0.27205553142731
vn -0.48114008686912096 0.8333595564050122 -0.27205893948925114
vn -0.48114008686912096 0.8333595564050122 -0.27205893948925114
vn -0.48114008686912096 0.8333595564050122 -0.27205893948925114
vn 0 0 -1
vn 0 0 -1
vn 0 0 -1
vn 0 0 -1
vn 0 0 -1
vn 0 0 -1
vn -7.635107834857968e-8 0 -0.9999999999999971
vn -7.635107834857968e-8 0 -0.9999999999999971
vn -7.635107834857968e-8 0 -0.9999999999999971
vn 0 0 -1
vn 0 0 -1
vn 0 0 -1
vn 1.5270234143826933e-7 0 -0.9999999999999885
vn 1.5270234143826933e-7 0 -0.9999999999999885
vn 1.5270234143826933e-7 0 -0.9999999999999885
vn 7.635107834857968e-8 0 -0.9999999999999971
vn 7.635107834857968e-8 0 -0.9999999999999971
vn 7.635107834857968e-8 0 -0.9999999999999971
vn 0 0 -1
vn 0 0 -1
vn 0 0 -1
vn 0 0 -1
vn 0 0 -1
vn 0 0 -1
vn 0 0 -1
vn 0 0 -1
vn 0 0 -1
vn 0 0 -1
vn 0 0 -1
vn 0 0 -1
vn -0.49740904003717845 -0.8615362546177582 0.10168347392028762
vn -0.49740904003717845 -0.8615362546177582 0.10168347392028762
vn -0.49740904003717845 -0.8615362546177582 0.10168347392028762
vn -0.4974087728552498 -0.8615364352312372 0.10168325061526463
vn -0.4974087728552498 -0.8615364352312372 0.10168325061526463
vn -0.4974087728552498 -0.8615364352312372 0.10168325061526463
vn 0.4974085917192334 -0.8615365504185605 0.10168316073360441
vn 0.4974085917192334 -0.8615365504185605 0.10168316073360441
vn 0.4974085917192334 -0.8615365504185605 0.10168316073360441
vn 0.4974092129649077 -0.8615361848179331 0.10168321939725912
vn 0.4974092129649077 -0.8615361848179331 0.10168321939725912
vn 0.4974092129649077 -0.8615361848179331 0.10168321939725912
vn 0.9948168558206552 0 0.10168295518476021
vn 0.9948168558206552 0 0.10168295518476021
vn 0.9948168558206552 0 0.10168295518476021
vn 0.9948168490376198 0 0.1016830215466736
vn 0.9948168490376198 0 0.1016830215466736
vn 0.9948168490376198 0 0.1016830215466736
vn 0.4974082141782044 0.8615368059656681 0.1016828423802374
vn 0.4974082141782044 0.8615368059656681 0.1016828423802374
vn 0.4974082141782044 0.8615368059656681 0.1016828423802374
vn 0.4974084098295206 0.8615366643004394 0.10168308559903066
vn 0.4974084098295206 0.8615366643004394 0.10168308559903066
vn 0.4974084098295206 0.8615366643004394 0.10168308559903066
vn -7.066278726595611e-7 0 0.9999999999997504
vn -7.066278726595611e-7 0 0.9999999999997504
vn -7.066278726595611e-7 0 0.9999999999997504
vn 0 0 1
vn 0 0 1
vn 0 0 1
vn 0 0 1
vn 0 0 1
vn 0 0 1
vn 7.066288958411006e-7 0 0.9999999999997504
vn 7.066288958411006e-7 0 0.9999999999997504
vn 7.066288958411006e-7 0 0.9999999999997504
vn 0 0 1
vn 0 0 1
vn 0 0 1
vn 0 0 1
vn 0 0 1
vn 0 0 1
vn 0 0 1
vn 0 0 1
vn 0 0 1
vn 9.421722779730227e-7 0 0.9999999999995561
vn 9.421722779730227e-7 0 0.9999999999995561
vn 9.421722779730227e-7 0 0.9999999999995561
vn 0 0 1
vn 0 0 1
vn 0 0 1
vn -3.140571323001341e-7 0 0.9999999999999507
vn -3.140571323001341e-7 0 0.9999999999999507
vn -3.140571323001341e-7 0 0.9999999999999507
vn -0.0000010757407835620283 0 0.9999999999994214
vn -0.0000010757407835620283 0 0.9999999999994214
vn -0.0000010757407835620283 0 0.9999999999994214
vn 0.000001356031475551053 0 0.9999999999990807
vn 0.000001356031475551053 0 0.9999999999990807
vn 0.000001356031475551053 0 0.9999999999990807
vn 0 0 1
vn 0 0 1
vn 0 0 1
vn 0 0 1
vn 0 0 1
vn 0 0 1
vn 0 0 1
vn 0 0 1
vn 0 0 1
vn 0 0 1
vn 0 0 1
vn 0 0 1
vn 1 0 0
vn 1 0 0
vn 1 0 0
vn 1 0 0
vn 1 0 0
vn 1 0 0
vn 0 1 0
vn 0 1 0
vn 0 1 0
vn 0 1 0
vn 0 1 0
vn 0 1 0
vn 0 0 1
vn 0 0 1
vn 0 0 1
vn 0 0 1
vn 0 0 1
vn 0 0 1
vn 0 0 1
vn 0 0 1
vn 0 0 1
vn 5.37879657258522e-7 0 0.9999999999998554
vn 5.37879657258522e-7 0 0.9999999999998554
vn 5.37879657258522e-7 0 0.9999999999998554
vn -0.866026148518373 -0.49999871008076935 0
vn -0.866026148518373 -0.49999871008076935 0
vn -0.866026148518373 -0.49999871008076935 0
vn -0.8660263758845191 -0.49999831626949065 0
vn -0.8660263758845191 -0.49999831626949065 0
vn -0.8660263758845191 -0.49999831626949065 0
vn 0 0 1
vn 0 0 1
vn 0 0 1
vn 0 0 1
vn 0 0 1
vn 0 0 1
vn 3.580461509500081e-7 0 0.999999999999936
vn 3.580461509500081e-7 0 0.999999999999936
vn 3.580461509500081e-7 0 0.999999999999936
vn -0.0000021514954369145246 0 0.9999999999976856
vn -0.0000021514954369145246 0 0.9999999999976856
vn -0.0000021514954369145246 0 0.9999999999976856
vn -0.8660256937855256 -0.49999949770304647 0
vn -0.8660256937855256 -0.49999949770304647 0
vn -0.8660256937855256 -0.49999949770304647 0
vn -0.8660243722899041 -0.5000017865966855 0
vn -0.8660243722899041 -0.5000017865966855 0
vn -0.8660243722899041 -0.5000017865966855 0
vn 0.866026148518373 -0.49999871008076935 0
vn 0.866026148518373 -0.49999871008076935 0
vn 0.866026148518373 -0.49999871008076935 0
vn 0.8660248270248614 -0.5000009989755609 0
vn 0.8660248270248614 -0.5000009989755609 0
vn 0.8660248270248614 -0.5000009989755609 0
vn 0 1 0
vn 0 1 0
vn 0 1 0
vn 0 1 0
vn 0 1 0
vn 0 1 0
vn 0.0000022287042611368763 0 0.9999999999975164
vn 0.0000022287042611368763 0 0.9999999999975164
vn 0.0000022287042611368763 0 0.9999999999975164
vn 0 0 1
vn 0 0 1
vn 0 0 1
vn 0.5000006533261706 -0.8660250265860696 0
vn 0.5000006533261706 -0.8660250265860696 0
vn 0.5000006533261706 -0.8660250265860696 0
vn 0.5000002818671057 -0.866025241048328 0
vn 0.5000002818671057 -0.866025241048328 0
vn 0.5000002818671057 -0.866025241048328 0
vn -0.8660256937855256 -0.49999949770304647 0
vn -0.8660256937855256 -0.49999949770304647 0
vn -0.8660256937855256 -0.49999949770304647 0
vn -0.8660259211520417 -0.49999910389195457 0
vn -0.8660259211520417 -0.49999910389195457 0
vn -0.8660259211520417 -0.49999910389195457 0
vn 0 0 1
vn 0 0 1
vn 0 0 1
vn -0.0000010757465815907521 0 0.9999999999994214
vn -0.0000010757465815907521 0 0.9999999999994214
vn -0.0000010757465815907521 0 0.9999999999994214
vn 0.866026148518373 -0.49999871008076935 0
vn 0.866026148518373 -0.49999871008076935 0
vn 0.866026148518373 -0.49999871008076935 0
vn 0.8660263758845191 -0.49999831626949065 0
vn 0.8660263758845191 -0.49999831626949065 0
vn 0.8660263758845191 -0.49999831626949065 0
vn 1 0 0
vn 1 0 0
vn 1 0 0
vn 1 0 0
vn 1 0 0
vn 1 0 0
vn 0 0 1
vn 0 0 1
vn 0 0 1
vn 0 0 1
vn 0 0 1
vn 0 0 1
vn 0.0931490534100519 0.16133791613536688 0.982493425253273
vn 0.0931490534100519 0.16133791613536688 0.982493425253273
vn 0.0931490534100519 0.16133791613536688 0.982493425253273
vn 0.11069391653321745 0.2125676420522715 0.9708562480588331
vn 0.11069391653321745 0.2125676420522715 0.9708562480588331
vn 0.11069391653321745 0.2125676420522715 0.9708562480588331
vn -0.18629825402231234 0 -0.9824932368969459
vn -0.18629825402231234 0 -0.9824932368969459
vn -0.18629825402231234 0 -0.9824932368969459
vn -0.24330938547855624 0.003313056053798027 -0.9699430738953867
vn -0.24330938547855624 0.003313056053798027 -0.9699430738953867
vn -0.24330938547855624 0.003313056053798027 -0.9699430738953867
vn -0.186298239638326 0 0.982493239624406
vn -0.186298239638326 0 0.982493239624406
vn -0.186298239638326 0 0.982493239624406
vn -0.23943565992786772 -0.010419974193611401 0.9708563173264677
vn -0.23943565992786772 -0.010419974193611401 0.9708563173264677
vn -0.23943565992786772 -0.010419974193611401 0.9708563173264677
vn 0.9948168558206552 0 0.10168295518476021
vn 0.9948168558206552 0 0.10168295518476021
vn 0.9948168558206552 0 0.10168295518476021
vn 0.9948168369788801 0 0.1016831395234052
vn 0.9948168369788801 0 0.1016831395234052
vn 0.9948168369788801 0 0.1016831395234052
vn 0.1225576110524106 0.21227638558378392 -0.9694938721294791
vn 0.1225576110524106 0.21227638558378392 -0.9694938721294791
vn 0.1225576110524106 0.21227638558378392 -0.9694938721294791
vn 0.09095263610007213 0.1626086407097353 -0.98248971900625
vn 0.09095263610007213 0.1626086407097353 -0.98248971900625
vn 0.09095263610007213 0.1626086407097353 -0.98248971900625
vn 0.12255473762496528 0.21227087647848644 0.9694954416008005
vn 0.12255473762496528 0.21227087647848644 0.9694954416008005
vn 0.12255473762496528 0.21227087647848644 0.9694954416008005
vn 0.1011342126982075 0.1567183911025957 0.9824516359150346
vn 0.1011342126982075 0.1567183911025957 0.9824516359150346
vn 0.1011342126982075 0.1567183911025957 0.9824516359150346
vn 0.4974079820730559 -0.8615368765055108 0.10168338011267647
vn 0.4974079820730559 -0.8615368765055108 0.10168338011267647
vn 0.4974079820730559 -0.8615368765055108 0.10168338011267647
vn 0.4974083822071155 -0.8615367276808099 0.10168268371331589
vn 0.4974083822071155 -0.8615367276808099 0.10168268371331589
vn 0.4974083822071155 -0.8615367276808099 0.10168268371331589
vn 0.12255500763475635 -0.21227201406155602 -0.9694951583942518
vn 0.12255500763475635 -0.21227201406155602 -0.9694951583942518
vn 0.12255500763475635 -0.21227201406155602 -0.9694951583942518
vn 0.100264667518634 -0.15722267181348623 -0.9824601915167895
vn 0.100264667518634 -0.15722267181348623 -0.9824601915167895
vn 0.100264667518634 -0.15722267181348623 -0.9824601915167895
vn -0.24510995766722168 0 0.9694952855235413
vn -0.24510995766722168 0 0.9694952855235413
vn -0.24510995766722168 0 0.9694952855235413
vn -0.1862885102175365 0.009226576644294392 0.9824517602632499
vn -0.1862885102175365 0.009226576644294392 0.9824517602632499
vn -0.1862885102175365 0.009226576644294392 0.9824517602632499
vn -0.49740748502960425 -0.8615371991349866 0.10168307795875486
vn -0.49740748502960425 -0.8615371991349866 0.10168307795875486
vn -0.49740748502960425 -0.8615371991349866 0.10168307795875486
vn -0.4974087998881244 -0.8615364900390622 0.10168265400267888
vn -0.4974087998881244 -0.8615364900390622 0.10168265400267888
vn -0.4974087998881244 -0.8615364900390622 0.10168265400267888
vn 0.18629704527993 0 -0.9824934660953059
vn 0.18629704527993 0 -0.9824934660953059
vn 0.18629704527993 0 -0.9824934660953059
vn 0.24005198561057403 -0.009295783968869997 -0.9707155260965104
vn 0.24005198561057403 -0.009295783968869997 -0.9707155260965104
vn 0.24005198561057403 -0.009295783968869997 -0.9707155260965104
vn -0.18629825402231234 0 -0.9824932368969459
vn -0.18629825402231234 0 -0.9824932368969459
vn -0.18629825402231234 0 -0.9824932368969459
vn -0.24005383100759284 -0.009298913121817156 -0.9707150397687938
vn -0.24005383100759284 -0.009298913121817156 -0.9707150397687938
vn -0.24005383100759284 -0.009298913121817156 -0.9707150397687938
vn -0.23558215948428482 -0.0028619733823088372 -0.9718502226377684
vn -0.23558215948428482 -0.0028619733823088372 -0.9718502226377684
vn -0.23558215948428482 -0.0028619733823088372 -0.9718502226377684
vn -0.24005410184996778 -0.009297036608368123 -0.9707149907646982
vn -0.24005410184996778 -0.009297036608368123 -0.9707149907646982
vn -0.24005410184996778 -0.009297036608368123 -0.9707149907646982
vn -0.9948168445155942 0 0.10168306578794847
vn -0.9948168445155942 0 0.10168306578794847
vn -0.9948168445155942 0 0.10168306578794847
vn -0.9948168092303823 0 0.1016834110004247
vn -0.9948168092303823 0 0.1016834110004247
vn -0.9948168092303823 0 0.1016834110004247
vn -0.9948168715033756 -0.000003738274140373052 0.10168280168377244
vn -0.9948168715033756 -0.000003738274140373052 0.10168280168377244
vn -0.9948168715033756 -0.000003738274140373052 0.10168280168377244
vn -0.09314861271322011 -0.16133824203390001 -0.9824934135183875
vn -0.09314861271322011 -0.16133824203390001 -0.9824934135183875
vn -0.09314861271322011 -0.16133824203390001 -0.9824934135183875
vn -0.12807576180511548 -0.20324198619493708 -0.970715866917594
vn -0.12807576180511548 -0.20324198619493708 -0.970715866917594
vn -0.12807576180511548 -0.20324198619493708 -0.970715866917594
vn 0.2045204645192937 0 0.9788622883699282
vn 0.2045204645192937 0 0.9788622883699282
vn 0.2045204645192937 0 0.9788622883699282
vn 0.239437753181006 0.010419253010049916 0.9708558088193859
vn 0.239437753181006 0.010419253010049916 0.9708558088193859
vn 0.239437753181006 0.010419253010049916 0.9708558088193859
vn -0.4811407029369269 0.8333592414406518 -0.2720588147493504
vn -0.4811407029369269 0.8333592414406518 -0.2720588147493504
vn -0.4811407029369269 0.8333592414406518 -0.2720588147493504
vn -0.48114047236405977 0.8333597914716272 -0.2720575376857911
vn -0.48114047236405977 0.8333597914716272 -0.2720575376857911
vn -0.48114047236405977 0.8333597914716272 -0.2720575376857911
vn -0.9622808537818957 0 -0.27205800566200217
vn -0.9622808537818957 0 -0.27205800566200217
vn -0.9622808537818957 0 -0.27205800566200217
vn -0.9622805976590554 0 -0.27205891157786233
vn -0.9622805976590554 0 -0.27205891157786233
vn -0.9622805976590554 0 -0.27205891157786233
vn -0.9622807947552575 0 -0.27205821444167055
vn -0.9622807947552575 0 -0.27205821444167055
vn -0.9622807947552575 0 -0.27205821444167055
vn -0.9622808693861642 0 -0.27205795046902803
vn -0.9622808693861642 0 -0.27205795046902803
vn -0.9622808693861642 0 -0.27205795046902803
vn -0.9622807669371525 0 -0.2720583128354023
vn -0.9622807669371525 0 -0.2720583128354023
vn -0.9622807669371525 0 -0.2720583128354023
vn -0.9622805664504134 0 -0.27205902196374865
vn -0.9622805664504134 0 -0.27205902196374865
vn -0.9622805664504134 0 -0.27205902196374865
vn -0.0000010757460131565635 0 0.9999999999994214
vn -0.0000010757460131565635 0 0.9999999999994214
vn -0.0000010757460131565635 0 0.9999999999994214
vn 0.000001356031475551053 0 0.9999999999990807
vn 0.000001356031475551053 0 0.9999999999990807
vn 0.000001356031475551053 0 0.9999999999990807
vn 8.914793170330182e-7 0 0.9999999999996028
vn 8.914793170330182e-7 0 0.9999999999996028
vn 8.914793170330182e-7 0 0.9999999999996028
vn 0 0 1
vn 0 0 1
vn 0 0 1
vn -0.5000004675966471 0.8660251338172203 0
vn -0.5000004675966471 0.8660251338172203 0
vn -0.5000004675966471 0.8660251338172203 0
vn -0.4999996834326817 0.8660255865545878 0
vn -0.4999996834326817 0.8660255865545878 0
vn -0.4999996834326817 0.8660255865545878 0
vn -0.48114028956859556 -0.8333600825986434 -0.2720569691903336
vn -0.48114028956859556 -0.8333600825986434 -0.2720569691903336
vn -0.48114028956859556 -0.8333600825986434 -0.2720569691903336
vn -0.48114167580619666 -0.8333584482078421 -0.27205952400719574
vn -0.48114167580619666 -0.8333584482078421 -0.27205952400719574
vn -0.48114167580619666 -0.8333584482078421 -0.27205952400719574
vn -0.4811407029369269 -0.8333592414406518 -0.2720588147493504
vn -0.4811407029369269 -0.8333592414406518 -0.2720588147493504
vn -0.4811407029369269 -0.8333592414406518 -0.2720588147493504
vn -0.4811402310731004 -0.8333602037290403 -0.27205670159658957
vn -0.4811402310731004 -0.8333602037290403 -0.27205670159658957
vn -0.4811402310731004 -0.8333602037290403 -0.27205670159658957
vn -0.4811405050408547 -0.8333595580317744 -0.27205819496224837
vn -0.4811405050408547 -0.8333595580317744 -0.27205819496224837
vn -0.4811405050408547 -0.8333595580317744 -0.27205819496224837
vn -0.48114039440503287 -0.8333594020530398 -0.27205886841191057
vn -0.48114039440503287 -0.8333594020530398 -0.27205886841191057
vn -0.48114039440503287 -0.8333594020530398 -0.27205886841191057
vn 0.48114131510338537 -0.8333589197190339 -0.27205871760579514
vn 0.48114131510338537 -0.8333589197190339 -0.27205871760579514
vn 0.48114131510338537 -0.8333589197190339 -0.27205871760579514
vn 0.4811399888807862 -0.833359779960219 -0.2720584279974658
vn 0.4811399888807862 -0.833359779960219 -0.2720584279974658
vn 0.4811399888807862 -0.833359779960219 -0.2720584279974658
vn 0.48113944152238397 -0.8333600590752938 -0.27205854103400523
vn 0.48113944152238397 -0.8333600590752938 -0.27205854103400523
vn 0.48113944152238397 -0.8333600590752938 -0.27205854103400523
vn 0.48114047236405977 -0.8333597914716272 -0.2720575376857911
vn 0.48114047236405977 -0.8333597914716272 -0.2720575376857911
vn 0.48114047236405977 -0.8333597914716272 -0.2720575376857911
vn 0.48113998448688994 -0.8333598319544039 -0.2720582765013461
vn 0.48113998448688994 -0.8333598319544039 -0.2720582765013461
vn 0.48113998448688994 -0.8333598319544039 -0.2720582765013461
vn 0.48114008686912096 -0.8333595564050122 -0.27205893948925114
vn 0.48114008686912096 -0.8333595564050122 -0.27205893948925114
vn 0.48114008686912096 -0.8333595564050122 -0.27205893948925114
vn 0.9622807947552575 0 -0.27205821444167055
vn 0.9622807947552575 0 -0.27205821444167055
vn 0.9622807947552575 0 -0.27205821444167055
vn 0.9622808693861642 0 -0.27205795046902803
vn 0.9622808693861642 0 -0.27205795046902803
vn 0.9622808693861642 0 -0.27205795046902803
vn 0.9622807747392953 0 -0.2720582852389196
vn 0.9622807747392953 0 -0.2720582852389196
vn 0.9622807747392953 0 -0.2720582852389196
vn 0.9622807513328646 0 -0.2720583680283657
vn 0.9622807513328646 0 -0.2720583680283657
vn 0.9622807513328646 0 -0.2720583680283657
vn 0.9622807669371525 0 -0.2720583128354023
vn 0.9622807669371525 0 -0.2720583128354023
vn 0.9622807669371525 0 -0.2720583128354023
vn 0.9622806176750708 0 -0.27205884078060033
vn 0.9622806176750708 0 -0.27205884078060033
vn 0.9622806176750708 0 -0.27205884078060033
vn 0.48114067075319283 0.8333594161298633 -0.2720583365656361
vn 0.48114067075319283 0.8333594161298633 -0.2720583365656361
vn 0.48114067075319283 0.8333594161298633 -0.2720583365656361
vn 0.4811401448299725 0.8333599707903959 -0.2720575676529206
vn 0.4811401448299725 0.8333599707903959 -0.2720575676529206
vn 0.4811401448299725 0.8333599707903959 -0.2720575676529206
vn 0.48113974615337235 0.8333598917063766 -0.2720585149680204
vn 0.48113974615337235 0.8333598917063766 -0.2720585149680204
vn 0.48113974615337235 0.8333598917063766 -0.2720585149680204
vn 0.48114132146812827 0.8333586327198423 -0.2720595854720402
vn 0.48114132146812827 0.8333586327198423 -0.2720595854720402
vn 0.48114132146812827 0.8333586327198423 -0.2720595854720402
vn 0.48113998448688994 0.8333598319544039 -0.2720582765013461
vn 0.48113998448688994 0.8333598319544039 -0.2720582765013461
vn 0.48113998448688994 0.8333598319544039 -0.2720582765013461
vn 0.48114008686912096 0.8333595564050122 -0.27205893948925114
vn 0.48114008686912096 0.8333595564050122 -0.27205893948925114
vn 0.48114008686912096 0.8333595564050122 -0.27205893948925114
vn -5.378749960981755e-7 0 0.9999999999998554
vn -5.378749960981755e-7 0 0.9999999999998554
vn -5.378749960981755e-7 0 0.9999999999998554
vn -0.000001356034317721996 0 0.9999999999990807
vn -0.000001356034317721996 0 0.9999999999990807
vn -0.000001356034317721996 0 0.9999999999990807
vn 0.000001613621634530946 0 0.9999999999986982
vn 0.000001613621634530946 0 0.9999999999986982
vn 0.000001613621634530946 0 0.9999999999986982
vn 0 0 1
vn 0 0 1
vn 0 0 1
vn 0 0 1
vn 0 0 1
vn 0 0 1
vn 0 0 1
vn 0 0 1
vn 0 0 1
vn 0 0 1
vn 0 0 1
vn 0 0 1
vn 0 0 1
vn 0 0 1
vn 0 0 1
vn 0 0 1
vn 0 0 1
vn 0 0 1
vn -9.010224175650345e-7 0 0.9999999999995941
vn -9.010224175650345e-7 0 0.9999999999995941
vn -9.010224175650345e-7 0 0.9999999999995941
vn 0 0 1
vn 0 0 1
vn 0 0 1
vn -0.000002034047156480823 0 0.9999999999979314
vn -0.000002034047156480823 0 0.9999999999979314
vn -0.000002034047156480823 0 0.9999999999979314
vn 0 0 1
vn 0 0 1
vn 0 0 1
vn 0.000004302981778852154 0 0.9999999999907423
vn 0.000004302981778852154 0 0.9999999999907423
vn 0.000004302981778852154 0 0.9999999999907423
vn -0.0000010757443078539977 0 0.9999999999994214
vn -0.0000010757443078539977 0 0.9999999999994214
vn -0.0000010757443078539977 0 0.9999999999994214
vn 6.780176136088163e-7 0 0.9999999999997702
vn 6.780176136088163e-7 0 0.9999999999997702
vn 6.780176136088163e-7 0 0.9999999999997702
vn 0 0 1
vn 0 0 1
vn 0 0 1
vn 0.0000010757465815907521 0 0.9999999999994214
vn 0.0000010757465815907521 0 0.9999999999994214
vn 0.0000010757465815907521 0 0.9999999999994214
vn 0 0 1
vn 0 0 1
vn 0 0 1
vn 0 0 1
vn 0 0 1
vn 0 0 1
vn -8.914832960723384e-7 0 0.9999999999996028
vn -8.914832960723384e-7 0 0.9999999999996028
vn -8.914832960723384e-7 0 0.9999999999996028
vn 0 0 1
vn 0 0 1
vn 0 0 1
vn 0 0 1
vn 0 0 1
vn 0 0 1
vn 0 0 1
vn 0 0 1
vn 0 0 1
vn -1 0 0
vn -1 0 0
vn -1 0 0
vn -1 0 0
vn -1 0 0
vn -1 0 0
vn 0 1 0
vn 0 1 0
vn 0 1 0
vn 0 1 0
vn 0 1 0
vn 0 1 0
vn -1 0 0
vn -1 0 0
vn -1 0 0
vn -1 0 0
vn -1 0 0
vn -1 0 0
vn 0.866026148518373 -0.49999871008076935 0
vn 0.866026148518373 -0.49999871008076935 0
vn 0.866026148518373 -0.49999871008076935 0
vn 0.8660263758845191 -0.49999831626949065 0
vn 0.8660263758845191 -0.49999831626949065 0
vn 0.8660263758845191 -0.49999831626949065 0
vn -0.5000002818671057 0.866025241048328 0
vn -0.5000002818671057 0.866025241048328 0
vn -0.5000002818671057 0.866025241048328 0
vn -0.5000007238392056 0.8660249858752751 0
vn -0.5000007238392056 0.8660249858752751 0
vn -0.5000007238392056 0.8660249858752751 0
vn -0.000003385634272470875 0.9999999999942688 0
vn -0.000003385634272470875 0.9999999999942688 0
vn -0.000003385634272470875 0.9999999999942688 0
vn -0.0000033856376830760066 0.9999999999942688 0
vn -0.0000033856376830760066 0.9999999999942688 0
vn -0.0000033856376830760066 0.9999999999942688 0
vn -0.4999999843788446 -0.8660254128033169 0
vn -0.4999999843788446 -0.8660254128033169 0
vn -0.4999999843788446 -0.8660254128033169 0
vn -0.5000009542721362 -0.866024852834463 0
vn -0.5000009542721362 -0.866024852834463 0
vn -0.5000009542721362 -0.866024852834463 0
vn 0.49999991386579007 -0.8660254535140421 0
vn 0.49999991386579007 -0.8660254535140421 0
vn 0.49999991386579007 -0.8660254535140421 0
vn 0.49999991386579007 -0.8660254535140421 0
vn 0.49999991386579007 -0.8660254535140421 0
vn 0.49999991386579007 -0.8660254535140421 0
vn 0.8660237179922537 -0.5000029198663478 0
vn 0.8660237179922537 -0.5000029198663478 0
vn 0.8660237179922537 -0.5000029198663478 0
vn 0.8660256937855256 -0.49999949770304647 0
vn 0.8660256937855256 -0.49999949770304647 0
vn 0.8660256937855256 -0.49999949770304647 0
vn 0.49999991386579007 0.8660254535140421 0
vn 0.49999991386579007 0.8660254535140421 0
vn 0.49999991386579007 0.8660254535140421 0
vn 0.49999991386579007 0.8660254535140421 0
vn 0.49999991386579007 0.8660254535140421 0
vn 0.49999991386579007 0.8660254535140421 0
vn 0.4999990815401857 0.8660259340568104 0
vn 0.4999990815401857 0.8660259340568104 0
vn 0.4999990815401857 0.8660259340568104 0
vn 0.5000010694885855 0.8660247863140353 0
vn 0.5000010694885855 0.8660247863140353 0
vn 0.5000010694885855 0.8660247863140353 0
vn -0.49999942718998125 -0.8660257344962046 0
vn -0.49999942718998125 -0.8660257344962046 0
vn -0.49999942718998125 -0.8660257344962046 0
vn -0.5000008390556762 -0.866024919354876 0
vn -0.5000008390556762 -0.866024919354876 0
vn -0.5000008390556762 -0.866024919354876 0
vn 0.5171094678762269 0.8498610491445826 0.1016562608973725
vn 0.5171094678762269 0.8498610491445826 0.1016562608973725
vn 0.5171094678762269 0.8498610491445826 0.1016562608973725
vn 0.5149065146478733 0.8510537562351896 0.10285322149137632
vn 0.5149065146478733 0.8510537562351896 0.10285322149137632
vn 0.5149065146478733 0.8510537562351896 0.10285322149137632
vn 0.994555975143034 -0.022899656200348187 0.10165637241803693
vn 0.994555975143034 -0.022899656200348187 0.10165637241803693
vn 0.994555975143034 -0.022899656200348187 0.10165637241803693
vn 0.9944874551311503 -0.020394962090329843 0.10285303645543076
vn 0.9944874551311503 -0.020394962090329843 0.10285303645543076
vn 0.9944874551311503 -0.020394962090329843 0.10285303645543076
vn 0.9944186515979689 0.022889859305243492 0.1029932021788976
vn 0.9944186515979689 0.022889859305243492 0.1029932021788976
vn 0.9944186515979689 0.022889859305243492 0.1029932021788976
vn 0.9946097686015665 0.020402764808030098 0.10166186792759027
vn 0.9946097686015665 0.020402764808030098 0.10166186792759027
vn 0.9946097686015665 0.020402764808030098 0.10166186792759027
vn 0.47744756424960416 -0.8727598692749828 0.10165645073105316
vn 0.47744756424960416 -0.8727598692749828 0.10165645073105316
vn 0.47744756424960416 -0.8727598692749828 0.10165645073105316
vn 0.47958128103579845 -0.8714489006292918 0.10285236250111768
vn 0.47958128103579845 -0.8714489006292918 0.10285236250111768
vn 0.47958128103579845 -0.8714489006292918 0.10285236250111768
vn 0.5170316712405165 -0.849747481630707 0.10299256476323752
vn 0.5170316712405165 -0.849747481630707 0.10299256476323752
vn 0.5170316712405165 -0.849747481630707 0.10299256476323752
vn 0.5149740603598892 -0.8511560007612312 0.10166208499040486
vn 0.5149740603598892 -0.8511560007612312 0.10166208499040486
vn 0.5149740603598892 -0.8511560007612312 0.10166208499040486
vn -0.5171093874407005 -0.8498610745140082 0.10165645796799508
vn -0.5171093874407005 -0.8498610745140082 0.10165645796799508
vn -0.5171093874407005 -0.8498610745140082 0.10165645796799508
vn -0.5149071343181886 -0.8510533780489163 0.10285324856201288
vn -0.5149071343181886 -0.8510533780489163 0.10285324856201288
vn -0.5149071343181886 -0.8510533780489163 0.10285324856201288
vn -0.4773867839811855 -0.872636458160661 0.10299257433872556
vn -0.4773867839811855 -0.872636458160661 0.10299257433872556
vn -0.4773867839811855 -0.872636458160661 0.10299257433872556
vn -0.4796346353527446 -0.8715591894999941 0.10166216488032007
vn -0.4796346353527446 -0.8715591894999941 0.10166216488032007
vn -0.4796346353527446 -0.8715591894999941 0.10166216488032007
vn -0.9944186395709309 -0.02289062781021646 0.10299314750192495
vn -0.9944186395709309 -0.02289062781021646 0.10299314750192495
vn -0.9944186395709309 -0.02289062781021646 0.10299314750192495
vn -0.9945690932038619 -0.02038489780281723 0.10206260228514774
vn -0.9945690932038619 -0.02038489780281723 0.10206260228514774
vn -0.9945690932038619 -0.02038489780281723 0.10206260228514774
vn -0.12256043240460086 0.2122811050640278 -0.9694924820964794
vn -0.12256043240460086 0.2122811050640278 -0.9694924820964794
vn -0.12256043240460086 0.2122811050640278 -0.9694924820964794
vn -0.09534475727509784 0.16006835917595794 -0.982490456773433
vn -0.09534475727509784 0.16006835917595794 -0.982490456773433
vn -0.09534475727509784 0.16006835917595794 -0.982490456773433
vn 0.09314890815058818 -0.1613382375550708 -0.9824933862438855
vn 0.09314890815058818 -0.1613382375550708 -0.9824933862438855
vn 0.09314890815058818 -0.1613382375550708 -0.9824933862438855
vn 0.11197622393924973 -0.21254049760753926 -0.9707151292470138
vn 0.11197622393924973 -0.21254049760753926 -0.9707151292470138
vn 0.11197622393924973 -0.21254049760753926 -0.9707151292470138
vn 0.12255331463248743 0.21226870102746023 -0.9694960977934388
vn 0.12255331463248743 0.21226870102746023 -0.9694960977934388
vn 0.12255331463248743 0.21226870102746023 -0.9694960977934388
vn 0.09314724676688037 0.1613351978840594 -0.9824940429048215
vn 0.09314724676688037 0.1613351978840594 -0.9824940429048215
vn 0.09314724676688037 0.1613351978840594 -0.9824940429048215
vn 0.09403102925226298 0.16106172043490186 -0.9824547255463275
vn 0.09403102925226298 0.16106172043490186 -0.9824547255463275
vn 0.09403102925226298 0.16106172043490186 -0.9824547255463275
vn 0.09562438615188351 0.1457996798482624 -0.9846818928614559
vn 0.09562438615188351 0.1457996798482624 -0.9846818928614559
vn 0.09562438615188351 0.1457996798482624 -0.9846818928614559
vn 0.10294567145398877 0.16165809485409127 -0.9814626070803883
vn 0.10294567145398877 0.16165809485409127 -0.9814626070803883
vn 0.10294567145398877 0.16165809485409127 -0.9814626070803883
vn -0.12255512805052442 -0.21227162872105784 -0.9694952275429874
vn -0.12255512805052442 -0.21227162872105784 -0.9694952275429874
vn -0.12255512805052442 -0.21227162872105784 -0.9694952275429874
vn -0.08602631724157511 -0.16544213673766278 -0.9824603666985902
vn -0.08602631724157511 -0.16544213673766278 -0.9824603666985902
vn -0.08602631724157511 -0.16544213673766278 -0.9824603666985902
vn -0.12255563028313593 -0.21227041209766923 0.9694954304347128
vn -0.12255563028313593 -0.21227041209766923 0.9694954304347128
vn -0.12255563028313593 -0.21227041209766923 0.9694954304347128
vn -0.10113561286814071 -0.15671938864480206 0.982451332653473
vn -0.10113561286814071 -0.15671938864480206 0.982451332653473
vn -0.10113561286814071 -0.15671938864480206 0.982451332653473
vn -0.12255511355228613 0.2122710780759797 0.9694953499396723
vn -0.12255511355228613 0.2122710780759797 0.9694953499396723
vn -0.12255511355228613 0.2122710780759797 0.9694953499396723
vn -0.08515466713246417 0.1659446500594679 0.9824515539110312
vn -0.08515466713246417 0.1659446500594679 0.9824515539110312
vn -0.08515466713246417 0.1659446500594679 0.9824515539110312
vn -0.0931454394722047 0.16133313215899958 -0.982494553457319
vn -0.0931454394722047 0.16133313215899958 -0.982494553457319
vn -0.0931454394722047 0.16133313215899958 -0.982494553457319
vn -0.11879138967125802 0.21237651083273745 -0.96994062879461
vn -0.11879138967125802 0.21237651083273745 -0.96994062879461
vn -0.11879138967125802 0.21237651083273745 -0.96994062879461
vn 0.2451103501490749 0 -0.9694951862953203
vn 0.2451103501490749 0 -0.9694951862953203
vn 0.2451103501490749 0 -0.9694951862953203
vn 0.18629005952766742 0.00822037941794834 -0.9824604007711473
vn 0.18629005952766742 0.00822037941794834 -0.9824604007711473
vn 0.18629005952766742 0.00822037941794834 -0.9824604007711473
vn -0.09314922143164953 0.16133875971349268 0.9824932707966959
vn -0.09314922143164953 0.16133875971349268 0.9824932707966959
vn -0.09314922143164953 0.16133875971349268 0.9824932707966959
vn -0.12874116265961177 0.20214800948725356 0.9708562691240104
vn -0.12874116265961177 0.20214800948725356 0.9708562691240104
vn -0.12874116265961177 0.20214800948725356 0.9708562691240104
vn 0.48113940203951283 0.8333602727412561 -0.27205795636532876
vn 0.48113940203951283 0.8333602727412561 -0.27205795636532876
vn 0.48113940203951283 0.8333602727412561 -0.27205795636532876
vn 0.48114104365238036 0.8333589061387083 -0.2720592392704092
vn 0.48114104365238036 0.8333589061387083 -0.2720592392704092
vn 0.48114104365238036 0.8333589061387083 -0.2720592392704092
vn 0.9622808849904301 0 -0.2720578952760512
vn 0.9622808849904301 0 -0.2720578952760512
vn 0.9622808849904301 0 -0.2720578952760512
vn 0.9622811489144057 0 -0.2720569617634719
vn 0.9622811489144057 0 -0.2720569617634719
vn 0.9622811489144057 0 -0.2720569617634719
vn 0.9622821991685263 0 -0.27205324692674593
vn 0.9622821991685263 0 -0.27205324692674593
vn 0.9622821991685263 0 -0.27205324692674593
vn 0 -0.8944271909999159 -0.4472135954999579
vn 0 -0.8944271909999159 -0.4472135954999579
vn 0 -0.8944271909999159 -0.4472135954999579
vn 0.9622689888837541 -0.00003689115982294334 -0.27209996632061545
vn 0.9622689888837541 -0.00003689115982294334 -0.27209996632061545
vn 0.9622689888837541 -0.00003689115982294334 -0.27209996632061545
vn 0.9622809717864703 0.000010046810353667166 -0.27205758808889724
vn 0.9622809717864703 0.000010046810353667166 -0.27205758808889724
vn 0.9622809717864703 0.000010046810353667166 -0.27205758808889724
vn 0.9622807747392953 0 -0.2720582852389196
vn 0.9622807747392953 0 -0.2720582852389196
vn 0.9622807747392953 0 -0.2720582852389196
vn 0.48113998448688994 -0.8333598319544039 -0.2720582765013461
vn 0.48113998448688994 -0.8333598319544039 -0.2720582765013461
vn 0.48113998448688994 -0.8333598319544039 -0.2720582765013461
vn 0.48114165971980666 -0.8333585911737282 -0.2720591145302957
vn 0.48114165971980666 -0.8333585911737282 -0.2720591145302957
vn 0.48114165971980666 -0.8333585911737282 -0.2720591145302957
vn -0.4811410845721733 -0.8333589929849559 -0.2720589008795941
vn -0.4811410845721733 -0.8333589929849559 -0.2720589008795941
vn -0.4811410845721733 -0.8333589929849559 -0.2720589008795941
vn -0.4811401701123112 -0.833360618612644 -0.27205553853918757
vn -0.4811401701123112 -0.833360618612644 -0.27205553853918757
vn -0.4811401701123112 -0.833360618612644 -0.27205553853918757
vn -0.8660279376405721 -0.499995611206756 0
vn -0.8660279376405721 -0.499995611206756 0
vn -0.8660279376405721 -0.499995611206756 0
vn -0.866024612562283 -0.5000013704344695 0
vn -0.866024612562283 -0.5000013704344695 0
vn -0.866024612562283 -0.5000013704344695 0
vn -0.9622810820858814 0 -0.2720571981397026
vn -0.9622810820858814 0 -0.2720571981397026
vn -0.9622810820858814 0 -0.2720571981397026
vn -0.9622810464657733 0 -0.2720573241299273
vn -0.9622810464657733 0 -0.2720573241299273
vn -0.9622810464657733 0 -0.2720573241299273
vn -0.48113961024210783 0.8333591991411353 -0.27206087675907775
vn -0.48113961024210783 0.8333591991411353 -0.27206087675907775
vn -0.48113961024210783 0.8333591991411353 -0.27206087675907775
vn -0.4811403622212951 0.8333595767422366 -0.27205839022820316
vn -0.4811403622212951 0.8333595767422366 -0.27205839022820316
vn -0.4811403622212951 0.8333595767422366 -0.27205839022820316
vn 0 0 -1
vn 0 0 -1
vn 0 0 -1
vn 0 0 -1
vn 0 0 -1
vn 0 0 -1
vn 3.564474937434163e-8 5.207787978633849e-8 -0.999999999999998
vn 3.564474937434163e-8 5.207787978633849e-8 -0.999999999999998
vn 3.564474937434163e-8 5.207787978633849e-8 -0.999999999999998
vn -4.601434966389189e-8 -7.566940496417345e-8 -0.9999999999999962
vn -4.601434966389189e-8 -7.566940496417345e-8 -0.9999999999999962
vn -4.601434966389189e-8 -7.566940496417345e-8 -0.9999999999999962
vn 0 0 -1
vn 0 0 -1
vn 0 0 -1
vn 0 0 -1
vn 0 0 -1
vn 0 0 -1
vn 1.4034851858465253e-7 -6.923989985805838e-7 -0.9999999999997504
vn 1.4034851858465253e-7 -6.923989985805838e-7 -0.9999999999997504
vn 1.4034851858465253e-7 -6.923989985805838e-7 -0.9999999999997504
vn 3.4375224799985303e-7 0 -0.9999999999999409
vn 3.4375224799985303e-7 0 -0.9999999999999409
vn 3.4375224799985303e-7 0 -0.9999999999999409
vn -0.49740796444391844 0.861536905575558 0.10168322004662343
vn -0.49740796444391844 0.861536905575558 0.10168322004662343
vn -0.49740796444391844 0.861536905575558 0.10168322004662343
vn -0.4974101531319086 0.8615356169951839 0.10168343134463398
vn -0.4974101531319086 0.8615356169951839 0.10168343134463398
vn -0.4974101531319086 0.8615356169951839 0.10168343134463398
vn -0.994816859589006 0 0.10168291831702994
vn -0.994816859589006 0 0.10168291831702994
vn -0.994816859589006 0 0.10168291831702994
vn -0.9948168520523027 0 0.10168299205249004
vn -0.9948168520523027 0 0.10168299205249004
vn -0.9948168520523027 0 0.10168299205249004
vn -0.4974069742243153 -0.8615375495474079 0.10168260772058836
vn -0.4974069742243153 -0.8615375495474079 0.10168260772058836
vn -0.4974069742243153 -0.8615375495474079 0.10168260772058836
vn -0.4974093885475784 -0.8615360520263109 0.10168348559939387
vn -0.4974093885475784 -0.8615360520263109 0.10168348559939387
vn -0.4974093885475784 -0.8615360520263109 0.10168348559939387
vn 0.49740818262322756 0.861536743325335 0.101683527475367
vn 0.49740818262322756 0.861536743325335 0.101683527475367
vn 0.49740818262322756 0.861536743325335 0.101683527475367
vn 0.49740698824893953 0.8615376334435101 0.10168182827661648
vn 0.49740698824893953 0.8615376334435101 0.10168182827661648
vn 0.49740698824893953 0.8615376334435101 0.10168182827661648
vn 0.000002119877535728631 0 0.9999999999977531
vn 0.000002119877535728631 0 0.9999999999977531
vn 0.000002119877535728631 0 0.9999999999977531
vn 0 0 1
vn 0 0 1
vn 0 0 1
vn -0.0000014132598380442218 0 0.9999999999990015
vn -0.0000014132598380442218 0 0.9999999999990015
vn -0.0000014132598380442218 0 0.9999999999990015
vn -0.000002119883674817868 0 0.9999999999977531
vn -0.000002119883674817868 0 0.9999999999977531
vn -0.000002119883674817868 0 0.9999999999977531
vn 0 0 1
vn 0 0 1
vn 0 0 1
vn 0.0000014132557453180638 0 0.9999999999990015
vn 0.0000014132557453180638 0 0.9999999999990015
vn 0.0000014132557453180638 0 0.9999999999990015
vn -5.1636416031897104e-8 0 0.9999999999999987
vn -5.1636416031897104e-8 0 0.9999999999999987
vn -5.1636416031897104e-8 0 0.9999999999999987
vn 9.421731874677245e-7 0 0.9999999999995561
vn 9.421731874677245e-7 0 0.9999999999995561
vn 9.421731874677245e-7 0 0.9999999999995561
vn 0 0 1
vn 0 0 1
vn 0 0 1
vn -3.140573312521001e-7 0 0.9999999999999507
vn -3.140573312521001e-7 0 0.9999999999999507
vn -3.140573312521001e-7 0 0.9999999999999507
vn -0.000001075745444722375 0 0.9999999999994214
vn -0.000001075745444722375 0 0.9999999999994214
vn -0.000001075745444722375 0 0.9999999999994214
vn 0.0000013560332945404565 0 0.9999999999990807
vn 0.0000013560332945404565 0 0.9999999999990807
vn 0.0000013560332945404565 0 0.9999999999990807
vn 0 0 1
vn 0 0 1
vn 0 0 1
vn 0 0 1
vn 0 0 1
vn 0 0 1
vn 0 0 1
vn 0 0 1
vn 0 0 1
vn 0 0 1
vn 0 0 1
vn 0 0 1
vn 1 0 0
vn 1 0 0
vn 1 0 0
vn 1 0 0
vn 1 0 0
vn 1 0 0
vn 0 1 0
vn 0 1 0
vn 0 1 0
vn 0 1 0
vn 0 1 0
vn 0 1 0
vn 0 0 1
vn 0 0 1
vn 0 0 1
vn -6.780120997971868e-7 0 0.9999999999997702
vn -6.780120997971868e-7 0 0.9999999999997702
vn -6.780120997971868e-7 0 0.9999999999997702
vn 0 0 1
vn 0 0 1
vn 0 0 1
vn -0.0000010757430572987828 0 0.9999999999994214
vn -0.0000010757430572987828 0 0.9999999999994214
vn -0.0000010757430572987828 0 0.9999999999994214
vn -0.8660248270248614 -0.5000009989755609 0
vn -0.8660248270248614 -0.5000009989755609 0
vn -0.8660248270248614 -0.5000009989755609 0
vn -0.8660276973709572 -0.4999960273705761 0
vn -0.8660276973709572 -0.4999960273705761 0
vn -0.8660276973709572 -0.4999960273705761 0
vn 0 0 1
vn 0 0 1
vn 0 0 1
vn 0 0 1
vn 0 0 1
vn 0 0 1
vn 0 0 1
vn 0 0 1
vn 0 0 1
vn 0.0000021514999843880334 0 0.9999999999976856
vn 0.0000021514999843880334 0 0.9999999999976856
vn 0.0000021514999843880334 0 0.9999999999976856
vn -0.8660248270248614 -0.5000009989755609 0
vn -0.8660248270248614 -0.5000009989755609 0
vn -0.8660248270248614 -0.5000009989755609 0
vn -0.8660276973709572 -0.4999960273705761 0
vn -0.8660276973709572 -0.4999960273705761 0
vn -0.8660276973709572 -0.4999960273705761 0
vn 0.8660248270248614 -0.5000009989755609 0
vn 0.8660248270248614 -0.5000009989755609 0
vn 0.8660248270248614 -0.5000009989755609 0
vn 0.8660276973709572 -0.4999960273705761 0
vn 0.8660276973709572 -0.4999960273705761 0
vn 0.8660276973709572 -0.4999960273705761 0
vn 0 1 0
vn 0 1 0
vn 0 1 0
vn 0 1 0
vn 0 1 0
vn 0 1 0
vn -0.000001782960225679639 0 0.9999999999984106
vn -0.000001782960225679639 0 0.9999999999984106
vn -0.000001782960225679639 0 0.9999999999984106
vn 0 0 1
vn 0 0 1
vn 0 0 1
vn 0.5000002818671057 -0.866025241048328 0
vn 0.5000002818671057 -0.866025241048328 0
vn 0.5000002818671057 -0.866025241048328 0
vn 0.5000010694885855 -0.8660247863140353 0
vn 0.5000010694885855 -0.8660247863140353 0
vn 0.5000010694885855 -0.8660247863140353 0
vn -0.8660279376405721 -0.499995611206756 0
vn -0.8660279376405721 -0.499995611206756 0
vn -0.8660279376405721 -0.499995611206756 0
vn -0.866024612562283 -0.5000013704344695 0
vn -0.866024612562283 -0.5000013704344695 0
vn -0.866024612562283 -0.5000013704344695 0
vn 0 0 1
vn 0 0 1
vn 0 0 1
vn 0 0 1
vn 0 0 1
vn 0 0 1
vn 0.8660270430808581 -0.4999971606445638 0
vn 0.8660270430808581 -0.4999971606445638 0
vn 0.8660270430808581 -0.4999971606445638 0
vn 0.8660237179922537 -0.5000029198663478 0
vn 0.8660237179922537 -0.5000029198663478 0
vn 0.8660237179922537 -0.5000029198663478 0
vn 1 0 0
vn 1 0 0
vn 1 0 0
vn 1 0 0
vn 1 0 0
vn 1 0 0
vn 0 0 1
vn 0 0 1
vn 0 0 1
vn 0.0000010757443078539977 0 0.9999999999994214
vn 0.0000010757443078539977 0 0.9999999999994214
vn 0.0000010757443078539977 0 0.9999999999994214
vn -0.18629619266296368 0 -0.9824936277652307
vn -0.18629619266296368 0 -0.9824936277652307
vn -0.18629619266296368 0 -0.9824936277652307
vn -0.2400532894314428 0.009296394626756577 -0.9707151978207036
vn -0.2400532894314428 0.009296394626756577 -0.9707151978207036
vn -0.2400532894314428 0.009296394626756577 -0.9707151978207036
vn 0.4974090887623438 0.8615362277883798 0.10168346288745204
vn 0.4974090887623438 0.8615362277883798 0.10168346288745204
vn 0.4974090887623438 0.8615362277883798 0.10168346288745204
vn 0.49740823677082013 0.8615369126873715 0.10168182762743824
vn 0.49740823677082013 0.8615369126873715 0.10168182762743824
vn 0.49740823677082013 0.8615369126873715 0.10168182762743824
vn 0.12255534506137619 -0.21227228600723025 0.9694950561968595
vn 0.12255534506137619 -0.21227228600723025 0.9694950561968595
vn 0.12255534506137619 -0.21227228600723025 0.9694950561968595
vn 0.08515400405378286 -0.16594357722066624 0.9824517925948414
vn 0.08515400405378286 -0.16594357722066624 0.9824517925948414
vn 0.08515400405378286 -0.16594357722066624 0.9824517925948414
vn -0.20427679600021353 0 0.9789131680674682
vn -0.20427679600021353 0 0.9789131680674682
vn -0.20427679600021353 0 0.9789131680674682
vn -0.23943738535831022 -0.010420373595900733 0.9708558875069451
vn -0.23943738535831022 -0.010420373595900733 0.9708558875069451
vn -0.23943738535831022 -0.010420373595900733 0.9708558875069451
vn 0.9948168745250031 0 0.10168277219029914
vn 0.9948168745250031 0 0.10168277219029914
vn 0.9948168745250031 0 0.10168277219029914
vn 0.9948168475302782 0 0.1016830362937653
vn 0.9948168475302782 0 0.1016830362937653
vn 0.9948168475302782 0 0.1016830362937653
vn 0.9948169414639318 0 0.1016821172888741
vn 0.9948169414639318 0 0.1016821172888741
vn 0.9948169414639318 0 0.1016821172888741
vn 0.9948080649012365 -0.0006363297497224979 0.10176693516023301
vn 0.9948080649012365 -0.0006363297497224979 0.10176693516023301
vn 0.9948080649012365 -0.0006363297497224979 0.10176693516023301
vn 0.12255630054321141 0.21227330241690062 -0.9694947128675767
vn 0.12255630054321141 0.21227330241690062 -0.9694947128675767
vn 0.12255630054321141 0.21227330241690062 -0.9694947128675767
vn 0.08602670345183806 0.16544378842041693 -0.9824600547433519
vn 0.08602670345183806 0.16544378842041693 -0.9824600547433519
vn 0.08602670345183806 0.16544378842041693 -0.9824600547433519
vn 0.1225546210295395 0.21227030185693269 0.9694955821528393
vn 0.1225546210295395 0.21227030185693269 0.9694955821528393
vn 0.1225546210295395 0.21227030185693269 0.9694955821528393
vn 0.10113345949487751 0.15671630386352103 0.9824520463991893
vn 0.10113345949487751 0.15671630386352103 0.9824520463991893
vn 0.10113345949487751 0.15671630386352103 0.9824520463991893
vn -0.2451109247077294 0 -0.969495041033693
vn -0.2451109247077294 0 -0.969495041033693
vn -0.2451109247077294 0 -0.969495041033693
vn -0.186290372300227 -0.008220510727734227 -0.9824603403657666
vn -0.186290372300227 -0.008220510727734227 -0.9824603403657666
vn -0.186290372300227 -0.008220510727734227 -0.9824603403657666
vn -0.9948168347178649 0 0.1016831616440419
vn -0.9948168347178649 0 0.1016831616440419
vn -0.9948168347178649 0 0.1016831616440419
vn -0.994816833964193 0 0.10168316901758742
vn -0.994816833964193 0 0.10168316901758742
vn -0.994816833964193 0 0.10168316901758742
vn -0.09324924076797209 -0.16151264611342114 -0.982455212333691
vn -0.09324924076797209 -0.16151264611342114 -0.982455212333691
vn -0.09324924076797209 -0.16151264611342114 -0.982455212333691
vn -0.1280799977982762 -0.20324856405515568 -0.9707139307610201
vn -0.1280799977982762 -0.20324856405515568 -0.9707139307610201
vn -0.1280799977982762 -0.20324856405515568 -0.9707139307610201
vn 0.18629704527993 0 0.9824934660953059
vn 0.18629704527993 0 0.9824934660953059
vn 0.18629704527993 0 0.9824934660953059
vn 0.23943693833897303 0.010419532612293858 0.9708560067790692
vn 0.23943693833897303 0.010419532612293858 0.9708560067790692
vn 0.23943693833897303 0.010419532612293858 0.9708560067790692
vn -0.4974103655279005 0.8615356235418403 0.10168233688194182
vn -0.4974103655279005 0.8615356235418403 0.10168233688194182
vn -0.4974103655279005 0.8615356235418403 0.10168233688194182
vn -0.4974084205447667 0.8615368020690802 0.10168186589428324
vn -0.4974084205447667 0.8615368020690802 0.10168186589428324
vn -0.4974084205447667 0.8615368020690802 0.10168186589428324
vn -0.4811398172092293 0.8333611036334057 -0.2720546769434068
vn -0.4811398172092293 0.8333611036334057 -0.2720546769434068
vn -0.4811398172092293 0.8333611036334057 -0.2720546769434068
vn -0.48114132146812827 0.8333586327198423 -0.2720595854720402
vn -0.48114132146812827 0.8333586327198423 -0.2720595854720402
vn -0.48114132146812827 0.8333586327198423 -0.2720595854720402
vn -0.481141399342612 0.8333599756662462 -0.27205533407045424
vn -0.481141399342612 0.8333599756662462 -0.27205533407045424
vn -0.481141399342612 0.8333599756662462 -0.27205533407045424
vn -0.48114180195225237 0.8333594735015798 -0.2720561602671574
vn -0.48114180195225237 0.8333594735015798 -0.2720561602671574
vn -0.48114180195225237 0.8333594735015798 -0.2720561602671574
vn -0.4811418858571132 0.8333585699020299 -0.2720587797603749
vn -0.4811418858571132 0.8333585699020299 -0.2720587797603749
vn -0.4811418858571132 0.8333585699020299 -0.2720587797603749
vn -0.4811403622212951 0.8333595767422366 -0.27205839022820316
vn -0.4811403622212951 0.8333595767422366 -0.27205839022820316
vn -0.4811403622212951 0.8333595767422366 -0.27205839022820316
vn -0.9622808337659513 0 -0.27205807645924696
vn -0.9622808337659513 0 -0.27205807645924696
vn -0.9622808337659513 0 -0.27205807645924696
vn -0.9622808537818957 0 -0.27205800566200217
vn -0.9622808537818957 0 -0.27205800566200217
vn -0.9622808537818957 0 -0.27205800566200217
vn -0.9622806845039962 0 -0.272058604404493
vn -0.9622806845039962 0 -0.272058604404493
vn -0.9622806845039962 0 -0.272058604404493
vn -0.9622807513328646 0 -0.2720583680283657
vn -0.9622807513328646 0 -0.2720583680283657
vn -0.9622807513328646 0 -0.2720583680283657
vn -0.9622811367006597 0 -0.2720570049641917
vn -0.9622811367006597 0 -0.2720570049641917
vn -0.9622811367006597 0 -0.2720570049641917
vn -0.9622811567165127 0 -0.2720569341669683
vn -0.9622811567165127 0 -0.2720569341669683
vn -0.9622811567165127 0 -0.2720569341669683
vn 0.0000010757477184591294 0 0.9999999999994214
vn 0.0000010757477184591294 0 0.9999999999994214
vn 0.0000010757477184591294 0 0.9999999999994214
vn -0.0000013560352272166977 0 0.9999999999990807
vn -0.0000013560352272166977 0 0.9999999999990807
vn -0.0000013560352272166977 0 0.9999999999990807
vn 0 0 1
vn 0 0 1
vn 0 0 1
vn -0.000001075745444722375 0 0.9999999999994214
vn -0.000001075745444722375 0 0.9999999999994214
vn -0.000001075745444722375 0 0.9999999999994214
vn -0.5000004675966471 0.8660251338172203 0
vn -0.5000004675966471 0.8660251338172203 0
vn -0.5000004675966471 0.8660251338172203 0
vn -0.4999987805938523 0.8660261078077616 0
vn -0.4999987805938523 0.8660261078077616 0
vn -0.4999987805938523 0.8660261078077616 0
vn -0.48113974615337235 -0.8333598917063766 -0.2720585149680204
vn -0.48113974615337235 -0.8333598917063766 -0.2720585149680204
vn -0.48113974615337235 -0.8333598917063766 -0.2720585149680204
vn -0.4811410932760834 -0.8333598425255695 -0.27205628319679215
vn -0.4811410932760834 -0.8333598425255695 -0.27205628319679215
vn -0.4811410932760834 -0.8333598425255695 -0.27205628319679215
vn -0.48114067075319283 -0.8333594161298633 -0.2720583365656361
vn -0.48114067075319283 -0.8333594161298633 -0.2720583365656361
vn -0.48114067075319283 -0.8333594161298633 -0.2720583365656361
vn -0.4811398543561379 -0.8333597534332056 -0.2720587471630002
vn -0.4811398543561379 -0.8333597534332056 -0.2720587471630002
vn -0.4811398543561379 -0.8333597534332056 -0.2720587471630002
vn -0.48113998448688994 -0.8333598319544039 -0.2720582765013461
vn -0.48113998448688994 -0.8333598319544039 -0.2720582765013461
vn -0.48113998448688994 -0.8333598319544039 -0.2720582765013461
vn -0.48114067075319283 -0.8333594161298633 -0.2720583365656361
vn -0.48114067075319283 -0.8333594161298633 -0.2720583365656361
vn -0.48114067075319283 -0.8333594161298633 -0.2720583365656361
vn 0.48114131510338537 -0.8333589197190339 -0.27205871760579514
vn 0.48114131510338537 -0.8333589197190339 -0.27205871760579514
vn 0.48114131510338537 -0.8333589197190339 -0.27205871760579514
vn 0.48114132146812827 -0.8333586327198423 -0.2720595854720402
vn 0.48114132146812827 -0.8333586327198423 -0.2720595854720402
vn 0.48114132146812827 -0.8333586327198423 -0.2720595854720402
vn 0.9622815030719208 0 -0.27205570908482124
vn 0.9622815030719208 0 -0.27205570908482124
vn 0.9622815030719208 0 -0.27205570908482124
vn 0.9622809284127459 0 -0.2720577416893403
vn 0.9622809284127459 0 -0.2720577416893403
vn 0.9622809284127459 0 -0.2720577416893403
vn 0.9622811054922189 0 -0.27205711535020194
vn 0.9622811054922189 0 -0.27205711535020194
vn 0.9622811054922189 0 -0.27205711535020194
vn 0.9622809874392823 0 -0.2720575329096401
vn 0.9622809874392823 0 -0.2720575329096401
vn 0.9622809874392823 0 -0.2720575329096401
vn 0.9622807669371525 0 -0.2720583128354023
vn 0.9622807669371525 0 -0.2720583128354023
vn 0.9622807669371525 0 -0.2720583128354023
vn 0.9622807435307196 0 -0.27205839562484635
vn 0.9622807435307196 0 -0.27205839562484635
vn 0.9622807435307196 0 -0.27205839562484635
vn 0.481139544762932 0.8333610963147875 -0.27205518119369415
vn 0.481139544762932 0.8333610963147875 -0.27205518119369415
vn 0.481139544762932 0.8333610963147875 -0.27205518119369415
vn 0.48113990653796207 0.8333595537771059 -0.2720592664568955
vn 0.48113990653796207 0.8333595537771059 -0.2720592664568955
vn 0.48113990653796207 0.8333595537771059 -0.2720592664568955
vn 0.481141968251493 0.8333584305608952 -0.27205906086760134
vn 0.481141968251493 0.8333584305608952 -0.27205906086760134
vn 0.481141968251493 0.8333584305608952 -0.27205906086760134
vn 0.4811405923114891 0.8333591967036608 -0.2720591474286035
vn 0.4811405923114891 0.8333591967036608 -0.2720591474286035
vn 0.4811405923114891 0.8333591967036608 -0.2720591474286035
vn 0.4811410845721733 0.8333589929849559 -0.2720589008795941
vn 0.4811410845721733 0.8333589929849559 -0.2720589008795941
vn 0.4811410845721733 0.8333589929849559 -0.2720589008795941
vn 0.4811402467899269 0.8333586892161299 -0.2720613129919469
vn 0.4811402467899269 0.8333586892161299 -0.2720613129919469
vn 0.4811402467899269 0.8333586892161299 -0.2720613129919469
vn -0.0000021514999843880334 0 0.9999999999976856
vn -0.0000021514999843880334 0 0.9999999999976856
vn -0.0000021514999843880334 0 0.9999999999976856
vn 0.000001356031475551053 0 0.9999999999990807
vn 0.000001356031475551053 0 0.9999999999990807
vn 0.000001356031475551053 0 0.9999999999990807
vn -0.0000021514908894410157 0 0.9999999999976856
vn -0.0000021514908894410157 0 0.9999999999976856
vn -0.0000021514908894410157 0 0.9999999999976856
vn 0 0 1
vn 0 0 1
vn 0 0 1
vn 0.0000010757407835620283 0 0.9999999999994214
vn 0.0000010757407835620283 0 0.9999999999994214
vn 0.0000010757407835620283 0 0.9999999999994214
vn 0 0 1
vn 0 0 1
vn 0 0 1
vn 0 0 1
vn 0 0 1
vn 0 0 1
vn -0.0000010757419204304056 0 0.9999999999994214
vn -0.0000010757419204304056 0 0.9999999999994214
vn -0.0000010757419204304056 0 0.9999999999994214
vn 0.0000017829665921425515 0 0.9999999999984106
vn 0.0000017829665921425515 0 0.9999999999984106
vn 0.0000017829665921425515 0 0.9999999999984106
vn 0 0 1
vn 0 0 1
vn 0 0 1
vn 0 0 1
vn 0 0 1
vn 0 0 1
vn 0.0000027120629510946252 0 0.9999999999963225
vn 0.0000027120629510946252 0 0.9999999999963225
vn 0.0000027120629510946252 0 0.9999999999963225
vn 0 0 1
vn 0 0 1
vn 0 0 1
vn -0.0000016136181102389767 0 0.9999999999986982
vn -0.0000016136181102389767 0 0.9999999999986982
vn -0.0000016136181102389767 0 0.9999999999986982
vn 0.000001075752379619476 0 0.9999999999994214
vn 0.000001075752379619476 0 0.9999999999994214
vn 0.000001075752379619476 0 0.9999999999994214
vn 6.780157377759939e-7 0 0.9999999999997702
vn 6.780157377759939e-7 0 0.9999999999997702
vn 6.780157377759939e-7 0 0.9999999999997702
vn 0 0 1
vn 0 0 1
vn 0 0 1
vn -0.000001075745444722375 0 0.9999999999994214
vn -0.000001075745444722375 0 0.9999999999994214
vn -0.000001075745444722375 0 0.9999999999994214
vn -0.0000010757465815907521 0 0.9999999999994214
vn -0.0000010757465815907521 0 0.9999999999994214
vn -0.0000010757465815907521 0 0.9999999999994214
vn 0.0000013560278375722458 0 0.9999999999990807
vn 0.0000013560278375722458 0 0.9999999999990807
vn 0.0000013560278375722458 0 0.9999999999990807
vn 8.91476133801562e-7 0 0.9999999999996028
vn 8.91476133801562e-7 0 0.9999999999996028
vn 8.91476133801562e-7 0 0.9999999999996028
vn 0 0 1
vn 0 0 1
vn 0 0 1
vn -4.457424438441661e-7 0 0.9999999999999007
vn -4.457424438441661e-7 0 0.9999999999999007
vn -4.457424438441661e-7 0 0.9999999999999007
vn 0.0000010757396466936511 0 0.9999999999994214
vn 0.0000010757396466936511 0 0.9999999999994214
vn 0.0000010757396466936511 0 0.9999999999994214
vn -1 0 0
vn -1 0 0
vn -1 0 0
vn -1 0 0
vn -1 0 0
vn -1 0 0
vn 0 1 0
vn 0 1 0
vn 0 1 0
vn 0 1 0
vn 0 1 0
vn 0 1 0
vn -1 0 0
vn -1 0 0
vn -1 0 0
vn -1 0 0
vn -1 0 0
vn -1 0 0
vn 0.8660239324555213 -0.5000025484077804 0
vn 0.8660239324555213 -0.5000025484077804 0
vn 0.8660239324555213 -0.5000025484077804 0
vn 0.8660268028105007 -0.4999975768079504 0
vn 0.8660268028105007 -0.4999975768079504 0
vn 0.8660268028105007 -0.4999975768079504 0
vn -0.49999991386579007 0.8660254535140421 0
vn -0.49999991386579007 0.8660254535140421 0
vn -0.49999991386579007 0.8660254535140421 0
vn -0.5000004228931902 0.8660251596268038 0
vn -0.5000004228931902 0.8660251596268038 0
vn -0.5000004228931902 0.8660251596268038 0
vn 0 1 0
vn 0 1 0
vn 0 1 0
vn 0 1 0
vn 0 1 0
vn 0 1 0
vn -0.5000004675966471 -0.8660251338172203 0
vn -0.5000004675966471 -0.8660251338172203 0
vn -0.5000004675966471 -0.8660251338172203 0
vn -0.49999734637445137 -0.8660269358504428 0
vn -0.49999734637445137 -0.8660269358504428 0
vn -0.49999734637445137 -0.8660269358504428 0
vn 0.5000016008672864 -0.8660244795213072 0
vn 0.5000016008672864 -0.8660244795213072 0
vn 0.5000016008672864 -0.8660244795213072 0
vn 0.49999938248646214 -0.8660257603057524 0
vn 0.49999938248646214 -0.8660257603057524 0
vn 0.49999938248646214 -0.8660257603057524 0
vn 0.8660279376405721 -0.499995611206756 0
vn 0.8660279376405721 -0.499995611206756 0
vn 0.8660279376405721 -0.499995611206756 0
vn 0.866024612562283 -0.5000013704344695 0
vn 0.866024612562283 -0.5000013704344695 0
vn 0.866024612562283 -0.5000013704344695 0
vn 0.49999991386579007 0.8660254535140421 0
vn 0.49999991386579007 0.8660254535140421 0
vn 0.49999991386579007 0.8660254535140421 0
vn 0.49999949770304647 0.8660256937855256 0
vn 0.49999949770304647 0.8660256937855256 0
vn 0.49999949770304647 0.8660256937855256 0
vn 0.5000016713802966 0.866024438810424 0
vn 0.5000016713802966 0.866024438810424 0
vn 0.5000016713802966 0.866024438810424 0
vn 0.5000010694885855 0.8660247863140353 0
vn 0.5000010694885855 0.8660247863140353 0
vn 0.5000010694885855 0.8660247863140353 0
vn -0.49999991386579007 -0.8660254535140421 0
vn -0.49999991386579007 -0.8660254535140421 0
vn -0.49999991386579007 -0.8660254535140421 0
vn -0.5000004228931902 -0.8660251596268038 0
vn -0.5000004228931902 -0.8660251596268038 0
vn -0.5000004228931902 -0.8660251596268038 0
vn 0.5171107713648776 0.8498602018381015 0.10165671384676321
vn 0.5171107713648776 0.8498602018381015 0.10165671384676321
vn 0.5171107713648776 0.8498602018381015 0.10165671384676321
vn 0.5149060391603137 0.8510540564890525 0.10285311745283217
vn 0.5149060391603137 0.8510540564890525 0.10285311745283217
vn 0.5149060391603137 0.8510540564890525 0.10285311745283217
vn 0.477386197800502 0.8726367793455866 0.1029925700375623
vn 0.477386197800502 0.8726367793455866 0.1029925700375623
vn 0.477386197800502 0.8726367793455866 0.1029925700375623
vn 0.4796335154676918 0.8715598680527845 0.10166163110985628
vn 0.4796335154676918 0.8715598680527845 0.10166163110985628
vn 0.4796335154676918 0.8715598680527845 0.10166163110985628
vn 0.9944187045923758 0.022887733384274776 0.10299316296411093
vn 0.9944187045923758 0.022887733384274776 0.10299316296411093
vn 0.9944187045923758 0.022887733384274776 0.10299316296411093
vn 0.9945685880872911 0.020411932876608987 0.10206212121200106
vn 0.9945685880872911 0.020411932876608987 0.10206212121200106
vn 0.9945685880872911 0.020411932876608987 0.10206212121200106
vn -0.9945559866135582 0.022899841356570447 0.10165621848650433
vn -0.9945559866135582 0.022899841356570447 0.10165621848650433
vn -0.9945559866135582 0.022899841356570447 0.10165621848650433
vn -0.9944874112269927 0.020398710054380036 0.10285271770425708
vn -0.9944874112269927 0.020398710054380036 0.10285271770425708
vn -0.9944874112269927 0.020398710054380036 0.10285271770425708
vn -0.9944186256597511 -0.022892177210764864 0.10299293744486948
vn -0.9944186256597511 -0.022892177210764864 0.10299293744486948
vn -0.9944186256597511 -0.022892177210764864 0.10299293744486948
vn -0.9946097441405405 -0.020404563621414504 0.10166174621807379
vn -0.9946097441405405 -0.020404563621414504 0.10166174621807379
vn -0.9946097441405405 -0.020404563621414504 0.10166174621807379
vn -0.47744695290358896 0.8727601938088375 0.10165653577531937
vn -0.47744695290358896 0.8727601938088375 0.10165653577531937
vn -0.47744695290358896 0.8727601938088375 0.10165653577531937
vn -0.4795805581182425 0.8714493039395108 0.10285231615446026
vn -0.4795805581182425 0.8714493039395108 0.10285231615446026
vn -0.4795805581182425 0.8714493039395108 0.10285231615446026
vn -0.5170342438444658 0.8497458880898239 0.10299279764438868
vn -0.5170342438444658 0.8497458880898239 0.10299279764438868
vn -0.5170342438444658 0.8497458880898239 0.10299279764438868
vn -0.5149739900541654 0.8511561022836311 0.10166159113957099
vn -0.5149739900541654 0.8511561022836311 0.10166159113957099
vn -0.5149739900541654 0.8511561022836311 0.10166159113957099
vn -0.1225535793168906 0.21226894822180223 -0.969496010212228
vn -0.1225535793168906 0.21226894822180223 -0.969496010212228
vn -0.1225535793168906 0.21226894822180223 -0.969496010212228
vn -0.10026685733182295 0.1572254125961364 -0.9824595294233623
vn -0.10026685733182295 0.1572254125961364 -0.9824595294233623
vn -0.10026685733182295 0.1572254125961364 -0.9824595294233623
vn 0.09314919014267926 -0.1613370584062177 0.9824935531394553
vn 0.09314919014267926 -0.1613370584062177 0.9824935531394553
vn 0.09314919014267926 -0.1613370584062177 0.9824935531394553
vn 0.12874241071576412 -0.2021502091414396 0.9708556456173933
vn 0.12874241071576412 -0.2021502091414396 0.9708556456173933
vn 0.12874241071576412 -0.2021502091414396 0.9708556456173933
vn 0.09314737600836799 0.16133640934960702 -0.9824938317164805
vn 0.09314737600836799 0.16133640934960702 -0.9824938317164805
vn 0.09314737600836799 0.16133640934960702 -0.9824938317164805
vn 0.12807762743406284 0.20324468804006643 -0.9707150550673237
vn 0.12807762743406284 0.20324468804006643 -0.9707150550673237
vn 0.12807762743406284 0.20324468804006643 -0.9707150550673237
vn -0.12255463433531219 -0.21226980735533957 0.9694956887414532
vn -0.12255463433531219 -0.21226980735533957 0.9694956887414532
vn -0.12255463433531219 -0.21226980735533957 0.9694956887414532
vn -0.10113404234330993 -0.15671769231071897 0.982451764920856
vn -0.10113404234330993 -0.15671769231071897 0.982451764920856
vn -0.10113404234330993 -0.15671769231071897 0.982451764920856
vn -0.09315028587617877 0.16134111238482945 -0.9824927835336055
vn -0.09315028587617877 0.16134111238482945 -0.9824927835336055
vn -0.09315028587617877 0.16134111238482945 -0.9824927835336055
vn -0.11197580446411891 0.21253971849047665 -0.9707153482244948
vn -0.11197580446411891 0.21253971849047665 -0.9707153482244948
vn -0.11197580446411891 0.21253971849047665 -0.9707153482244948
vn -0.09314721544889114 -0.1613364022528758 0.9824938481040053
vn -0.09314721544889114 -0.1613364022528758 0.9824938481040053
vn -0.09314721544889114 -0.1613364022528758 0.9824938481040053
vn -0.11069538364112066 -0.21256935442517652 0.9708557058594283
vn -0.11069538364112066 -0.21256935442517652 0.9708557058594283
vn -0.11069538364112066 -0.21256935442517652 0.9708557058594283
vn 0.24511091070182067 0 0.9694950445747127
vn 0.24511091070182067 0 0.9694950445747127
vn 0.24511091070182067 0 0.9694950445747127
vn 0.1862885109138527 -0.009226171553450744 0.982451763935495
vn 0.1862885109138527 -0.009226171553450744 0.982451763935495
vn 0.1862885109138527 -0.009226171553450744 0.982451763935495
vn 0.48114042256035794 0.8333606508978675 -0.2720549931788108
vn 0.48114042256035794 0.8333606508978675 -0.2720549931788108
vn 0.48114042256035794 0.8333606508978675 -0.2720549931788108
vn 0.4811402628063346 0.8333596110270242 -0.2720584610254532
vn 0.4811402628063346 0.8333596110270242 -0.2720584610254532
vn 0.4811402628063346 0.8333596110270242 -0.2720584610254532
vn 0.4811396044101147 0.8333589506212344 -0.27206164832176016
vn 0.4811396044101147 0.8333589506212344 -0.27206164832176016
vn 0.4811396044101147 0.8333589506212344 -0.27206164832176016
vn 0.9622807157125942 0 -0.2720584940185798
vn 0.9622807157125942 0 -0.2720584940185798
vn 0.9622807157125942 0 -0.2720584940185798
vn 0.9622807279264277 0 -0.2720584508178057
vn 0.9622807279264277 0 -0.2720584508178057
vn 0.9622807279264277 0 -0.2720584508178057
vn 0.4811410514028422 -0.8333592851763556 -0.27205806451072406
vn 0.4811410514028422 -0.8333592851763556 -0.27205806451072406
vn 0.4811410514028422 -0.8333592851763556 -0.27205806451072406
vn 0.48114165971980666 -0.8333585911737282 -0.2720591145302957
vn 0.48114165971980666 -0.8333585911737282 -0.2720591145302957
vn 0.48114165971980666 -0.8333585911737282 -0.2720591145302957
vn -0.481141650932138 -0.8333586951623864 -0.2720588115381326
vn -0.481141650932138 -0.8333586951623864 -0.2720588115381326
vn -0.481141650932138 -0.8333586951623864 -0.2720588115381326
vn -0.481140054685382 -0.8333597310942132 -0.27205846130552236
vn -0.481140054685382 -0.8333597310942132 -0.27205846130552236
vn -0.481140054685382 -0.8333597310942132 -0.27205846130552236
vn -0.8660279376405721 -0.499995611206756 0
vn -0.8660279376405721 -0.499995611206756 0
vn -0.8660279376405721 -0.499995611206756 0
vn -0.866024612562283 -0.5000013704344695 0
vn -0.866024612562283 -0.5000013704344695 0
vn -0.866024612562283 -0.5000013704344695 0
vn -0.9622811879249342 0 -0.27205682378094725
vn -0.9622811879249342 0 -0.27205682378094725
vn -0.9622811879249342 0 -0.27205682378094725
vn -0.9622809952414044 0 -0.27205750531314526
vn -0.9622809952414044 0 -0.27205750531314526
vn -0.9622809952414044 0 -0.27205750531314526
vn -0.48113998448688994 0.8333598319544039 -0.2720582765013461
vn -0.48113998448688994 0.8333598319544039 -0.2720582765013461
vn -0.48113998448688994 0.8333598319544039 -0.2720582765013461
vn -0.48114057030018836 0.8333599334393645 -0.27205692961060085
vn -0.48114057030018836 0.8333599334393645 -0.27205692961060085
vn -0.48114057030018836 0.8333599334393645 -0.27205692961060085
vn -0.49740784415626194 0.86153714212634 0.10168180421588999
vn -0.49740784415626194 0.86153714212634 0.10168180421588999
vn -0.49740784415626194 0.86153714212634 0.10168180421588999
vn -0.4974081772168319 0.8615369127751104 0.10168211821043432
vn -0.4974081772168319 0.8615369127751104 0.10168211821043432
vn -0.4974081772168319 0.8615369127751104 0.10168211821043432
vn -0.4974081112566367 0.8615369017669633 0.10168253414371226
vn -0.4974081112566367 0.8615369017669633 0.10168253414371226
vn -0.4974081112566367 0.8615369017669633 0.10168253414371226
vn -0.9948168535596439 0 0.10168297730539816
vn -0.9948168535596439 0 0.10168297730539816
vn -0.9948168535596439 0 0.10168297730539816
vn -0.9948168332105211 0 0.10168317639113293
vn -0.9948168332105211 0 0.10168317639113293
vn -0.9948168332105211 0 0.10168317639113293
vn -0.49740740869914324 -0.8615372217842172 0.10168325944586934
vn -0.49740740869914324 -0.8615372217842172 0.10168325944586934
vn -0.49740740869914324 -0.8615372217842172 0.10168325944586934
vn -0.4974093885475784 -0.8615360520263109 0.10168348559939387
vn -0.4974093885475784 -0.8615360520263109 0.10168348559939387
vn -0.4974093885475784 -0.8615360520263109 0.10168348559939387
vn 0.4974081123871366 -0.8615369037250484 0.10168251202307306
vn 0.4974081123871366 -0.8615369037250484 0.10168251202307306
vn 0.4974081123871366 -0.8615369037250484 0.10168251202307306
vn 0.4974088208267396 -0.8615364070964802 0.10168325432951339
vn 0.4974088208267396 -0.8615364070964802 0.10168325432951339
vn 0.4974088208267396 -0.8615364070964802 0.10168325432951339
vn 0.000002119883674817868 0 0.9999999999977531
vn 0.000002119883674817868 0 0.9999999999977531
vn 0.000002119883674817868 0 0.9999999999977531
vn 0 0 1
vn 0 0 1
vn 0 0 1
vn -0.0000014132598380442218 0 0.9999999999990015
vn -0.0000014132598380442218 0 0.9999999999990015
vn -0.0000014132598380442218 0 0.9999999999990015
vn -7.066288958411006e-7 0 0.9999999999997504
vn -7.066288958411006e-7 0 0.9999999999997504
vn -7.066288958411006e-7 0 0.9999999999997504
vn 0 0 1
vn 0 0 1
vn 0 0 1
vn 0.0000014132577916811428 0 0.9999999999990015
vn 0.0000014132577916811428 0 0.9999999999990015
vn 0.0000014132577916811428 0 0.9999999999990015
vn 0 0 1
vn 0 0 1
vn 0 0 1
vn 9.421727327203736e-7 0 0.9999999999995561
vn 9.421727327203736e-7 0 0.9999999999995561
vn 9.421727327203736e-7 0 0.9999999999995561
vn 0 0 1
vn 0 0 1
vn 0 0 1
vn -3.1405693334816806e-7 0 0.9999999999999507
vn -3.1405693334816806e-7 0 0.9999999999999507
vn -3.1405693334816806e-7 0 0.9999999999999507
vn -0.000001075745444722375 0 0.9999999999994214
vn -0.000001075745444722375 0 0.9999999999994214
vn -0.000001075745444722375 0 0.9999999999994214
vn 0.0000013560370462061013 0 0.9999999999990807
vn 0.0000013560370462061013 0 0.9999999999990807
vn 0.0000013560370462061013 0 0.9999999999990807
vn 0 0 1
vn 0 0 1
vn 0 0 1
vn 0 0 1
vn 0 0 1
vn 0 0 1
vn 0 0 1
vn 0 0 1
vn 0 0 1
vn 0 0 1
vn 0 0 1
vn 0 0 1
vn 1 0 0
vn 1 0 0
vn 1 0 0
vn 1 0 0
vn 1 0 0
vn 1 0 0
vn 0 1 0
vn 0 1 0
vn 0 1 0
vn 0 1 0
vn 0 1 0
vn 0 1 0
vn 0 0 1
vn 0 0 1
vn 0 0 1
vn -6.780157377759939e-7 0 0.9999999999997702
vn -6.780157377759939e-7 0 0.9999999999997702
vn -6.780157377759939e-7 0 0.9999999999997702
vn -8.914737463779698e-7 0 0.9999999999996028
vn -8.914737463779698e-7 0 0.9999999999996028
vn -8.914737463779698e-7 0 0.9999999999996028
vn 0 0 1
vn 0 0 1
vn 0 0 1
vn -0.8660239324555213 -0.5000025484077804 0
vn -0.8660239324555213 -0.5000025484077804 0
vn -0.8660239324555213 -0.5000025484077804 0
vn -0.8660268028105007 -0.4999975768079504 0
vn -0.8660268028105007 -0.4999975768079504 0
vn -0.8660268028105007 -0.4999975768079504 0
vn 0 0 1
vn 0 0 1
vn 0 0 1
vn 0 0 1
vn 0 0 1
vn 0 0 1
vn 0 0 1
vn 0 0 1
vn 0 0 1
vn 0.0000021514999843880334 0 0.9999999999976856
vn 0.0000021514999843880334 0 0.9999999999976856
vn 0.0000021514999843880334 0 0.9999999999976856
vn -0.8660239324555213 -0.5000025484077804 0
vn -0.8660239324555213 -0.5000025484077804 0
vn -0.8660239324555213 -0.5000025484077804 0
vn -0.8660268028105007 -0.4999975768079504 0
vn -0.8660268028105007 -0.4999975768079504 0
vn -0.8660268028105007 -0.4999975768079504 0
vn 0.8660239324555213 -0.5000025484077804 0
vn 0.8660239324555213 -0.5000025484077804 0
vn 0.8660239324555213 -0.5000025484077804 0
vn 0.8660268028105007 -0.4999975768079504 0
vn 0.8660268028105007 -0.4999975768079504 0
vn 0.8660268028105007 -0.4999975768079504 0
vn 0 1 0
vn 0 1 0
vn 0 1 0
vn 0 1 0
vn 0 1 0
vn 0 1 0
vn -0.0000017829665921425515 0 0.9999999999984106
vn -0.0000017829665921425515 0 0.9999999999984106
vn -0.0000017829665921425515 0 0.9999999999984106
vn 0 0 1
vn 0 0 1
vn 0 0 1
vn 0.5000002818671057 -0.866025241048328 0
vn 0.5000002818671057 -0.866025241048328 0
vn 0.5000002818671057 -0.866025241048328 0
vn 0.5000010694885855 -0.8660247863140353 0
vn 0.5000010694885855 -0.8660247863140353 0
vn 0.5000010694885855 -0.8660247863140353 0
vn -0.8660279376405721 -0.499995611206756 0
vn -0.8660279376405721 -0.499995611206756 0
vn -0.8660279376405721 -0.499995611206756 0
vn -0.866024612562283 -0.5000013704344695 0
vn -0.866024612562283 -0.5000013704344695 0
vn -0.866024612562283 -0.5000013704344695 0
vn 0 0 1
vn 0 0 1
vn 0 0 1
vn 0 0 1
vn 0 0 1
vn 0 0 1
vn 0.8660279376405721 -0.499995611206756 0
vn 0.8660279376405721 -0.499995611206756 0
vn 0.8660279376405721 -0.499995611206756 0
vn 0.866024612562283 -0.5000013704344695 0
vn 0.866024612562283 -0.5000013704344695 0
vn 0.866024612562283 -0.5000013704344695 0
vn 1 0 0
vn 1 0 0
vn 1 0 0
vn 1 0 0
vn 1 0 0
vn 1 0 0
vn 0 0 1
vn 0 0 1
vn 0 0 1
vn 0.0000010757477184591294 0 0.9999999999994214
vn 0.0000010757477184591294 0 0.9999999999994214
vn 0.0000010757477184591294 0 0.9999999999994214
vn 0.0931491177243429 0.16133841802743693 0.9824933367385147
vn 0.0931491177243429 0.16133841802743693 0.9824933367385147
vn 0.0931491177243429 0.16133841802743693 0.9824933367385147
vn 0.11069368313595011 0.2125678609047026 0.970856226752549
vn 0.11069368313595011 0.2125678609047026 0.970856226752549
vn 0.11069368313595011 0.2125678609047026 0.970856226752549
vn -0.18629619266296368 0 -0.9824936277652307
vn -0.18629619266296368 0 -0.9824936277652307
vn -0.18629619266296368 0 -0.9824936277652307
vn -0.24005300876842683 0.009296379820825427 -0.9707152673690944
vn -0.24005300876842683 0.009296379820825427 -0.9707152673690944
vn -0.24005300876842683 0.009296379820825427 -0.9707152673690944
vn 0.11065711869710357 -0.19166123942593447 0.975203041106502
vn 0.11065711869710357 -0.19166123942593447 0.975203041106502
vn 0.11065711869710357 -0.19166123942593447 0.975203041106502
vn 0.08515270109048187 -0.16594383227150286 0.9824518624482538
vn 0.08515270109048187 -0.16594383227150286 0.9824518624482538
vn 0.08515270109048187 -0.16594383227150286 0.9824518624482538
vn 0.12255510024643873 0.2122715725774592 0.9694952433504136
vn 0.12255510024643873 0.2122715725774592 0.9694952433504136
vn 0.12255510024643873 0.2122715725774592 0.9694952433504136
vn 0.10113454331056916 0.15671734079434707 0.9824517694236756
vn 0.10113454331056916 0.15671734079434707 0.9824517694236756
vn 0.10113454331056916 0.15671734079434707 0.9824517694236756
vn 0.4974090887623438 -0.8615362277883798 0.10168346288745204
vn 0.4974090887623438 -0.8615362277883798 0.10168346288745204
vn 0.4974090887623438 -0.8615362277883798 0.10168346288745204
vn 0.49740786283413074 -0.8615370552681217 0.10168244878402671
vn 0.49740786283413074 -0.8615370552681217 0.10168244878402671
vn 0.49740786283413074 -0.8615370552681217 0.10168244878402671
vn 0.1225558033206766 -0.2122732462181165 -0.9694947880274791
vn 0.1225558033206766 -0.2122732462181165 -0.9694947880274791
vn 0.1225558033206766 -0.2122732462181165 -0.9694947880274791
vn 0.1002641170245707 -0.1572214810517326 -0.9824604382534611
vn 0.1002641170245707 -0.1572214810517326 -0.9824604382534611
vn 0.1002641170245707 -0.1572214810517326 -0.9824604382534611
vn -0.4974091796078784 -0.8615361786610118 0.10168343473741628
vn -0.4974091796078784 -0.8615361786610118 0.10168343473741628
vn -0.4974091796078784 -0.8615361786610118 0.10168343473741628
vn -0.49740786283413074 -0.8615370552681217 0.10168244878402671
vn -0.49740786283413074 -0.8615370552681217 0.10168244878402671
vn -0.49740786283413074 -0.8615370552681217 0.10168244878402671
vn 0.23717888889239977 0 -0.9714659925410495
vn 0.23717888889239977 0 -0.9714659925410495
vn 0.23717888889239977 0 -0.9714659925410495
vn 0.24005255872068146 -0.009290599916421451 -0.9707154339995047
vn 0.24005255872068146 -0.009290599916421451 -0.9707154339995047
vn 0.24005255872068146 -0.009290599916421451 -0.9707154339995047
vn -0.2451114292367447 0 -0.9694949134768683
vn -0.2451114292367447 0 -0.9694949134768683
vn -0.2451114292367447 0 -0.9694949134768683
vn -0.18629011687981195 -0.008220499459166006 -0.9824603888918616
vn -0.18629011687981195 -0.008220499459166006 -0.9824603888918616
vn -0.18629011687981195 -0.008220499459166006 -0.9824603888918616
vn -0.9948168467766072 0 0.10168304366731111
vn -0.9948168467766072 0 0.10168304366731111
vn -0.9948168467766072 0 0.10168304366731111
vn -0.9948168430082517 0 0.10168308053503994
vn -0.9948168430082517 0 0.10168308053503994
vn -0.9948168430082517 0 0.10168308053503994
vn -0.09314889374629132 -0.1613378509854752 -0.9824934510892328
vn -0.09314889374629132 -0.1613378509854752 -0.9824934510892328
vn -0.09314889374629132 -0.1613378509854752 -0.9824934510892328
vn -0.12807647565652058 -0.20324329526859877 -0.97071549864611
vn -0.12807647565652058 -0.20324329526859877 -0.97071549864611
vn -0.12807647565652058 -0.20324329526859877 -0.97071549864611
vn 0.1862973870215251 0 0.9824934012953737
vn 0.1862973870215251 0 0.9824934012953737
vn 0.1862973870215251 0 0.9824934012953737
vn 0.23943803309474437 0.010419510563906227 0.970855737021381
vn 0.23943803309474437 0.010419510563906227 0.970855737021381
vn 0.23943803309474437 0.010419510563906227 0.970855737021381
vn -0.49741033359624803 0.8615355602491065 0.10168302935066136
vn -0.49741033359624803 0.8615355602491065 0.10168302935066136
vn -0.49741033359624803 0.8615355602491065 0.10168302935066136
vn -0.49740753187058323 0.8615371690422334 0.10168310379364316
vn -0.49740753187058323 0.8615371690422334 0.10168310379364316
vn -0.49740753187058323 0.8615371690422334 0.10168310379364316
vn -0.4811401247451607 0.8333609492813842 -0.27205460586625135
vn -0.4811401247451607 0.8333609492813842 -0.27205460586625135
vn -0.4811401247451607 0.8333609492813842 -0.27205460586625135
vn -0.4811404967458745 0.8333596032690964 -0.27205807106260826
vn -0.4811404967458745 0.8333596032690964 -0.27205807106260826
vn -0.4811404967458745 0.8333596032690964 -0.27205807106260826
vn -0.48113944152238397 0.8333600590752938 -0.27205854103400523
vn -0.48113944152238397 0.8333600590752938 -0.27205854103400523
vn -0.48113944152238397 0.8333600590752938 -0.27205854103400523
vn -0.48114191799950357 0.8333588719783493 -0.27205779760692766
vn -0.48114191799950357 0.8333588719783493 -0.27205779760692766
vn -0.48114191799950357 0.8333588719783493 -0.27205779760692766
vn -0.48114101241290047 0.8333594400913009 -0.2720576589346507
vn -0.48114101241290047 0.8333594400913009 -0.2720576589346507
vn -0.48114101241290047 0.8333594400913009 -0.2720576589346507
vn -0.481140054685382 0.8333597310942132 -0.27205846130552236
vn -0.481140054685382 0.8333597310942132 -0.27205846130552236
vn -0.481140054685382 0.8333597310942132 -0.27205846130552236
vn -0.9622808927925619 0 -0.27205786767956175
vn -0.9622808927925619 0 -0.27205786767956175
vn -0.9622808927925619 0 -0.27205786767956175
vn -0.9622806254772275 0 -0.2720588131841271
vn -0.9622806254772275 0 -0.2720588131841271
vn -0.9622806254772275 0 -0.2720588131841271
vn -0.9622807279264277 0 -0.2720584508178057
vn -0.9622807279264277 0 -0.2720584508178057
vn -0.9622807279264277 0 -0.2720584508178057
vn -0.9622808693861642 0 -0.27205795046902803
vn -0.9622808693861642 0 -0.27205795046902803
vn -0.9622808693861642 0 -0.27205795046902803
vn -0.9622810820858814 0 -0.2720571981397026
vn -0.9622810820858814 0 -0.2720571981397026
vn -0.9622810820858814 0 -0.2720571981397026
vn -0.9622812157428731 0 -0.2720567253872212
vn -0.9622812157428731 0 -0.2720567253872212
vn -0.9622812157428731 0 -0.2720567253872212
vn 0.0000010757488553275066 0 0.9999999999994214
vn 0.0000010757488553275066 0 0.9999999999994214
vn 0.0000010757488553275066 0 0.9999999999994214
vn -0.0000013560278375722458 0 0.9999999999990807
vn -0.0000013560278375722458 0 0.9999999999990807
vn -0.0000013560278375722458 0 0.9999999999990807
vn 0 0 1
vn 0 0 1
vn 0 0 1
vn -0.000001075745444722375 0 0.9999999999994214
vn -0.000001075745444722375 0 0.9999999999994214
vn -0.000001075745444722375 0 0.9999999999994214
vn -0.5000004675966471 0.8660251338172203 0
vn -0.5000004675966471 0.8660251338172203 0
vn -0.5000004675966471 0.8660251338172203 0
vn -0.4999987805938523 0.8660261078077616 0
vn -0.4999987805938523 0.8660261078077616 0
vn -0.4999987805938523 0.8660261078077616 0
vn -0.4811396535024427 -0.8333604225294531 -0.27205705281995674
vn -0.4811396535024427 -0.8333604225294531 -0.27205705281995674
vn -0.4811396535024427 -0.8333604225294531 -0.27205705281995674
vn -0.48114132146812827 -0.8333586327198423 -0.2720595854720402
vn -0.48114132146812827 -0.8333586327198423 -0.2720595854720402
vn -0.48114132146812827 -0.8333586327198423 -0.2720595854720402
vn -0.48113974615337235 -0.8333598917063766 -0.2720585149680204
vn -0.48113974615337235 -0.8333598917063766 -0.2720585149680204
vn -0.48113974615337235 -0.8333598917063766 -0.2720585149680204
vn -0.4811395209171823 -0.8333607490040356 -0.27205628724772585
vn -0.4811395209171823 -0.8333607490040356 -0.27205628724772585
vn -0.4811395209171823 -0.8333607490040356 -0.27205628724772585
vn -0.48113998448688994 -0.8333598319544039 -0.2720582765013461
vn -0.48113998448688994 -0.8333598319544039 -0.2720582765013461
vn -0.48113998448688994 -0.8333598319544039 -0.2720582765013461
vn -0.4811401541412928 -0.8333592200431877 -0.27205985084518186
vn -0.4811401541412928 -0.8333592200431877 -0.27205985084518186
vn -0.4811401541412928 -0.8333592200431877 -0.27205985084518186
vn 0.48114122344902205 -0.8333594442826132 -0.27205727287274
vn 0.48114122344902205 -0.8333594442826132 -0.27205727287274
vn 0.48114122344902205 -0.8333594442826132 -0.27205727287274
vn 0.4811403676007517 -0.8333594072457974 -0.27205889990946236
vn 0.4811403676007517 -0.8333594072457974 -0.27205889990946236
vn 0.4811403676007517 -0.8333594072457974 -0.27205889990946236
vn 0.48114101146877486 -0.8333590808281534 -0.27205876108675414
vn 0.48114101146877486 -0.8333590808281534 -0.27205876108675414
vn 0.48114101146877486 -0.8333590808281534 -0.27205876108675414
vn 0.48113947711442884 -0.8333599498941243 -0.2720588125286821
vn 0.48113947711442884 -0.8333599498941243 -0.2720588125286821
vn 0.48113947711442884 -0.8333599498941243 -0.2720588125286821
vn 0.4811402632991388 -0.8333595522759406 -0.27205864011804404
vn 0.4811402632991388 -0.8333595522759406 -0.27205864011804404
vn 0.4811402632991388 -0.8333595522759406 -0.27205864011804404
vn 0.4811403622212951 -0.8333595767422366 -0.27205839022820316
vn 0.4811403622212951 -0.8333595767422366 -0.27205839022820316
vn 0.4811403622212951 -0.8333595767422366 -0.27205839022820316
vn 0.9622811489144057 0 -0.2720569617634719
vn 0.9622811489144057 0 -0.2720569617634719
vn 0.9622811489144057 0 -0.2720569617634719
vn 0.9622807157109607 -0.0000018425495706825122 -0.272058494018118
vn 0.9622807157109607 -0.0000018425495706825122 -0.272058494018118
vn 0.9622807157109607 -0.0000018425495706825122 -0.272058494018118
vn 0.4811408033479269 0.8333592008955254 -0.27205876136688323
vn 0.4811408033479269 0.8333592008955254 -0.27205876136688323
vn 0.4811408033479269 0.8333592008955254 -0.27205876136688323
vn 0.48113799456610795 0.8333592477462428 -0.27206358517949425
vn 0.48113799456610795 0.8333592477462428 -0.27206358517949425
vn 0.48113799456610795 0.8333592477462428 -0.27206358517949425
vn 0.48114040319271084 0.8333592980644516 -0.27205917140408997
vn 0.48114040319271084 0.8333592980644516 -0.27205917140408997
vn 0.48114040319271084 0.8333592980644516 -0.27205917140408997
vn 0.4811407351205361 0.8333590667512215 -0.27205929293299863
vn 0.4811407351205361 0.8333590667512215 -0.27205929293299863
vn 0.4811407351205361 0.8333590667512215 -0.27205929293299863
vn 0.48113990653796207 0.8333595537771059 -0.2720592664568955
vn 0.48113990653796207 0.8333595537771059 -0.2720592664568955
vn 0.48113990653796207 0.8333595537771059 -0.2720592664568955
vn 0.4811412741422337 0.833359309638296 -0.2720575956593941
vn 0.4811412741422337 0.833359309638296 -0.2720575956593941
vn 0.4811412741422337 0.833359309638296 -0.2720575956593941
vn 0.4811404786442508 0.8333604580003494 -0.2720554848765765
vn 0.4811404786442508 0.8333604580003494 -0.2720554848765765
vn 0.4811404786442508 0.8333604580003494 -0.2720554848765765
vn 0 0 1
vn 0 0 1
vn 0 0 1
vn 0.0000013560332945404565 0 0.9999999999990807
vn 0.0000013560332945404565 0 0.9999999999990807
vn 0.0000013560332945404565 0 0.9999999999990807
vn -0.000002151483840857077 0 0.9999999999976856
vn -0.000002151483840857077 0 0.9999999999976856
vn -0.000002151483840857077 0 0.9999999999976856
vn 0 0 1
vn 0 0 1
vn 0 0 1
vn -0.000001075745444722375 0 0.9999999999994214
vn -0.000001075745444722375 0 0.9999999999994214
vn -0.000001075745444722375 0 0.9999999999994214
vn -0.0000013560388651955048 0 0.9999999999990807
vn -0.0000013560388651955048 0 0.9999999999990807
vn -0.0000013560388651955048 0 0.9999999999990807
vn 0 0 1
vn 0 0 1
vn 0 0 1
vn 0.0000010757477184591294 0 0.9999999999994214
vn 0.0000010757477184591294 0 0.9999999999994214
vn 0.0000010757477184591294 0 0.9999999999994214
vn 0.0000013372273315314357 0 0.999999999999106
vn 0.0000013372273315314357 0 0.999999999999106
vn 0.0000013372273315314357 0 0.999999999999106
vn 0 0 1
vn 0 0 1
vn 0 0 1
vn 0 0 1
vn 0 0 1
vn 0 0 1
vn 0 0 1
vn 0 0 1
vn 0 0 1
vn 0 0 1
vn 0 0 1
vn 0 0 1
vn 0 0 1
vn 0 0 1
vn 0 0 1
vn 0.0000010757477184591294 0 0.9999999999994214
vn 0.0000010757477184591294 0 0.9999999999994214
vn 0.0000010757477184591294 0 0.9999999999994214
vn 0 0 1
vn 0 0 1
vn 0 0 1
vn 0 0 1
vn 0 0 1
vn 0 0 1
vn -5.378773266783488e-7 0 0.9999999999998554
vn -5.378773266783488e-7 0 0.9999999999998554
vn -5.378773266783488e-7 0 0.9999999999998554
vn -0.0000010757419204304056 0 0.9999999999994214
vn -0.0000010757419204304056 0 0.9999999999994214
vn -0.0000010757419204304056 0 0.9999999999994214
vn 0.000001356042503174312 0 0.9999999999990807
vn 0.000001356042503174312 0 0.9999999999990807
vn 0.000001356042503174312 0 0.9999999999990807
vn 8.914832960723384e-7 0 0.9999999999996028
vn 8.914832960723384e-7 0 0.9999999999996028
vn 8.914832960723384e-7 0 0.9999999999996028
vn 0 0 1
vn 0 0 1
vn 0 0 1
vn 0 0 1
vn 0 0 1
vn 0 0 1
vn -0.0000010757488553275066 0 0.9999999999994214
vn -0.0000010757488553275066 0 0.9999999999994214
vn -0.0000010757488553275066 0 0.9999999999994214
vn -1 0 0
vn -1 0 0
vn -1 0 0
vn -1 0 0
vn -1 0 0
vn -1 0 0
vn 0 1 0
vn 0 1 0
vn 0 1 0
vn 0 1 0
vn 0 1 0
vn 0 1 0
vn -1 0 0
vn -1 0 0
vn -1 0 0
vn -1 0 0
vn -1 0 0
vn -1 0 0
vn 0.8660243722899041 -0.5000017865966855 0
vn 0.8660243722899041 -0.5000017865966855 0
vn 0.8660243722899041 -0.5000017865966855 0
vn 0.8660272555453191 -0.4999967926423552 0
vn 0.8660272555453191 -0.4999967926423552 0
vn 0.8660272555453191 -0.4999967926423552 0
vn -0.49999991386579007 0.8660254535140421 0
vn -0.49999991386579007 0.8660254535140421 0
vn -0.49999991386579007 0.8660254535140421 0
vn -0.5000004228931902 0.8660251596268038 0
vn -0.5000004228931902 0.8660251596268038 0
vn -0.5000004228931902 0.8660251596268038 0
vn 0 1 0
vn 0 1 0
vn 0 1 0
vn 0 1 0
vn 0 1 0
vn 0 1 0
vn -0.5000016713802966 -0.866024438810424 0
vn -0.5000016713802966 -0.866024438810424 0
vn -0.5000016713802966 -0.866024438810424 0
vn -0.49999827156590604 -0.8660264016940283 0
vn -0.49999827156590604 -0.8660264016940283 0
vn -0.49999827156590604 -0.8660264016940283 0
vn 0.5000008390556762 -0.866024919354876 0
vn 0.5000008390556762 -0.866024919354876 0
vn 0.5000008390556762 -0.866024919354876 0
vn 0.49999857251233704 -0.8660262279432565 0
vn 0.49999857251233704 -0.8660262279432565 0
vn 0.49999857251233704 -0.8660262279432565 0
vn 0.8660279376405721 -0.499995611206756 0
vn 0.8660279376405721 -0.499995611206756 0
vn 0.8660279376405721 -0.499995611206756 0
vn 0.866024612562283 -0.5000013704344695 0
vn 0.866024612562283 -0.5000013704344695 0
vn 0.866024612562283 -0.5000013704344695 0
vn 0.49999991386579007 0.8660254535140421 0
vn 0.49999991386579007 0.8660254535140421 0
vn 0.49999991386579007 0.8660254535140421 0
vn 0.49999949770304647 0.8660256937855256 0
vn 0.49999949770304647 0.8660256937855256 0
vn 0.49999949770304647 0.8660256937855256 0
vn 0.5000010694885855 0.8660247863140353 0
vn 0.5000010694885855 0.8660247863140353 0
vn 0.5000010694885855 0.8660247863140353 0
vn 0.5000007685426446 0.866024960065681 0
vn 0.5000007685426446 0.866024960065681 0
vn 0.5000007685426446 0.866024960065681 0
vn -0.5000007238392056 -0.8660249858752751 0
vn -0.5000007238392056 -0.8660249858752751 0
vn -0.5000007238392056 -0.8660249858752751 0
vn -0.500001255218045 -0.8660246790827495 0
vn -0.500001255218045 -0.8660246790827495 0
vn -0.500001255218045 -0.8660246790827495 0
vn 0.4774452840176608 -0.8727611475638931 0.10165618560742648
vn 0.4774452840176608 -0.8727611475638931 0.10165618560742648
vn 0.4774452840176608 -0.8727611475638931 0.10165618560742648
vn 0.4795808638808823 -0.8714490254302912 0.10285325019590918
vn 0.4795808638808823 -0.8714490254302912 0.10285325019590918
vn 0.4795808638808823 -0.8714490254302912 0.10285325019590918
vn 0.5170320154003586 -0.8497472210772905 0.10299298676349629
vn 0.5170320154003586 -0.8497472210772905 0.10299298676349629
vn 0.5170320154003586 -0.8497472210772905 0.10299298676349629
vn 0.5149756702650565 -0.851154988440479 0.10166240547982182
vn 0.5149756702650565 -0.851154988440479 0.10166240547982182
vn 0.5149756702650565 -0.851154988440479 0.10166240547982182
vn -0.5171092122777592 -0.8498611997236445 0.1016563022235373
vn -0.5171092122777592 -0.8498611997236445 0.1016563022235373
vn -0.5171092122777592 -0.8498611997236445 0.1016563022235373
vn -0.5149077605449076 -0.8510530313922834 0.10285298191415479
vn -0.5149077605449076 -0.8510530313922834 0.10285298191415479
vn -0.5149077605449076 -0.8510530313922834 0.10285298191415479
vn -0.47738693763622797 -0.8726362929623311 0.10299326181486224
vn -0.47738693763622797 -0.8726362929623311 0.10299326181486224
vn -0.47738693763622797 -0.8726362929623311 0.10299326181486224
vn -0.4796353566344477 -0.8715588428221017 0.10166173402389565
vn -0.4796353566344477 -0.8715588428221017 0.10166173402389565
vn -0.4796353566344477 -0.8715588428221017 0.10166173402389565
vn -0.9945559683968057 0.02289981995779239 0.10165640153080885
vn -0.9945559683968057 0.02289981995779239 0.10165640153080885
vn -0.9945559683968057 0.02289981995779239 0.10165640153080885
vn -0.9944874385553809 0.020398709392336494 0.10285245359584085
vn -0.9944874385553809 0.020398709392336494 0.10285245359584085
vn -0.9944874385553809 0.020398709392336494 0.10285245359584085
vn -0.9944186609157777 -0.022892199001984876 0.10299259219635806
vn -0.9944186609157777 -0.022892199001984876 0.10299259219635806
vn -0.9944186609157777 -0.022892199001984876 0.10299259219635806
vn -0.9946097247035809 -0.020404562582815255 0.10166193658823838
vn -0.9946097247035809 -0.020404562582815255 0.10166193658823838
vn -0.9946097247035809 -0.020404562582815255 0.10166193658823838
vn -0.5149072317088572 0.851053401591117 0.10285256620089828
vn -0.5149072317088572 0.851053401591117 0.10285256620089828
vn -0.5149072317088572 0.851053401591117 0.10285256620089828
vn -0.5171075408366443 0.8498622684803188 0.10165586959622494
vn -0.5171075408366443 0.8498622684803188 0.10165586959622494
vn -0.5171075408366443 0.8498622684803188 0.10165586959622494
vn -0.5164431872611909 0.8502060081143344 0.10215761399812909
vn -0.5164431872611909 0.8502060081143344 0.10215761399812909
vn -0.5164431872611909 0.8502060081143344 0.10215761399812909
vn 0.09315033996092315 -0.161340594188226 0.9824928635018957
vn 0.09315033996092315 -0.161340594188226 0.9824928635018957
vn 0.09315033996092315 -0.161340594188226 0.9824928635018957
vn 0.12874104426272912 -0.20214805546637604 0.9708562752505155
vn 0.12874104426272912 -0.20214805546637604 0.9708562752505155
vn 0.12874104426272912 -0.20214805546637604 0.9708562752505155
vn 0.09314847154800752 -0.16133757216721756 -0.9824935369026392
vn 0.09314847154800752 -0.16133757216721756 -0.9824935369026392
vn 0.09314847154800752 -0.16133757216721756 -0.9824935369026392
vn 0.11197549621946233 -0.21253835722550796 -0.9707156818318573
vn 0.11197549621946233 -0.21253835722550796 -0.9707156818318573
vn 0.11197549621946233 -0.21253835722550796 -0.9707156818318573
vn -0.12255628170579741 -0.21227372773279057 -0.9694946221247822
vn -0.12255628170579741 -0.21227372773279057 -0.9694946221247822
vn -0.12255628170579741 -0.21227372773279057 -0.9694946221247822
vn -0.0860267588776251 -0.1654431837648725 -0.9824601517124009
vn -0.0860267588776251 -0.1654431837648725 -0.9824601517124009
vn -0.0860267588776251 -0.1654431837648725 -0.9824601517124009
vn -0.12255536319822762 0.212271069716367 0.9694953202119234
vn -0.12255536319822762 0.212271069716367 0.9694953202119234
vn -0.12255536319822762 0.212271069716367 0.9694953202119234
vn -0.08515284463996503 0.16594326990240643 0.9824519449946746
vn -0.08515284463996503 0.16594326990240643 0.9824519449946746
vn -0.08515284463996503 0.16594326990240643 0.9824519449946746
vn 0.24511091070182067 0 0.9694950445747127
vn 0.24511091070182067 0 0.9694950445747127
vn 0.24511091070182067 0 0.9694950445747127
vn 0.18628666186045661 -0.009226159381408826 0.9824521146579902
vn 0.18628666186045661 -0.009226159381408826 0.9824521146579902
vn 0.18628666186045661 -0.009226159381408826 0.9824521146579902
vn -0.0931484701240369 0.1613373014799308 0.9824935814878006
vn -0.0931484701240369 0.1613373014799308 0.9824935814878006
vn -0.0931484701240369 0.1613373014799308 0.9824935814878006
vn -0.128742083731191 0.2021492418864513 0.970855890377807
vn -0.128742083731191 0.2021492418864513 0.970855890377807
vn -0.128742083731191 0.2021492418864513 0.970855890377807
vn 0 -0.9999999999999363 -3.573137803414056e-7
vn 0 -0.9999999999999363 -3.573137803414056e-7
vn 0 -0.9999999999999363 -3.573137803414056e-7
vn 0 -0.9999999999483202 0.0000101665964388506
vn 0 -0.9999999999483202 0.0000101665964388506
vn 0 -0.9999999999483202 0.0000101665964388506
vn 0 -0.9999999999998825 -4.846539241042932e-7
vn 0 -0.9999999999998825 -4.846539241042932e-7
vn 0 -0.9999999999998825 -4.846539241042932e-7
vn 0 -0.9999999999997953 -6.400966867657697e-7
vn 0 -0.9999999999997953 -6.400966867657697e-7
vn 0 -0.9999999999997953 -6.400966867657697e-7
vn 0 0.9999999999882387 0.000004850017830847065
vn 0 0.9999999999882387 0.000004850017830847065
vn 0 0.9999999999882387 0.000004850017830847065
vn 0 1 0
vn 0 1 0
vn 0 1 0
vn 0 1 0
vn 0 1 0
vn 0 1 0
vn 0 1 0
vn 0 1 0
vn 0 1 0
vn 0 1 0
vn 0 1 0
vn 0 1 0
vn 0 1 0
vn 0 1 0
vn 0 1 0
vn -8.775384117140025e-7 -0.999999999999615 0
vn -8.775384117140025e-7 -0.999999999999615 0
vn -8.775384117140025e-7 -0.999999999999615 0
vn 0 -1 0
vn 0 -1 0
vn 0 -1 0
vn 4.802803346128626e-7 0.9999999999980884 0.0000018953671769813957
vn 4.802803346128626e-7 0.9999999999980884 0.0000018953671769813957
vn 4.802803346128626e-7 0.9999999999980884 0.0000018953671769813957
vn 0.000001678946546232872 0.9999999999985907 0
vn 0.000001678946546232872 0.9999999999985907 0
vn 0.000001678946546232872 0.9999999999985907 0
vn 0 1 0
vn 0 1 0
vn 0 1 0
vn 0 0.9999999999998845 -4.806842071047313e-7
vn 0 0.9999999999998845 -4.806842071047313e-7
vn 0 0.9999999999998845 -4.806842071047313e-7
vn 0 1 0
vn 0 1 0
vn 0 1 0
vn 0 1 0
vn 0 1 0
vn 0 1 0
vn 0.9999999999997253 -7.413387379526977e-7 0
vn 0.9999999999997253 -7.413387379526977e-7 0
vn 0.9999999999997253 -7.413387379526977e-7 0
vn 1 0 0
vn 1 0 0
vn 1 0 0
vn -2.020743750108481e-7 0.9999999999999796 0
vn -2.020743750108481e-7 0.9999999999999796 0
vn -2.020743750108481e-7 0.9999999999999796 0
vn 0.0000012177351891286955 0.9999999999992586 0
vn 0.0000012177351891286955 0.9999999999992586 0
vn 0.0000012177351891286955 0.9999999999992586 0
vn 0 1 0
vn 0 1 0
vn 0 1 0
vn 0 1 0
vn 0 1 0
vn 0 1 0
vn 0 -1 0
vn 0 -1 0
vn 0 -1 0
vn 0 -1 0
vn 0 -1 0
vn 0 -1 0
vn 8.609761721260306e-7 -0.9999999999901141 0.000004362392701252777
vn 8.609761721260306e-7 -0.9999999999901141 0.000004362392701252777
vn 8.609761721260306e-7 -0.9999999999901141 0.000004362392701252777
vn 0 -0.9999999999974096 0.000002276183067800518
vn 0 -0.9999999999974096 0.000002276183067800518
vn 0 -0.9999999999974096 0.000002276183067800518
vn -0.32081734221833524 0 -0.9471410839637163
vn -0.32081734221833524 0 -0.9471410839637163
vn -0.32081734221833524 0 -0.9471410839637163
vn -0.32081734221833524 0 -0.9471410839637163
vn -0.32081734221833524 0 -0.9471410839637163
vn -0.32081734221833524 0 -0.9471410839637163
vn 0.3208164228774653 0 -0.9471413953640223
vn 0.3208164228774653 0 -0.9471413953640223
vn 0.3208164228774653 0 -0.9471413953640223
vn 0.3208168066548316 0 -0.9471412653705867
vn 0.3208168066548316 0 -0.9471412653705867
vn 0.3208168066548316 0 -0.9471412653705867
vn -0.5608613389390467 0 0.827909752620115
vn -0.5608613389390467 0 0.827909752620115
vn -0.5608613389390467 0 0.827909752620115
vn -0.560861229551885 2.3834952841203078e-7 0.8279098267235937
vn -0.560861229551885 2.3834952841203078e-7 0.8279098267235937
vn -0.560861229551885 2.3834952841203078e-7 0.8279098267235937
vn 0.5608605587299511 -2.4951841502160886e-7 0.8279102811664226
vn 0.5608605587299511 -2.4951841502160886e-7 0.8279102811664226
vn 0.5608605587299511 -2.4951841502160886e-7 0.8279102811664226
vn 0.5608610516326734 0 0.8279099472536199
vn 0.5608610516326734 0 0.8279099472536199
vn 0.5608610516326734 0 0.8279099472536199
vn -0.5608604493427404 0 0.827910355269856
vn -0.5608604493427404 0 0.827910355269856
vn -0.5608604493427404 0 0.827910355269856
vn 0.31799935730475704 0.42399915300711666 -0.8479983060142333
vn 0.31799935730475704 0.42399915300711666 -0.8479983060142333
vn 0.31799935730475704 0.42399915300711666 -0.8479983060142333
vn -0.5608654178958049 0 0.8279069893463664
vn -0.5608654178958049 0 0.8279069893463664
vn -0.5608654178958049 0 0.8279069893463664
vn -0.5608601620361388 0 0.8279105499030653
vn -0.5608601620361388 0 0.8279105499030653
vn -0.5608601620361388 0 0.8279105499030653
vn -0.5608623655987275 0 0.8279090571161782
vn -0.5608623655987275 0 0.8279090571161782
vn -0.5608623655987275 0 0.8279090571161782
vn -0.5608616947773838 0 0.8279095115599535
vn -0.5608616947773838 0 0.8279095115599535
vn -0.5608616947773838 0 0.8279095115599535
vn -0.5608590259872741 0 0.8279113195074737
vn -0.5608590259872741 0 0.8279113195074737
vn -0.5608590259872741 0 0.8279113195074737
vn -0.560860586406922 0 0.8279102624169382
vn -0.560860586406922 0 0.8279102624169382
vn -0.560860586406922 0 0.8279102624169382
vn 0 -1 0
vn 0 -1 0
vn 0 -1 0
vn 0 -0.9999999999995945 9.006315053735293e-7
vn 0 -0.9999999999995945 9.006315053735293e-7
vn 0 -0.9999999999995945 9.006315053735293e-7
vn 0 0.9999999999888602 0.0000047201206143128605
vn 0 0.9999999999888602 0.0000047201206143128605
vn 0 0.9999999999888602 0.0000047201206143128605
vn 0 0.9999999999932965 -0.0000036615551834738764
vn 0 0.9999999999932965 -0.0000036615551834738764
vn 0 0.9999999999932965 -0.0000036615551834738764
vn -0.5732520970931912 0.000001168436287220375 0.8193790534159959
vn -0.5732520970931912 0.000001168436287220375 0.8193790534159959
vn -0.5732520970931912 0.000001168436287220375 0.8193790534159959
vn -0.5732513248934776 0 0.8193795936608821
vn -0.5732513248934776 0 0.8193795936608821
vn -0.5732513248934776 0 0.8193795936608821
vn 0.5417625336378094 0 0.8405315919977913
vn 0.5417625336378094 0 0.8405315919977913
vn 0.5417625336378094 0 0.8405315919977913
vn 0.5417639514150545 0 0.8405306781713244
vn 0.5417639514150545 0 0.8405306781713244
vn 0.5417639514150545 0 0.8405306781713244
vn -0.5425612792040093 0 0.840016225026939
vn -0.5425612792040093 0 0.840016225026939
vn -0.5425612792040093 0 0.840016225026939
vn -0.542563015047191 0 0.8400151038540328
vn -0.542563015047191 0 0.8400151038540328
vn -0.542563015047191 0 0.8400151038540328
vn -0.5732496444626476 0 0.8193807693151263
vn -0.5732496444626476 0 0.8193807693151263
vn -0.5732496444626476 0 0.8193807693151263
vn -0.5732486281994795 0 0.8193814803053672
vn -0.5732486281994795 0 0.8193814803053672
vn -0.5732486281994795 0 0.8193814803053672
vn 0.5417627563630858 0 0.84053144844073
vn 0.5417627563630858 0 0.84053144844073
vn 0.5417627563630858 0 0.84053144844073
vn 0.5417648544888575 0 0.8405300960945223
vn 0.5417648544888575 0 0.8405300960945223
vn 0.5417648544888575 0 0.8405300960945223
vn -0.5425622930205692 0 0.8400155702082324
vn -0.5425622930205692 0 0.8400155702082324
vn -0.5425622930205692 0 0.8400155702082324
vn -0.5425589597784194 0 0.8400177231250301
vn -0.5425589597784194 0 0.8400177231250301
vn -0.5425589597784194 0 0.8400177231250301
vn 0 0.9999999999972151 -0.000002360038024555955
vn 0 0.9999999999972151 -0.000002360038024555955
vn 0 0.9999999999972151 -0.000002360038024555955
vn 0 0.9999999999731868 0.000007323003046425681
vn 0 0.9999999999731868 0.000007323003046425681
vn 0 0.9999999999731868 0.000007323003046425681
vn 0 -0.9999999999953597 -0.00000304640275315656
vn 0 -0.9999999999953597 -0.00000304640275315656
vn 0 -0.9999999999953597 -0.00000304640275315656
vn 0 -1 0
vn 0 -1 0
vn 0 -1 0
vn 0 -1 0
vn 0 -1 0
vn 0 -1 0
vn 0 -0.9999999999766853 0.000006828579898706222
vn 0 -0.9999999999766853 0.000006828579898706222
vn 0 -0.9999999999766853 0.000006828579898706222
vn 0 1 0
vn 0 1 0
vn 0 1 0
vn 0 0.9999999999995586 -9.396959512737739e-7
vn 0 0.9999999999995586 -9.396959512737739e-7
vn 0 0.9999999999995586 -9.396959512737739e-7
vn 0.0000012748097333304588 0.9999999999991875 0
vn 0.0000012748097333304588 0.9999999999991875 0
vn 0.0000012748097333304588 0.9999999999991875 0
vn 8.085831950434915e-7 0.9999999999714169 0.000007517497124139249
vn 8.085831950434915e-7 0.9999999999714169 0.000007517497124139249
vn 8.085831950434915e-7 0.9999999999714169 0.000007517497124139249
vn -0.0000012177357575628841 -0.9999999999992586 0
vn -0.0000012177357575628841 -0.9999999999992586 0
vn -0.0000012177357575628841 -0.9999999999992586 0
vn -7.749849260027116e-7 -0.9999999999895604 -0.000004503206582692937
vn -7.749849260027116e-7 -0.9999999999895604 -0.000004503206582692937
vn -7.749849260027116e-7 -0.9999999999895604 -0.000004503206582692937
vn -4.368980910364599e-7 -0.9999999999952642 0.0000030464213977976553
vn -4.368980910364599e-7 -0.9999999999952642 0.0000030464213977976553
vn -4.368980910364599e-7 -0.9999999999952642 0.0000030464213977976553
vn -5.80829066620838e-7 -0.9999999999998315 0
vn -5.80829066620838e-7 -0.9999999999998315 0
vn -5.80829066620838e-7 -0.9999999999998315 0
vn 8.346796675655278e-7 0.9999999999526052 0.000009700149348186201
vn 8.346796675655278e-7 0.9999999999526052 0.000009700149348186201
vn 8.346796675655278e-7 0.9999999999526052 0.000009700149348186201
vn 0.0000011140842843808421 0.9999999999993794 0
vn 0.0000011140842843808421 0.9999999999993794 0
vn 0.0000011140842843808421 0.9999999999993794 0
vn -0.953209100443828 0 0.3023117775262291
vn -0.953209100443828 0 0.3023117775262291
vn -0.953209100443828 0 0.3023117775262291
vn -0.9532074364092217 -2.40463067151326e-7 0.30231702428758755
vn -0.9532074364092217 -2.40463067151326e-7 0.30231702428758755
vn -0.9532074364092217 -2.40463067151326e-7 0.30231702428758755
vn -0.9532088553651898 0 0.3023125502743554
vn -0.9532088553651898 0 0.3023125502743554
vn -0.9532088553651898 0 0.3023125502743554
vn -0.9532082114540681 0 0.30231458055564653
vn -0.9532082114540681 0 0.30231458055564653
vn -0.9532082114540681 0 0.30231458055564653
vn -0.9531937608660291 0 0.30236013997561767
vn -0.9531937608660291 0 0.30236013997561767
vn -0.9531937608660291 0 0.30236013997561767
vn -0.9531938834246615 0 0.30235975360787176
vn -0.9531938834246615 0 0.30235975360787176
vn -0.9531938834246615 0 0.30235975360787176
vn -0.9532104397767796 0.0000010279781292502192 0.30230755448632374
vn -0.9532104397767796 0.0000010279781292502192 0.30230755448632374
vn -0.9532104397767796 0.0000010279781292502192 0.30230755448632374
vn -0.9532081146780133 0 0.30231488569368803
vn -0.9532081146780133 0 0.30231488569368803
vn -0.9532081146780133 0 0.30231488569368803
vn -0.9531979870064727 -0.000010871873783154047 0.30234681650153145
vn -0.9531979870064727 -0.000010871873783154047 0.30234681650153145
vn -0.9531979870064727 -0.000010871873783154047 0.30234681650153145
vn -0.9531980042406464 0 0.3023467623634301
vn -0.9531980042406464 0 0.3023467623634301
vn -0.9531980042406464 0 0.3023467623634301
vn -0.9531981267797894 0.000005435939737334495 0.3023463759894455
vn -0.9531981267797894 0.000005435939737334495 0.3023463759894455
vn -0.9531981267797894 0.000005435939737334495 0.3023463759894455
vn -0.953197955846889 9.9565693265167e-7 0.3023469149310456
vn -0.953197955846889 9.9565693265167e-7 0.3023469149310456
vn -0.953197955846889 9.9565693265167e-7 0.3023469149310456
vn -0.9531897140341483 0 0.3023728973626749
vn -0.9531897140341483 0 0.3023728973626749
vn -0.9531897140341483 0 0.3023728973626749
vn -0.9531977849005427 0 0.3023474538683905
vn -0.9531977849005427 0 0.3023474538683905
vn -0.9531977849005427 0 0.3023474538683905
vn -0.953190825692149 0 0.30236939298864063
vn -0.953190825692149 0 0.30236939298864063
vn -0.953190825692149 0 0.30236939298864063
vn -0.9531978504717825 0 0.3023472471446914
vn -0.9531978504717825 0 0.3023472471446914
vn -0.9531978504717825 0 0.3023472471446914
vn 0 0.9532379121058256 0.30222091741659135
vn 0 0.9532379121058256 0.30222091741659135
vn 0 0.9532379121058256 0.30222091741659135
vn 1.3597243579571995e-8 0.9531393821244485 0.30253151611596496
vn 1.3597243579571995e-8 0.9531393821244485 0.30253151611596496
vn 1.3597243579571995e-8 0.9531393821244485 0.30253151611596496
vn 1.7617306931076195e-7 0.9531962002798146 0.3023524495883778
vn 1.7617306931076195e-7 0.9531962002798146 0.3023524495883778
vn 1.7617306931076195e-7 0.9531962002798146 0.3023524495883778
vn 7.239827937331831e-8 0.9531987309688036 0.3023444712235658
vn 7.239827937331831e-8 0.9531987309688036 0.3023444712235658
vn 7.239827937331831e-8 0.9531987309688036 0.3023444712235658
vn 0.0000011659385470815 0.953199677027073 0.3023414885756243
vn 0.0000011659385470815 0.953199677027073 0.3023414885756243
vn 0.0000011659385470815 0.953199677027073 0.3023414885756243
vn 1.9056676084114682e-8 0.9531975312041014 0.30234825368506035
vn 1.9056676084114682e-8 0.9531975312041014 0.30234825368506035
vn 1.9056676084114682e-8 0.9531975312041014 0.30234825368506035
vn -0.0000014952611466790273 0.9531990986241776 0.30234331211359694
vn -0.0000014952611466790273 0.9531990986241776 0.30234331211359694
vn -0.0000014952611466790273 0.9531990986241776 0.30234331211359694
vn -1.1523219237709526e-7 0.9531979160429721 0.30234704042097355
vn -1.1523219237709526e-7 0.9531979160429721 0.30234704042097355
vn -1.1523219237709526e-7 0.9531979160429721 0.30234704042097355
vn 0 0.9531974999884949 0.302348352096854
vn 0 0.9531974999884949 0.302348352096854
vn 0 0.9531974999884949 0.302348352096854
vn -1.7150765203829694e-7 0.9531983804887336 0.30234557617670876
vn -1.7150765203829694e-7 0.9531983804887336 0.30234557617670876
vn -1.7150765203829694e-7 0.9531983804887336 0.30234557617670876
vn 0 0 -1
vn 0 0 -1
vn 0 0 -1
vn -8.761563918824289e-8 0 -0.9999999999999962
vn -8.761563918824289e-8 0 -0.9999999999999962
vn -8.761563918824289e-8 0 -0.9999999999999962
vn 0 0 -1
vn 0 0 -1
vn 0 0 -1
vn 0 0 -1
vn 0 0 -1
vn 0 0 -1
vn 1.0689546314779304e-7 0 -0.9999999999999944
vn 1.0689546314779304e-7 0 -0.9999999999999944
vn 1.0689546314779304e-7 0 -0.9999999999999944
vn 1.8052167760629345e-8 0 -1
vn 1.8052167760629345e-8 0 -1
vn 1.8052167760629345e-8 0 -1
vn 3.570326896351389e-7 0 -0.9999999999999363
vn 3.570326896351389e-7 0 -0.9999999999999363
vn 3.570326896351389e-7 0 -0.9999999999999363
vn -4.6438017875511377e-7 0 -0.9999999999998923
vn -4.6438017875511377e-7 0 -0.9999999999998923
vn -4.6438017875511377e-7 0 -0.9999999999998923
vn 0 0 -1
vn 0 0 -1
vn 0 0 -1
vn -0.0000017017569007269147 0 -0.999999999998552
vn -0.0000017017569007269147 0 -0.999999999998552
vn -0.0000017017569007269147 0 -0.999999999998552
vn 6.359621806945277e-7 -0.0000011266960200364003 -0.9999999999991631
vn 6.359621806945277e-7 -0.0000011266960200364003 -0.9999999999991631
vn 6.359621806945277e-7 -0.0000011266960200364003 -0.9999999999991631
vn 0 8.160923670175152e-8 -0.9999999999999967
vn 0 8.160923670175152e-8 -0.9999999999999967
vn 0 8.160923670175152e-8 -0.9999999999999967
vn -4.6515640406136663e-7 5.1220510499655427e-8 -0.9999999999998905
vn -4.6515640406136663e-7 5.1220510499655427e-8 -0.9999999999998905
vn -4.6515640406136663e-7 5.1220510499655427e-8 -0.9999999999998905
vn 6.035040911456217e-8 5.122051760508823e-8 -0.9999999999999969
vn 6.035040911456217e-8 5.122051760508823e-8 -0.9999999999999969
vn 6.035040911456217e-8 5.122051760508823e-8 -0.9999999999999969
vn 0 -0.9999999999958737 -0.0000028727199605663983
vn 0 -0.9999999999958737 -0.0000028727199605663983
vn 0 -0.9999999999958737 -0.0000028727199605663983
vn 0 -1 0
vn 0 -1 0
vn 0 -1 0
vn 0.0015636966949445195 -0.9999974616650952 -0.0016221948135287944
vn 0.0015636966949445195 -0.9999974616650952 -0.0016221948135287944
vn 0.0015636966949445195 -0.9999974616650952 -0.0016221948135287944
vn -3.3118854503256085e-7 -0.9999999999986711 -0.0000015963850046297625
vn -3.3118854503256085e-7 -0.9999999999986711 -0.0000015963850046297625
vn -3.3118854503256085e-7 -0.9999999999986711 -0.0000015963850046297625
vn -1 0 0
vn -1 0 0
vn -1 0 0
vn -1 0 0
vn -1 0 0
vn -1 0 0
vn -0.0029663951461999564 -0.9999956002402013 2.764348922378329e-7
vn -0.0029663951461999564 -0.9999956002402013 2.764348922378329e-7
vn -0.0029663951461999564 -0.9999956002402013 2.764348922378329e-7
vn 0.001106255108101879 -0.9999940417097463 -0.003269976244898499
vn 0.001106255108101879 -0.9999940417097463 -0.003269976244898499
vn 0.001106255108101879 -0.9999940417097463 -0.003269976244898499
vn 0.9622812547533709 0 -0.2720565874046764
vn 0.9622812547533709 0 -0.2720565874046764
vn 0.9622812547533709 0 -0.2720565874046764
vn 0.9622812079407718 0 -0.27205675298372817
vn 0.9622812079407718 0 -0.27205675298372817
vn 0.9622812079407718 0 -0.27205675298372817
vn 0 -5.215235177047355e-8 -0.9999999999999987
vn 0 -5.215235177047355e-8 -0.9999999999999987
vn 0 -5.215235177047355e-8 -0.9999999999999987
vn -4.1781650139682785e-8 0 -0.9999999999999991
vn -4.1781650139682785e-8 0 -0.9999999999999991
vn -4.1781650139682785e-8 0 -0.9999999999999991
vn 0 0 -1
vn 0 0 -1
vn 0 0 -1
vn -4.7944670455990285e-8 7.884376884703637e-8 -0.9999999999999958
vn -4.7944670455990285e-8 7.884376884703637e-8 -0.9999999999999958
vn -4.7944670455990285e-8 7.884376884703637e-8 -0.9999999999999958
vn 3.437527027472039e-7 0 -0.9999999999999409
vn 3.437527027472039e-7 0 -0.9999999999999409
vn 3.437527027472039e-7 0 -0.9999999999999409
vn 1.5270272513134664e-7 0 -0.9999999999999885
vn 1.5270272513134664e-7 0 -0.9999999999999885
vn 1.5270272513134664e-7 0 -0.9999999999999885
vn -2.8563874820974094e-8 2.3394072456994115e-7 -0.9999999999999722
vn -2.8563874820974094e-8 2.3394072456994115e-7 -0.9999999999999722
vn -2.8563874820974094e-8 2.3394072456994115e-7 -0.9999999999999722
vn 4.134062692173165e-7 3.399179320239877e-7 -0.9999999999998568
vn 4.134062692173165e-7 3.399179320239877e-7 -0.9999999999998568
vn 4.134062692173165e-7 3.399179320239877e-7 -0.9999999999998568
vn 0 0.1841689357284401 0.9828946042748702
vn 0 0.1841689357284401 0.9828946042748702
vn 0 0.1841689357284401 0.9828946042748702
vn 0 0.18416993261162498 0.9828944174843144
vn 0 0.18416993261162498 0.9828944174843144
vn 0 0.18416993261162498 0.9828944174843144
vn 1.0427101531939709e-7 0.18416934959870868 0.9828945267262291
vn 1.0427101531939709e-7 0.18416934959870868 0.9828945267262291
vn 1.0427101531939709e-7 0.18416934959870868 0.9828945267262291
vn -8.306349536286044e-7 0.18417386255939233 0.9828936811015034
vn -8.306349536286044e-7 0.18417386255939233 0.9828936811015034
vn -8.306349536286044e-7 0.18417386255939233 0.9828936811015034
vn 0 0.1841698462372119 0.9828944336687241
vn 0 0.1841698462372119 0.9828944336687241
vn 0 0.1841698462372119 0.9828944336687241
vn 3.1517411312351485e-7 0.18416978865425832 0.9828944444582778
vn 3.1517411312351485e-7 0.18416978865425832 0.9828944444582778
vn 3.1517411312351485e-7 0.18416978865425832 0.9828944444582778
vn 3.196305385049646e-7 0.18416873779424922 0.9828946413625271
vn 3.196305385049646e-7 0.18416873779424922 0.9828946413625271
vn 3.196305385049646e-7 0.18416873779424922 0.9828946413625271
vn 0.9944353264738742 -0.022890640793536025 0.1028319017856844
vn 0.9944353264738742 -0.022890640793536025 0.1028319017856844
vn 0.9944353264738742 -0.022890640793536025 0.1028319017856844
vn 0.9944874782406513 -0.020398820102417434 0.10285204791825525
vn 0.9944874782406513 -0.020398820102417434 0.10285204791825525
vn 0.9944874782406513 -0.020398820102417434 0.10285204791825525
vn -0.0932507580136287 0.1615152044837411 -0.9824546477321277
vn -0.0932507580136287 0.1615152044837411 -0.9824546477321277
vn -0.0932507580136287 0.1615152044837411 -0.9824546477321277
vn -0.1280761835233633 0.20324212742373815 -0.9707157817066554
vn -0.1280761835233633 0.20324212742373815 -0.9707157817066554
vn -0.1280761835233633 0.20324212742373815 -0.9707157817066554
vn -0.4774491550665452 0.8727589362454451 0.10165698957750638
vn -0.4774491550665452 0.8727589362454451 0.10165698957750638
vn -0.4774491550665452 0.8727589362454451 0.10165698957750638
vn -0.2040753176169165 0 0.978955190363458
vn -0.2040753176169165 0 0.978955190363458
vn -0.2040753176169165 0 0.978955190363458
vn -0.2394399393993334 0.010420528454066286 0.9708552559507423
vn -0.2394399393993334 0.010420528454066286 0.9708552559507423
vn -0.2394399393993334 0.010420528454066286 0.9708552559507423
vn 0.9948168986423823 0 0.1016825362368191
vn 0.9948168986423823 0 0.1016825362368191
vn 0.9948168986423823 0 0.1016825362368191
vn 0.9948168956277129 0 0.10168256573100504
vn 0.9948168956277129 0 0.10168256573100504
vn 0.9948168956277129 0 0.10168256573100504
vn 0.9948168482806801 -0.0000025636182038641455 0.10168302891988532
vn 0.9948168482806801 -0.0000025636182038641455 0.10168302891988532
vn 0.9948168482806801 -0.0000025636182038641455 0.10168302891988532
vn 0.4974086978195149 0.8615365793322126 0.10168239673633206
vn 0.4974086978195149 0.8615365793322126 0.10168239673633206
vn 0.4974086978195149 0.8615365793322126 0.10168239673633206
vn 0.49740800165128346 0.8615369780061283 0.10168242434828585
vn 0.49740800165128346 0.8615369780061283 0.10168242434828585
vn 0.49740800165128346 0.8615369780061283 0.10168242434828585
vn 0.49740799303201066 0.8615367246585173 0.10168461305694788
vn 0.49740799303201066 0.8615367246585173 0.10168461305694788
vn 0.49740799303201066 0.8615367246585173 0.10168461305694788
vn 0.962280102036473 0 -0.2720606646038252
vn 0.962280102036473 0 -0.2720606646038252
vn 0.962280102036473 0 -0.2720606646038252
vn 0.9622804127643002 -0.000004979652307578967 -0.2720595655097814
vn 0.9622804127643002 -0.000004979652307578967 -0.2720595655097814
vn 0.9622804127643002 -0.000004979652307578967 -0.2720595655097814
vn 0.9622810776742361 0 -0.2720572137439305
vn 0.9622810776742361 0 -0.2720572137439305
vn 0.9622810776742361 0 -0.2720572137439305
vn 0.9622802947209916 0.0000016027129631547392 -0.27205998307195534
vn 0.9622802947209916 0.0000016027129631547392 -0.27205998307195534
vn 0.9622802947209916 0.0000016027129631547392 -0.27205998307195534
vn 0.9622808537783015 -0.0000027331388545941596 -0.27205800566098604
vn 0.9622808537783015 -0.0000027331388545941596 -0.27205800566098604
vn 0.9622808537783015 -0.0000027331388545941596 -0.27205800566098604
vn 0.9622814518478611 0 -0.2720558902681073
vn 0.9622814518478611 0 -0.2720558902681073
vn 0.9622814518478611 0 -0.2720558902681073
vn 0.9622809874392823 0 -0.2720575329096401
vn 0.9622809874392823 0 -0.2720575329096401
vn 0.9622809874392823 0 -0.2720575329096401
vn -7.016739687058455e-7 0 0.999999999999754
vn -7.016739687058455e-7 0 0.999999999999754
vn -7.016739687058455e-7 0 0.999999999999754
vn 8.345552373609097e-7 3.6280823678667804e-8 0.9999999999996512
vn 8.345552373609097e-7 3.6280823678667804e-8 0.9999999999996512
vn 8.345552373609097e-7 3.6280823678667804e-8 0.9999999999996512
vn 0.024890268382448632 -0.0902200049035457 0.9956107800014291
vn 0.024890268382448632 -0.0902200049035457 0.9956107800014291
vn 0.024890268382448632 -0.0902200049035457 0.9956107800014291
vn -5.160904379408061e-7 5.434479088960829e-9 0.9999999999998668
vn -5.160904379408061e-7 5.434479088960829e-9 0.9999999999998668
vn -5.160904379408061e-7 5.434479088960829e-9 0.9999999999998668
vn 0.49740889519073106 0.8615363214366663 0.1016836163327875
vn 0.49740889519073106 0.8615363214366663 0.1016836163327875
vn 0.49740889519073106 0.8615363214366663 0.1016836163327875
vn 0.49740425285306444 0.8615317436996386 0.1017450924690969
vn 0.49740425285306444 0.8615317436996386 0.1017450924690969
vn 0.49740425285306444 0.8615317436996386 0.1017450924690969
vn 0.4974231898875851 0.8615280183475402 0.10168403888624698
vn 0.4974231898875851 0.8615280183475402 0.10168403888624698
vn 0.4974231898875851 0.8615280183475402 0.10168403888624698
vn 0.49740768702186666 0.8615369412578905 0.10168427478993426
vn 0.49740768702186666 0.8615369412578905 0.10168427478993426
vn 0.49740768702186666 0.8615369412578905 0.10168427478993426
vn 0.49740843460134554 0.8615367151920065 0.10168253322772017
vn 0.49740843460134554 0.8615367151920065 0.10168253322772017
vn 0.49740843460134554 0.8615367151920065 0.10168253322772017
vn 0 -0.9999999999978173 0.000002089392637567458
vn 0 -0.9999999999978173 0.000002089392637567458
vn 0 -0.9999999999978173 0.000002089392637567458
vn 0 -1 0
vn 0 -1 0
vn 0 -1 0
vn 0.9948174406245651 -0.00013034681678935795 0.10167715003331584
vn 0.9948174406245651 -0.00013034681678935795 0.10167715003331584
vn 0.9948174406245651 -0.00013034681678935795 0.10167715003331584
vn 0.9948168009399685 0 0.10168349210942326
vn 0.9948168009399685 0 0.10168349210942326
vn 0.9948168009399685 0 0.10168349210942326
vn 0.9948170632820187 0 0.10168092546264665
vn 0.9948170632820187 0 0.10168092546264665
vn 0.9948170632820187 0 0.10168092546264665
vn 0.9948168392307937 0.000004277533660393128 0.1016831174018381
vn 0.9948168392307937 0.000004277533660393128 0.1016831174018381
vn 0.9948168392307937 0.000004277533660393128 0.1016831174018381
vn -0.9999999999999996 0 3.280466387423074e-8
vn -0.9999999999999996 0 3.280466387423074e-8
vn -0.9999999999999996 0 3.280466387423074e-8
vn -1 0 0
vn -1 0 0
vn -1 0 0
vn -0.9999999999714775 0.00000753660606257076 -4.945552518479329e-7
vn -0.9999999999714775 0.00000753660606257076 -4.945552518479329e-7
vn -0.9999999999714775 0.00000753660606257076 -4.945552518479329e-7
vn -0.9999999999996125 0 -8.803091873229504e-7
vn -0.9999999999996125 0 -8.803091873229504e-7
vn -0.9999999999996125 0 -8.803091873229504e-7
vn 0 -0.9999999999554414 -0.000009440196663069855
vn 0 -0.9999999999554414 -0.000009440196663069855
vn 0 -0.9999999999554414 -0.000009440196663069855
vn 0 -0.9999999999731857 0.000007323164026987882
vn 0 -0.9999999999731857 0.000007323164026987882
vn 0 -0.9999999999731857 0.000007323164026987882
vn -0.47744802644763973 -0.8727596585742572 0.10165608888108921
vn -0.47744802644763973 -0.8727596585742572 0.10165608888108921
vn -0.47744802644763973 -0.8727596585742572 0.10165608888108921
vn 0.4976121769662519 -0.86141532424205 0.10171411158669924
vn 0.4976121769662519 -0.86141532424205 0.10171411158669924
vn 0.4976121769662519 -0.86141532424205 0.10171411158669924
vn 0.4974145441094387 -0.8615337270292902 0.10167796466993168
vn 0.4974145441094387 -0.8615337270292902 0.10167796466993168
vn 0.4974145441094387 -0.8615337270292902 0.10167796466993168
vn 0.49740751148987866 -0.861537304570288 0.10168205518777142
vn 0.49740751148987866 -0.861537304570288 0.10168205518777142
vn 0.49740751148987866 -0.861537304570288 0.10168205518777142
vn 0.4974072124579066 -0.8615374816370349 0.10168201772865673
vn 0.4974072124579066 -0.8615374816370349 0.10168201772865673
vn 0.4974072124579066 -0.8615374816370349 0.10168201772865673
vn 0.4974094693177385 -0.8615359774623144 0.1016837222523866
vn 0.4974094693177385 -0.8615359774623144 0.1016837222523866
vn 0.4974094693177385 -0.8615359774623144 0.1016837222523866
vn 0.1841693352029714 0 0.9828945294236283
vn 0.1841693352029714 0 0.9828945294236283
vn 0.1841693352029714 0 0.9828945294236283
vn 0.1841695043456701 0 0.9828944977305907
vn 0.1841695043456701 0 0.9828944977305907
vn 0.1841695043456701 0 0.9828944977305907
vn 0.237371525049131 0 -0.9714189410835317
vn 0.237371525049131 0 -0.9714189410835317
vn 0.237371525049131 0 -0.9714189410835317
vn 0.24005549511440796 0.009295321755229348 -0.9707146626371951
vn 0.24005549511440796 0.009295321755229348 -0.9707146626371951
vn 0.24005549511440796 0.009295321755229348 -0.9707146626371951
vn 0 -1 0
vn 0 -1 0
vn 0 -1 0
vn 0 -1 0
vn 0 -1 0
vn 0 -1 0
vn 0.9948170730795346 0 0.1016808296065101
vn 0.9948170730795346 0 0.1016808296065101
vn 0.9948170730795346 0 0.1016808296065101
vn 0.9948167677768722 -0.00000166346749425549 0.10168381654525649
vn 0.9948167677768722 -0.00000166346749425549 0.10168381654525649
vn 0.9948167677768722 -0.00000166346749425549 0.10168381654525649
vn 0.9948168520523027 0 0.10168299205249004
vn 0.9948168520523027 0 0.10168299205249004
vn 0.9948168520523027 0 0.10168299205249004
vn 0.11065469179465548 0.19166012528015194 0.9752035354537156
vn 0.11065469179465548 0.19166012528015194 0.9752035354537156
vn 0.11065469179465548 0.19166012528015194 0.9752035354537156
vn 0.085154309006431 0.16594451497821633 0.9824516077681801
vn 0.085154309006431 0.16594451497821633 0.9824516077681801
vn 0.085154309006431 0.16594451497821633 0.9824516077681801
vn -0.5149807231931344 -0.8511665890882539 0.10153960980496173
vn -0.5149807231931344 -0.8511665890882539 0.10153960980496173
vn -0.5149807231931344 -0.8511665890882539 0.10153960980496173
vn -0.5171084304068162 -0.8498617246436613 0.10165589106343308
vn -0.5171084304068162 -0.8498617246436613 0.10165589106343308
vn -0.5171084304068162 -0.8498617246436613 0.10165589106343308
vn -0.5149211143758808 -0.8510449887172323 0.10285267691794509
vn -0.5149211143758808 -0.8510449887172323 0.10285267691794509
vn -0.5149211143758808 -0.8510449887172323 0.10285267691794509
vn -0.9999999999996521 8.33659157705989e-7 -3.425674321987289e-8
vn -0.9999999999996521 8.33659157705989e-7 -3.425674321987289e-8
vn -0.9999999999996521 8.33659157705989e-7 -3.425674321987289e-8
vn -0.9999999999999996 0 3.280426241758504e-8
vn -0.9999999999999996 0 3.280426241758504e-8
vn -0.9999999999999996 0 3.280426241758504e-8
vn -0.49740956348924215 -0.8615358069007679 0.101684706703045
vn -0.49740956348924215 -0.8615358069007679 0.101684706703045
vn -0.49740956348924215 -0.8615358069007679 0.101684706703045
vn -0.49740915642544936 -0.8615361901269787 0.10168345099185631
vn -0.49740915642544936 -0.8615361901269787 0.10168345099185631
vn -0.49740915642544936 -0.8615361901269787 0.10168345099185631
vn -0.4974077984631693 -0.8615371066172522 0.10168232860038338
vn -0.4974077984631693 -0.8615371066172522 0.10168232860038338
vn -0.4974077984631693 -0.8615371066172522 0.10168232860038338
vn 0.48114033636087816 -0.8333599411976783 -0.2720573195735474
vn 0.48114033636087816 -0.8333599411976783 -0.2720573195735474
vn 0.48114033636087816 -0.8333599411976783 -0.2720573195735474
vn 0.48113799456610795 -0.8333592477462428 -0.27206358517949425
vn 0.48113799456610795 -0.8333592477462428 -0.27206358517949425
vn 0.48113799456610795 -0.8333592477462428 -0.27206358517949425
vn 0.481140067322183 -0.8333599993858516 -0.2720576171343467
vn 0.481140067322183 -0.8333599993858516 -0.2720576171343467
vn 0.481140067322183 -0.8333599993858516 -0.2720576171343467
vn 0.497407977551017 -0.8615368686731008 0.10168346859521983
vn 0.497407977551017 -0.8615368686731008 0.10168346859521983
vn 0.497407977551017 -0.8615368686731008 0.10168346859521983
vn 0.49740590842704996 -0.8615382174724103 0.10168216213438407
vn 0.49740590842704996 -0.8615382174724103 0.10168216213438407
vn 0.49740590842704996 -0.8615382174724103 0.10168216213438407
vn 0.49740770374992616 -0.8615371570311408 0.1016823647685536
vn 0.49740770374992616 -0.8615371570311408 0.1016823647685536
vn 0.49740770374992616 -0.8615371570311408 0.1016823647685536
vn 1 0 0
vn 1 0 0
vn 1 0 0
vn 1 0 0
vn 1 0 0
vn 1 0 0
vn 0.4811416925316341 -0.8333621130604094 -0.2720482681865184
vn 0.4811416925316341 -0.8333621130604094 -0.2720482681865184
vn 0.4811416925316341 -0.8333621130604094 -0.2720482681865184
vn 0.48114065281683605 -0.833358363798676 -0.2720615917283853
vn 0.48114065281683605 -0.833358363798676 -0.2720615917283853
vn 0.48114065281683605 -0.833358363798676 -0.2720615917283853
vn 0.48114055035440784 -0.8333595928835299 -0.2720580080674982
vn 0.48114055035440784 -0.8333595928835299 -0.2720580080674982
vn 0.48114055035440784 -0.8333595928835299 -0.2720580080674982
vn -0.49738698822745686 0.8615485364804127 0.10168728155712808
vn -0.49738698822745686 0.8615485364804127 0.10168728155712808
vn -0.49738698822745686 0.8615485364804127 0.10168728155712808
vn -0.49740434669850897 0.8615388443401919 0.10168449035323082
vn -0.49740434669850897 0.8615388443401919 0.10168449035323082
vn -0.49740434669850897 0.8615388443401919 0.10168449035323082
vn -0.49740930504022757 0.8615361298350048 0.10168323484390021
vn -0.49740930504022757 0.8615361298350048 0.10168323484390021
vn -0.49740930504022757 0.8615361298350048 0.10168323484390021
vn -0.49739803757814816 0.8615426825621848 0.10168283206599568
vn -0.49739803757814816 0.8615426825621848 0.10168283206599568
vn -0.49739803757814816 0.8615426825621848 0.10168283206599568
vn -0.49740873071765274 0.8615365250896712 0.10168269539242321
vn -0.49740873071765274 0.8615365250896712 0.10168269539242321
vn -0.49740873071765274 0.8615365250896712 0.10168269539242321
vn -1 0 0
vn -1 0 0
vn -1 0 0
vn -1 0 0
vn -1 0 0
vn -1 0 0
vn -0.4811410518104151 0.8333601799519467 -0.2720553229275739
vn -0.4811410518104151 0.8333601799519467 -0.2720553229275739
vn -0.4811410518104151 0.8333601799519467 -0.2720553229275739
vn -0.481140120447987 0.8333601589926445 -0.27205703427599726
vn -0.481140120447987 0.8333601589926445 -0.27205703427599726
vn -0.481140120447987 0.8333601589926445 -0.27205703427599726
vn -0.4811399323567368 0.8333596660866827 -0.2720588767742146
vn -0.4811399323567368 0.8333596660866827 -0.2720588767742146
vn -0.4811399323567368 0.8333596660866827 -0.2720588767742146
vn 0.9999999999997007 0 7.736588827353857e-7
vn 0.9999999999997007 0 7.736588827353857e-7
vn 0.9999999999997007 0 7.736588827353857e-7
vn 0.9999999999996287 -4.3866651822083527e-7 -7.41749943244665e-7
vn 0.9999999999996287 -4.3866651822083527e-7 -7.41749943244665e-7
vn 0.9999999999996287 -4.3866651822083527e-7 -7.41749943244665e-7
vn -0.48114020109604355 0.8333572827987685 -0.27206570179923795
vn -0.48114020109604355 0.8333572827987685 -0.27206570179923795
vn -0.48114020109604355 0.8333572827987685 -0.27206570179923795
vn -0.48113959455632027 0.8333601256468285 -0.2720580664712623
vn -0.48113959455632027 0.8333601256468285 -0.2720580664712623
vn -0.48113959455632027 0.8333601256468285 -0.2720580664712623
vn -0.4811414423186147 0.8333588739810487 -0.2720586327257446
vn -0.4811414423186147 0.8333588739810487 -0.2720586327257446
vn -0.4811414423186147 0.8333588739810487 -0.2720586327257446
vn 0.5727525419434594 0 0.8197283243229466
vn 0.5727525419434594 0 0.8197283243229466
vn 0.5727525419434594 0 0.8197283243229466
vn 0.5727531784022747 0 0.8197278796223122
vn 0.5727531784022747 0 0.8197278796223122
vn 0.5727531784022747 0 0.8197278796223122
vn 0.4774462915418237 0.8727605409977618 0.10165666121929269
vn 0.4774462915418237 0.8727605409977618 0.10165666121929269
vn 0.4774462915418237 0.8727605409977618 0.10165666121929269
vn 0.4824093736049724 0.8700422388117364 0.10152683852814272
vn 0.4824093736049724 0.8700422388117364 0.10152683852814272
vn 0.4824093736049724 0.8700422388117364 0.10152683852814272
vn 0.08723532385127002 0.16766744807189193 -0.9819763872566506
vn 0.08723532385127002 0.16766744807189193 -0.9819763872566506
vn 0.08723532385127002 0.16766744807189193 -0.9819763872566506
vn -0.9948168009399685 0 0.10168349210942326
vn -0.9948168009399685 0 0.10168349210942326
vn -0.9948168009399685 0 0.10168349210942326
vn -0.9948169016260756 0.000007891347213709147 0.10168250673946683
vn -0.9948169016260756 0.000007891347213709147 0.10168250673946683
vn -0.9948169016260756 0.000007891347213709147 0.10168250673946683
vn -0.9948152899231739 0.001268157386155929 0.1016903668589872
vn -0.9948152899231739 0.001268157386155929 0.1016903668589872
vn -0.9948152899231739 0.001268157386155929 0.1016903668589872
vn -0.9948167639715565 -0.00000877587339678644 0.1016838534092038
vn -0.9948167639715565 -0.00000877587339678644 0.1016838534092038
vn -0.9948167639715565 -0.00000877587339678644 0.1016838534092038
vn 0.4974082316259998 0.8615367249623445 0.1016834433516761
vn 0.4974082316259998 0.8615367249623445 0.1016834433516761
vn 0.4974082316259998 0.8615367249623445 0.1016834433516761
vn 0.49740917325209855 0.8615363980854684 0.1016816066876448
vn 0.49740917325209855 0.8615363980854684 0.1016816066876448
vn 0.49740917325209855 0.8615363980854684 0.1016816066876448
vn 0.49740775484964206 0.8615370230908567 0.10168324964901161
vn 0.49740775484964206 0.8615370230908567 0.10168324964901161
vn 0.49740775484964206 0.8615370230908567 0.10168324964901161
vn 0 -0.9999999999993121 0.000001172926999969707
vn 0 -0.9999999999993121 0.000001172926999969707
vn 0 -0.9999999999993121 0.000001172926999969707
vn 0.9214911883879717 0 0.38839926586352314
vn 0.9214911883879717 0 0.38839926586352314
vn 0.9214911883879717 0 0.38839926586352314
vn -0.0000012863672509391892 -0.9999999999985054 -0.000001155167865361456
vn -0.0000012863672509391892 -0.9999999999985054 -0.000001155167865361456
vn -0.0000012863672509391892 -0.9999999999985054 -0.000001155167865361456
vn 4.178843084899263e-7 -0.9999999999995799 -8.160387778840441e-7
vn 4.178843084899263e-7 -0.9999999999995799 -8.160387778840441e-7
vn 4.178843084899263e-7 -0.9999999999995799 -8.160387778840441e-7
vn -0.11079139418215636 -0.19189523430271171 0.9751417773980774
vn -0.11079139418215636 -0.19189523430271171 0.9751417773980774
vn -0.11079139418215636 -0.19189523430271171 0.9751417773980774
vn -0.08515244687025145 -0.1659440242317389 0.9824518520588097
vn -0.08515244687025145 -0.1659440242317389 0.9824518520588097
vn -0.08515244687025145 -0.1659440242317389 0.9824518520588097
vn -7.350567533793485e-7 -0.9531980869893069 0.30234650148362124
vn -7.350567533793485e-7 -0.9531980869893069 0.30234650148362124
vn -7.350567533793485e-7 -0.9531980869893069 0.30234650148362124
vn 0 -0.9532314996752486 0.3022411421810015
vn 0 -0.9532314996752486 0.3022411421810015
vn 0 -0.9532314996752486 0.3022411421810015
vn 0.8944271909999159 0 0.4472135954999579
vn 0.8944271909999159 0 0.4472135954999579
vn 0.8944271909999159 0 0.4472135954999579
vn 3.736297130781816e-7 -0.9531974086500499 0.30234864005430906
vn 3.736297130781816e-7 -0.9531974086500499 0.30234864005430906
vn 3.736297130781816e-7 -0.9531974086500499 0.30234864005430906
vn 1.2155211844725188e-7 -0.9531981267938656 0.3023463759939104
vn 1.2155211844725188e-7 -0.9531981267938656 0.3023463759939104
vn 1.2155211844725188e-7 -0.9531981267938656 0.3023463759939104
vn 7.40358178655631e-8 -0.9531978418828473 0.3023472742226678
vn 7.40358178655631e-8 -0.9531978418828473 0.3023472742226678
vn 7.40358178655631e-8 -0.9531978418828473 0.3023472742226678
vn 2.552516423800966e-7 -0.9531981096160203 0.30234643014988644
vn 2.552516423800966e-7 -0.9531981096160203 0.30234643014988644
vn 2.552516423800966e-7 -0.9531981096160203 0.30234643014988644
vn 0 -0.953186017558078 0.3023845497570463
vn 0 -0.953186017558078 0.3023845497570463
vn 0 -0.953186017558078 0.3023845497570463
vn 1.3598628907302325e-8 -0.9532356274608557 0.3022281233427968
vn 1.3598628907302325e-8 -0.9532356274608557 0.3022281233427968
vn 1.3598628907302325e-8 -0.9532356274608557 0.3022281233427968
vn 3.493836990323226e-8 -0.9531980612228207 0.3023465827176721
vn 3.493836990323226e-8 -0.9531980612228207 0.3023465827176721
vn 3.493836990323226e-8 -0.9531980612228207 0.3023465827176721
vn 0 -0.953206017432275 0.30232149829428545
vn 0 -0.953206017432275 0.30232149829428545
vn 0 -0.953206017432275 0.30232149829428545
vn 1.4486134462006282e-8 -0.9531987567353871 0.3023443899894817
vn 1.4486134462006282e-8 -0.9531987567353871 0.3023443899894817
vn 1.4486134462006282e-8 -0.9531987567353871 0.3023443899894817
vn 0 0.999999999975641 -0.000006979828412852893
vn 0 0.999999999975641 -0.000006979828412852893
vn 0 0.999999999975641 -0.000006979828412852893
vn 0 1 0
vn 0 1 0
vn 0 1 0
vn -0.4974082066415074 0.8615367929117184 0.10168298985115615
vn -0.4974082066415074 0.8615367929117184 0.10168298985115615
vn -0.4974082066415074 0.8615367929117184 0.10168298985115615
vn -0.9991211425594644 0 0.04191589782732204
vn -0.9991211425594644 0 0.04191589782732204
vn -0.9991211425594644 0 0.04191589782732204
vn -0.497407686809578 0.8615370600994874 0.10168326891813152
vn -0.497407686809578 0.8615370600994874 0.10168326891813152
vn -0.497407686809578 0.8615370600994874 0.10168326891813152
vn -0.18416994700736006 0 0.982894414786912
vn -0.18416994700736006 0 0.982894414786912
vn -0.18416994700736006 0 0.982894414786912
vn -0.18416977425853107 0 0.9828944471557267
vn -0.18416977425853107 0 0.9828944471557267
vn -0.18416977425853107 0 0.9828944471557267
vn -0.4974082890328354 -0.8615370787834882 0.1016801646469997
vn -0.4974082890328354 -0.8615370787834882 0.1016801646469997
vn -0.4974082890328354 -0.8615370787834882 0.1016801646469997
vn -0.49740880578599345 -0.861536679068395 0.10168102353120326
vn -0.49740880578599345 -0.861536679068395 0.10168102353120326
vn -0.49740880578599345 -0.861536679068395 0.10168102353120326
vn -0.49740750232916947 -0.8615369310755601 0.10168526451538049
vn -0.49740750232916947 -0.8615369310755601 0.10168526451538049
vn -0.49740750232916947 -0.8615369310755601 0.10168526451538049
vn 0.5608623655987275 0 0.8279090571161782
vn 0.5608623655987275 0 0.8279090571161782
vn 0.5608623655987275 0 0.8279090571161782
vn 0.5608636110314165 0 0.827908213403394
vn 0.5608636110314165 0 0.827908213403394
vn 0.5608636110314165 0 0.827908213403394
vn 0.5608575749530305 -8.645997970175217e-7 0.82791230249167
vn 0.5608575749530305 -8.645997970175217e-7 0.82791230249167
vn 0.5608575749530305 -8.645997970175217e-7 0.82791230249167
vn -1 0 0
vn -1 0 0
vn -1 0 0
vn 0.5608623655987068 -2.7166311311850457e-7 0.8279090571161477
vn 0.5608623655987068 -2.7166311311850457e-7 0.8279090571161477
vn 0.5608623655987068 -2.7166311311850457e-7 0.8279090571161477
vn 0.5608612980839619 0 0.8279097802970885
vn 0.5608612980839619 0 0.8279097802970885
vn 0.5608612980839619 0 0.8279097802970885
vn 0.5608604493427404 0 0.827910355269856
vn 0.5608604493427404 0 0.827910355269856
vn 0.5608604493427404 0 0.827910355269856
vn 0.5608604493427404 0 0.827910355269856
vn 0.5608604493427404 0 0.827910355269856
vn 0.5608604493427404 0 0.827910355269856
vn 0.9999999999999996 0 3.1910857956063397e-8
vn 0.9999999999999996 0 3.1910857956063397e-8
vn 0.9999999999999996 0 3.1910857956063397e-8
vn 0.9999999999998443 -5.396840379034144e-7 -1.4134630532678404e-7
vn 0.9999999999998443 -5.396840379034144e-7 -1.4134630532678404e-7
vn 0.9999999999998443 -5.396840379034144e-7 -1.4134630532678404e-7
vn 0.999999999999972 0 2.367355733667798e-7
vn 0.999999999999972 0 2.367355733667798e-7
vn 0.999999999999972 0 2.367355733667798e-7
vn 0.9999999999998841 0 4.817193257621863e-7
vn 0.9999999999998841 0 4.817193257621863e-7
vn 0.9999999999998841 0 4.817193257621863e-7
vn 0.9532028913788607 0 0.30233135442255993
vn 0.9532028913788607 0 0.30233135442255993
vn 0.9532028913788607 0 0.30233135442255993
vn 0.9529919635769072 -0.00007880579515041871 0.30299556291714524
vn 0.9529919635769072 -0.00007880579515041871 0.30299556291714524
vn 0.9529919635769072 -0.00007880579515041871 0.30299556291714524
vn 0.9531954907107367 3.3424813448451346e-7 0.30235468656630127
vn 0.9531954907107367 3.3424813448451346e-7 0.30235468656630127
vn 0.9531954907107367 3.3424813448451346e-7 0.30235468656630127
vn 0.9531969699522211 0.000005502275300652349 0.30235002305875436
vn 0.9531969699522211 0.000005502275300652349 0.30235002305875436
vn 0.9531969699522211 0.000005502275300652349 0.30235002305875436
vn 0.9556891531602858 -5.581879472190481e-7 0.29437772084766267
vn 0.9556891531602858 -5.581879472190481e-7 0.29437772084766267
vn 0.9556891531602858 -5.581879472190481e-7 0.29437772084766267
vn 0.9531977848878609 -0.000005158417066304911 0.30234745386436795
vn 0.9531977848878609 -0.000005158417066304911 0.30234745386436795
vn 0.9531977848878609 -0.000005158417066304911 0.30234745386436795
vn 0.9531979472583852 3.3029095596891347e-7 0.3023469420091617
vn 0.9531979472583852 3.3029095596891347e-7 0.3023469420091617
vn 0.9531979472583852 3.3029095596891347e-7 0.3023469420091617
vn 0.9531980612227043 -4.954543369039096e-7 0.3023465827176352
vn 0.9531980612227043 -4.954543369039096e-7 0.3023465827176352
vn 0.9531980612227043 -4.954543369039096e-7 0.3023465827176352
vn 0.9531976139534166 0 0.3023479928054979
vn 0.9531976139534166 0 0.3023479928054979
vn 0.9531976139534166 0 0.3023479928054979
vn 0.9531979386694965 -1.8382720787221747e-7 0.3023469690871551
vn 0.9531979386694965 -1.8382720787221747e-7 0.3023469690871551
vn 0.9531979386694965 -1.8382720787221747e-7 0.3023469690871551
vn 0.9531980698117364 0 0.30234655563968327
vn 0.9531980698117364 0 0.30234655563968327
vn 0.9531980698117364 0 0.30234655563968327
vn 0.953197890276194 0 0.30234712165491645
vn 0.953197890276194 0 0.30234712165491645
vn 0.953197890276194 0 0.30234712165491645
vn 0 -0.18417119940739707 0.982894180117494
vn 0 -0.18417119940739707 0.982894180117494
vn 0 -0.18417119940739707 0.982894180117494
vn 0 -0.18391951488818978 0.982941306509851
vn 0 -0.18391951488818978 0.982941306509851
vn 0 -0.18391951488818978 0.982941306509851
vn 0 0 -1
vn 0 0 -1
vn 0 0 -1
vn 1 0 0
vn 1 0 0
vn 1 0 0
vn 0 -0.1841683239239316 0.9828947189109575
vn 0 -0.1841683239239316 0.9828947189109575
vn 0 -0.1841683239239316 0.9828947189109575
vn 0 -0.18416966269877882 0.9828944680592205
vn 0 -0.18416966269877882 0.9828944680592205
vn 0 -0.18416966269877882 0.9828944680592205
vn 0 -0.18417226826873798 0.9828939798374735
vn 0 -0.18417226826873798 0.9828939798374735
vn 0 -0.18417226826873798 0.9828939798374735
vn -0.000003221928636759561 0 0.9999999999948097
vn -0.000003221928636759561 0 0.9999999999948097
vn -0.000003221928636759561 0 0.9999999999948097
vn 0 0 1
vn 0 0 1
vn 0 0 1
vn 0 4.1274795137269354e-8 0.9999999999999991
vn 0 4.1274795137269354e-8 0.9999999999999991
vn 0 4.1274795137269354e-8 0.9999999999999991
vn 4.827287511943157e-7 4.127475961012777e-8 0.9999999999998828
vn 4.827287511943157e-7 4.127475961012777e-8 0.9999999999998828
vn 4.827287511943157e-7 4.127475961012777e-8 0.9999999999998828
vn -0.9622804918192179 0 -0.27205928593629
vn -0.9622804918192179 0 -0.27205928593629
vn -0.9622804918192179 0 -0.27205928593629
vn -0.9622811489144057 0 -0.2720569617634719
vn -0.9622811489144057 0 -0.2720569617634719
vn -0.9622811489144057 0 -0.2720569617634719
vn 0.20472116941720542 0 0.9788203322328628
vn 0.20472116941720542 0 0.9788203322328628
vn 0.20472116941720542 0 0.9788203322328628
vn 0.23943637782684338 -0.01041913984359831 0.970856149230194
vn 0.23943637782684338 -0.01041913984359831 0.970856149230194
vn 0.23943637782684338 -0.01041913984359831 0.970856149230194
vn -0.000002588224333200177 0.9999999998757385 -0.00001555070229903809
vn -0.000002588224333200177 0.9999999998757385 -0.00001555070229903809
vn -0.000002588224333200177 0.9999999998757385 -0.00001555070229903809
vn 0.0000052834288907386 0.9999999999818812 0.0000028850038233417993
vn 0.0000052834288907386 0.9999999999818812 0.0000028850038233417993
vn 0.0000052834288907386 0.9999999999818812 0.0000028850038233417993
vn 4.8027982302265e-7 0.9999999999992484 0.000001128085045819778
vn 4.8027982302265e-7 0.9999999999992484 0.000001128085045819778
vn 4.8027982302265e-7 0.9999999999992484 0.000001128085045819778
vn -0.0000014412144082557047 0.9999999999971314 0.000001913209189291561
vn -0.0000014412144082557047 0.9999999999971314 0.000001913209189291561
vn -0.0000014412144082557047 0.9999999999971314 0.000001913209189291561
vn -0.962279216623456 0 -0.2720637962951853
vn -0.962279216623456 0 -0.2720637962951853
vn -0.962279216623456 0 -0.2720637962951853
vn -0.9622815342802125 0 -0.272055598698722
vn -0.9622815342802125 0 -0.272055598698722
vn -0.9622815342802125 0 -0.272055598698722
vn -0.962281195727038 0 -0.27205679618444034
vn -0.962281195727038 0 -0.27205679618444034
vn -0.962281195727038 0 -0.27205679618444034
vn -0.9622815699000831 0 -0.272055472708475
vn -0.9622815699000831 0 -0.272055472708475
vn -0.9622815699000831 0 -0.272055472708475
vn -0.962280397171877 0 -0.2720596207060774
vn -0.962280397171877 0 -0.2720596207060774
vn -0.962280397171877 0 -0.2720596207060774
vn -0.9622763954479395 0 -0.27207377448721626
vn -0.9622763954479395 0 -0.27207377448721626
vn -0.9622763954479395 0 -0.27207377448721626
vn -0.9622807079104456 0 -0.2720585216150591
vn -0.9622807079104456 0 -0.2720585216150591
vn -0.9622807079104456 0 -0.2720585216150591
vn 0 1 0
vn 0 1 0
vn 0 1 0
vn 0 0.9999999999975495 0.0000022138158328689636
vn 0 0.9999999999975495 0.0000022138158328689636
vn 0 0.9999999999975495 0.0000022138158328689636
vn 0.0000017219389290519012 0.9999999999010813 0.00001395965682466496
vn 0.0000017219389290519012 0.9999999999010813 0.00001395965682466496
vn 0.0000017219389290519012 0.9999999999010813 0.00001395965682466496
vn 0 1 0
vn 0 1 0
vn 0 1 0
vn -0.9948167632548566 0.0000016361095454672123 0.10168386078652776
vn -0.9948167632548566 0.0000016361095454672123 0.10168386078652776
vn -0.9948167632548566 0.0000016361095454672123 0.10168386078652776
vn -0.9948168512986322 0 0.10168299942603597
vn -0.9948168512986322 0 0.10168299942603597
vn -0.9948168512986322 0 0.10168299942603597
vn -0.9948168347178649 0 0.1016831616440419
vn -0.9948168347178649 0 0.1016831616440419
vn -0.9948168347178649 0 0.1016831616440419
vn 0.5727543992002952 0 0.8197270266355192
vn 0.5727543992002952 0 0.8197270266355192
vn 0.5727543992002952 0 0.8197270266355192
vn 0.5727528941909481 0 0.8197280782039204
vn 0.5727528941909481 0 0.8197280782039204
vn 0.5727528941909481 0 0.8197280782039204
vn -0.994816872263996 0 0.10168279431093702
vn -0.994816872263996 0 0.10168279431093702
vn -0.994816872263996 0 0.10168279431093702
vn -0.9948325075894915 0 0.10152970916536873
vn -0.9948325075894915 0 0.10152970916536873
vn -0.9948325075894915 0 0.10152970916536873
vn -0.9948168745250031 0 0.10168277219029914
vn -0.9948168745250031 0 0.10168277219029914
vn -0.9948168745250031 0 0.10168277219029914
vn -0.9948167272170194 0 0.10168421337266785
vn -0.9948167272170194 0 0.10168421337266785
vn -0.9948167272170194 0 0.10168421337266785
vn 0.08648238399632834 -0.1667874617684581 -0.9821928221358304
vn 0.08648238399632834 -0.1667874617684581 -0.9821928221358304
vn 0.08648238399632834 -0.1667874617684581 -0.9821928221358304
vn -0.4974035337628165 -0.8615393068479665 0.10168454826662734
vn -0.4974035337628165 -0.8615393068479665 0.10168454826662734
vn -0.4974035337628165 -0.8615393068479665 0.10168454826662734
vn -0.49742923029879915 -0.8615244176961075 0.10168499671892141
vn -0.49742923029879915 -0.8615244176961075 0.10168499671892141
vn -0.49742923029879915 -0.8615244176961075 0.10168499671892141
vn -0.4974159461888012 -0.8615322472728337 0.10168364365088783
vn -0.4974159461888012 -0.8615322472728337 0.10168364365088783
vn -0.4974159461888012 -0.8615322472728337 0.10168364365088783
vn -0.4974076391327222 -0.8615370291398267 0.10168376445299884
vn -0.4974076391327222 -0.8615370291398267 0.10168376445299884
vn -0.4974076391327222 -0.8615370291398267 0.10168376445299884
vn -0.4974076385433392 -0.8615371473282714 0.10168276595472574
vn -0.4974076385433392 -0.8615371473282714 0.10168276595472574
vn -0.4974076385433392 -0.8615371473282714 0.10168276595472574
vn -0.9944338539398611 0.02289250619662049 0.10284572571746961
vn -0.9944338539398611 0.02289250619662049 0.10284572571746961
vn -0.9944338539398611 0.02289250619662049 0.10284572571746961
vn -0.9944875134775925 0.02039606288779813 0.10285225401434915
vn -0.9944875134775925 0.02039606288779813 0.10285225401434915
vn -0.9944875134775925 0.02039606288779813 0.10285225401434915
f 1//1 2//2 3//3
f 4//4 5//5 6//6
f 7//7 8//8 9//9
f 10//10 11//11 12//12
f 13//13 14//14 15//15
f 16//16 17//17 18//18
f 19//19 20//20 21//21
f 22//22 23//23 24//24
f 25//25 26//26 27//27
f 28//28 29//29 30//30
f 31//31 32//32 33//33
f 34//34 35//35 36//36
f 37//37 38//38 39//39
f 40//40 41//41 42//42
f 43//43 44//44 45//45
f 46//46 47//47 48//48
f 49//49 50//50 51//51
f 52//52 53//53 54//54
f 55//55 56//56 57//57
f 58//58 59//59 60//60
f 61//61 62//62 63//63
f 64//64 65//65 66//66
f 67//67 68//68 69//69
f 70//70 71//71 72//72
f 73//73 74//74 75//75
f 76//76 77//77 78//78
f 79//79 80//80 81//81
f 82//82 83//83 84//84
f 85//85 86//86 87//87
f 88//88 89//89 90//90
f 91//91 92//92 93//93
f 94//94 95//95 96//96
f 97//97 98//98 99//99
f 100//100 101//101 102//102
f 103//103 104//104 105//105
f 106//106 107//107 108//108
f 109//109 110//110 111//111
f 112//112 113//113 114//114
f 115//115 116//116 117//117
f 118//118 119//119 120//120
f 121//121 122//122 123//123
f 124//124 125//125 126//126
f 127//127 128//128 129//129
f 130//130 131//131 132//132
f 133//133 134//134 135//135
f 136//136 137//137 138//138
f 139//139 140//140 141//141
f 142//142 143//143 144//144
f 145//145 146//146 147//147
f 148//148 149//149 150//150
f 151//151 152//152 153//153
f 154//154 155//155 156//156
f 157//157 158//158 159//159
f 160//160 161//161 162//162
f 163//163 164//164 165//165
f 166//166 167//167 168//168
f 169//169 170//170 171//171
f 172//172 173//173 174//174
f 175//175 176//176 177//177
f 178//178 179//179 180//180
f 181//181 182//182 183//183
f 184//184 185//185 186//186
f 187//187 188//188 189//189
f 190//190 191//191 192//192
f 193//193 194//194 195//195
f 196//196 197//197 198//198
f 199//199 200//200 201//201
f 202//202 203//203 204//204
f 205//205 206//206 207//207
f 208//208 209//209 210//210
f 211//211 212//212 213//213
f 214//214 215//215 216//216
f 217//217 218//218 219//219
f 220//220 221//221 222//222
f 223//223 224//224 225//225
f 226//226 227//227 228//228
f 229//229 230//230 231//231
f 232//232 233//233 234//234
f 235//235 236//236 237//237
f 238//238 239//239 240//240
f 241//241 242//242 243//243
f 244//244 245//245 246//246
f 247//247 248//248 249//249
f 250//250 251//251 252//252
f 253//253 254//254 255//255
f 256//256 257//257 258//258
f 259//259 260//260 261//261
f 262//262 263//263 264//264
f 265//265 266//266 267//267
f 268//268 269//269 270//270
f 271//271 272//272 273//273
f 274//274 275//275 276//276
f 277//277 278//278 279//279
f 280//280 281//281 282//282
f 283//283 284//284 285//285
f 286//286 287//287 288//288
f 289//289 290//290 291//291
f 292//292 293//293 294//294
f 295//295 296//296 297//297
f 298//298 299//299 300//300
f 301//301 302//302 303//303
f 304//304 305//305 306//306
f 307//307 308//308 309//309
f 310//310 311//311 312//312
f 313//313 314//314 315//315
f 316//316 317//317 318//318
f 319//319 320//320 321//321
f 322//322 323//323 324//324
f 325//325 326//326 327//327
f 328//328 329//329 330//330
f 331//331 332//332 333//333
f 334//334 335//335 336//336
f 337//337 338//338 339//339
f 340//340 341//341 342//342
f 343//343 344//344 345//345
f 346//346 347//347 348//348
f 349//349 350//350 351//351
f 352//352 353//353 354//354
f 355//355 356//356 357//357
f 358//358 359//359 360//360
f 361//361 362//362 363//363
f 364//364 365//365 366//366
f 367//367 368//368 369//369
f 370//370 371//371 372//372
f 373//373 374//374 375//375
f 376//376 377//377 378//378
f 379//379 380//380 381//381
f 382//382 383//383 384//384
f 385//385 386//386 387//387
f 388//388 389//389 390//390
f 391//391 392//392 393//393
f 394//394 395//395 396//396
f 397//397 398//398 399//399
f 400//400 401//401 402//402
f 403//403 404//404 405//405
f 406//406 407//407 408//408
f 409//409 410//410 411//411
f 412//412 413//413 414//414
f 415//415 416//416 417//417
f 418//418 419//419 420//420
f 421//421 422//422 423//423
f 424//424 425//425 426//426
f 427//427 428//428 429//429
f 430//430 431//431 432//432
f 433//433 434//434 435//435
f 436//436 437//437 438//438
f 439//439 440//440 441//441
f 442//442 443//443 444//444
f 445//445 446//446 447//447
f 448//448 449//449 450//450
f 451//451 452//452 453//453
f 454//454 455//455 456//456
f 457//457 458//458 459//459
f 460//460 461//461 462//462
f 463//463 464//464 465//465
f 466//466 467//467 468//468
f 469//469 470//470 471//471
f 472//472 473//473 474//474
f 475//475 476//476 477//477
f 478//478 479//479 480//480
f 481//481 482//482 483//483
f 484//484 485//485 486//486
f 487//487 488//488 489//489
f 490//490 491//491 492//492
f 493//493 494//494 495//495
f 496//496 497//497 498//498
f 499//499 500//500 501//501
f 502//502 503//503 504//504
f 505//505 506//506 507//507
f 508//508 509//509 510//510
f 511//511 512//512 513//513
f 514//514 515//515 516//516
f 517//517 518//518 519//519
f 520//520 521//521 522//522
f 523//523 524//524 525//525
f 526//526 527//527 528//528
f 529//529 530//530 531//531
f 532//532 533//533 534//534
f 535//535 536//536 537//537
f 538//538 539//539 540//540
f 541//541 542//542 543//543
f 544//544 545//545 546//546
f 547//547 548//548 549//549
f 550//550 551//551 552//552
f 553//553 554//554 555//555
f 556//556 557//557 558//558
f 559//559 560//560 561//561
f 562//562 563//563 564//564
f 565//565 566//566 567//567
f 568//568 569//569 570//570
f 571//571 572//572 573//573
f 574//574 575//575 576//576
f 577//577 578//578 579//579
f 580//580 581//581 582//582
f 583//583 584//584 585//585
f 586//586 587//587 588//588
f 589//589 590//590 591//591
f 592//592 593//593 594//594
f 595//595 596//596 597//597
f 598//598 599//599 600//600
f 601//601 602//602 603//603
f 604//604 605//605 606//606
f 607//607 608//608 609//609
f 610//610 611//611 612//612
f 613//613 614//614 615//615
f 616//616 617//617 618//618
f 619//619 620//620 621//621
f 622//622 623//623 624//624
f 625//625 626//626 627//627
f 628//628 629//629 630//630
f 631//631 632//632 633//633
f 634//634 635//635 636//636
f 637//637 638//638 639//639
f 640//640 641//641 642//642
f 643//643 644//644 645//645
f 646//646 647//647 648//648
f 649//649 650//650 651//651
f 652//652 653//653 654//654
f 655//655 656//656 657//657
f 658//658 659//659 660//660
f 661//661 662//662 663//663
f 664//664 665//665 666//666
f 667//667 668//668 669//669
f 670//670 671//671 672//672
f 673//673 674//674 675//675
f 676//676 677//677 678//678
f 679//679 680//680 681//681
f 682//682 683//683 684//684
f 685//685 686//686 687//687
f 688//688 689//689 690//690
f 691//691 692//692 693//693
f 694//694 695//695 696//696
f 697//697 698//698 699//699
f 700//700 701//701 702//702
f 703//703 704//704 705//705
f 706//706 707//707 708//708
f 709//709 710//710 711//711
f 712//712 713//713 714//714
f 715//715 716//716 717//717
f 718//718 719//719 720//720
f 721//721 722//722 723//723
f 724//724 725//725 726//726
f 727//727 728//728 729//729
f 730//730 731//731 732//732
f 733//733 734//734 735//735
f 736//736 737//737 738//738
f 739//739 740//740 741//741
f 742//742 743//743 744//744
f 745//745 746//746 747//747
f 748//748 749//749 750//750
f 751//751 752//752 753//753
f 754//754 755//755 756//756
f 757//757 758//758 759//759
f 760//760 761//761 762//762
f 763//763 764//764 765//765
f 766//766 767//767 768//768
f 769//769 770//770 771//771
f 772//772 773//773 774//774
f 775//775 776//776 777//777
f 778//778 779//779 780//780
f 781//781 782//782 783//783
f 784//784 785//785 786//786
f 787//787 788//788 789//789
f 790//790 791//791 792//792
f 793//793 794//794 795//795
f 796//796 797//797 798//798
f 799//799 800//800 801//801
f 802//802 803//803 804//804
f 805//805 806//806 807//807
f 808//808 809//809 810//810
f 811//811 812//812 813//813
f 814//814 815//815 816//816
f 817//817 818//818 819//819
f 820//820 821//821 822//822
f 823//823 824//824 825//825
f 826//826 827//827 828//828
f 829//829 830//830 831//831
f 832//832 833//833 834//834
f 835//835 836//836 837//837
f 838//838 839//839 840//840
f 841//841 842//842 843//843
f 844//844 845//845 846//846
f 847//847 848//848 849//849
f 850//850 851//851 852//852
f 853//853 854//854 855//855
f 856//856 857//857 858//858
f 859//859 860//860 861//861
f 862//862 863//863 864//864
f 865//865 866//866 867//867
f 868//868 869//869 870//870
f 871//871 872//872 873//873
f 874//874 875//875 876//876
f 877//877 878//878 879//879
f 880//880 881//881 882//882
f 883//883 884//884 885//885
f 886//886 887//887 888//888
f 889//889 890//890 891//891
f 892//892 893//893 894//894
f 895//895 896//896 897//897
f 898//898 899//899 900//900
f 901//901 902//902 903//903
f 904//904 905//905 906//906
f 907//907 908//908 909//909
f 910//910 911//911 912//912
f 913//913 914//914 915//915
f 916//916 917//917 918//918
f 919//919 920//920 921//921
f 922//922 923//923 924//924
f 925//925 926//926 927//927
f 928//928 929//929 930//930
f 931//931 932//932 933//933
f 934//934 935//935 936//936
f 937//937 938//938 939//939
f 940//940 941//941 942//942
f 943//943 944//944 945//945
f 946//946 947//947 948//948
f 949//949 950//950 951//951
f 952//952 953//953 954//954
f 955//955 956//956 957//957
f 958//958 959//959 960//960
f 961//961 962//962 963//963
f 964//964 965//965 966//966
f 967//967 968//968 969//969
f 970//970 971//971 972//972
f 973//973 974//974 975//975
f 976//976 977//977 978//978
f 979//979 980//980 981//981
f 982//982 983//983 984//984
f 985//985 986//986 987//987
f 988//988 989//989 990//990
f 991//991 992//992 993//993
f 994//994 995//995 996//996
f 997//997 998//998 999//999
f 1000//1000 1001//1001 1002//1002
f 1003//1003 1004//1004 1005//1005
f 1006//1006 1007//1007 1008//1008
f 1009//1009 1010//1010 1011//1011
f 1012//1012 1013//1013 1014//1014
f 1015//1015 1016//1016 1017//1017
f 1018//1018 1019//1019 1020//1020
f 1021//1021 1022//1022 1023//1023
f 1024//1024 1025//1025 1026//1026
f 1027//1027 1028//1028 1029//1029
f 1030//1030 1031//1031 1032//1032
f 1033//1033 1034//1034 1035//1035
f 1036//1036 1037//1037 1038//1038
f 1039//1039 1040//1040 1041//1041
f 1042//1042 1043//1043 1044//1044
f 1045//1045 1046//1046 1047//1047
f 1048//1048 1049//1049 1050//1050
f 1051//1051 1052//1052 1053//1053
f 1054//1054 1055//1055 1056//1056
f 1057//1057 1058//1058 1059//1059
f 1060//1060 1061//1061 1062//1062
f 1063//1063 1064//1064 1065//1065
f 1066//1066 1067//1067 1068//1068
f 1069//1069 1070//1070 1071//1071
f 1072//1072 1073//1073 1074//1074
f 1075//1075 1076//1076 1077//1077
f 1078//1078 1079//1079 1080//1080
f 1081//1081 1082//1082 1083//1083
f 1084//1084 1085//1085 1086//1086
f 1087//1087 1088//1088 1089//1089
f 1090//1090 1091//1091 1092//1092
f 1093//1093 1094//1094 1095//1095
f 1096//1096 1097//1097 1098//1098
f 1099//1099 1100//1100 1101//1101
f 1102//1102 1103//1103 1104//1104
f 1105//1105 1106//1106 1107//1107
f 1108//1108 1109//1109 1110//1110
f 1111//1111 1112//1112 1113//1113
f 1114//1114 1115//1115 1116//1116
f 1117//1117 1118//1118 1119//1119
f 1120//1120 1121//1121 1122//1122
f 1123//1123 1124//1124 1125//1125
f 1126//1126 1127//1127 1128//1128
f 1129//1129 1130//1130 1131//1131
f 1132//1132 1133//1133 1134//1134
f 1135//1135 1136//1136 1137//1137
f 1138//1138 1139//1139 1140//1140
f 1141//1141 1142//1142 1143//1143
f 1144//1144 1145//1145 1146//1146
f 1147//1147 1148//1148 1149//1149
f 1150//1150 1151//1151 1152//1152
f 1153//1153 1154//1154 1155//1155
f 1156//1156 1157//1157 1158//1158
f 1159//1159 1160//1160 1161//1161
f 1162//1162 1163//1163 1164//1164
f 1165//1165 1166//1166 1167//1167
f 1168//1168 1169//1169 1170//1170
f 1171//1171 1172//1172 1173//1173
f 1174//1174 1175//1175 1176//1176
f 1177//1177 1178//1178 1179//1179
f 1180//1180 1181//1181 1182//1182
f 1183//1183 1184//1184 1185//1185
f 1186//1186 1187//1187 1188//1188
f 1189//1189 1190//1190 1191//1191
f 1192//1192 1193//1193 1194//1194
f 1195//1195 1196//1196 1197//1197
f 1198//1198 1199//1199 1200//1200
f 1201//1201 1202//1202 1203//1203
f 1204//1204 1205//1205 1206//1206
f 1207//1207 1208//1208 1209//1209
f 1210//1210 1211//1211 1212//1212
f 1213//1213 1214//1214 1215//1215
f 1216//1216 1217//1217 1218//1218
f 1219//1219 1220//1220 1221//1221
f 1222//1222 1223//1223 1224//1224
f 1225//1225 1226//1226 1227//1227
f 1228//1228 1229//1229 1230//1230
f 1231//1231 1232//1232 1233//1233
f 1234//1234 1235//1235 1236//1236
f 1237//1237 1238//1238 1239//1239
f 1240//1240 1241//1241 1242//1242
f 1243//1243 1244//1244 1245//1245
f 1246//1246 1247//1247 1248//1248
f 1249//1249 1250//1250 1251//1251
f 1252//1252 1253//1253 1254//1254
f 1255//1255 1256//1256 1257//1257
f 1258//1258 1259//1259 1260//1260
f 1261//1261 1262//1262 1263//1263
f 1264//1264 1265//1265 1266//1266
f 1267//1267 1268//1268 1269//1269
f 1270//1270 1271//1271 1272//1272
f 1273//1273 1274//1274 1275//1275
f 1276//1276 1277//1277 1278//1278
f 1279//1279 1280//1280 1281//1281
f 1282//1282 1283//1283 1284//1284
f 1285//1285 1286//1286 1287//1287
f 1288//1288 1289//1289 1290//1290
f 1291//1291 1292//1292 1293//1293
f 1294//1294 1295//1295 1296//1296
f 1297//1297 1298//1298 1299//1299
f 1300//1300 1301//1301 1302//1302
f 1303//1303 1304//1304 1305//1305
f 1306//1306 1307//1307 1308//1308
f 1309//1309 1310//1310 1311//1311
f 1312//1312 1313//1313 1314//1314
f 1315//1315 1316//1316 1317//1317
f 1318//1318 1319//1319 1320//1320
f 1321//1321 1322//1322 1323//1323
f 1324//1324 1325//1325 1326//1326
f 1327//1327 1328//1328 1329//1329
f 1330//1330 1331//1331 1332//1332
f 1333//1333 1334//1334 1335//1335
f 1336//1336 1337//1337 1338//1338
f 1339//1339 1340//1340 1341//1341
f 1342//1342 1343//1343 1344//1344
f 1345//1345 1346//1346 1347//1347
f 1348//1348 1349//1349 1350//1350
f 1351//1351 1352//1352 1353//1353
f 1354//1354 1355//1355 1356//1356
f 1357//1357 1358//1358 1359//1359
f 1360//1360 1361//1361 1362//1362
f 1363//1363 1364//1364 1365//1365
f 1366//1366 1367//1367 1368//1368
f 1369//1369 1370//1370 1371//1371
f 1372//1372 1373//1373 1374//1374
f 1375//1375 1376//1376 1377//1377
f 1378//1378 1379//1379 1380//1380
f 1381//1381 1382//1382 1383//1383
f 1384//1384 1385//1385 1386//1386
f 1387//1387 1388//1388 1389//1389
f 1390//1390 1391//1391 1392//1392
f 1393//1393 1394//1394 1395//1395
f 1396//1396 1397//1397 1398//1398
f 1399//1399 1400//1400 1401//1401
f 1402//1402 1403//1403 1404//1404
f 1405//1405 1406//1406 1407//1407
f 1408//1408 1409//1409 1410//1410
f 1411//1411 1412//1412 1413//1413
f 1414//1414 1415//1415 1416//1416
f 1417//1417 1418//1418 1419//1419
f 1420//1420 1421//1421 1422//1422
f 1423//1423 1424//1424 1425//1425
f 1426//1426 1427//1427 1428//1428
f 1429//1429 1430//1430 1431//1431
f 1432//1432 1433//1433 1434//1434
f 1435//1435 1436//1436 1437//1437
f 1438//1438 1439//1439 1440//1440
f 1441//1441 1442//1442 1443//1443
f 1444//1444 1445//1445 1446//1446
f 1447//1447 1448//1448 1449//1449
f 1450//1450 1451//1451 1452//1452
f 1453//1453 1454//1454 1455//1455
f 1456//1456 1457//1457 1458//1458
f 1459//1459 1460//1460 1461//1461
f 1462//1462 1463//1463 1464//1464
f 1465//1465 1466//1466 1467//1467
f 1468//1468 1469//1469 1470//1470
f 1471//1471 1472//1472 1473//1473
f 1474//1474 1475//1475 1476//1476
f 1477//1477 1478//1478 1479//1479
f 1480//1480 1481//1481 1482//1482
f 1483//1483 1484//1484 1485//1485
f 1486//1486 1487//1487 1488//1488
f 1489//1489 1490//1490 1491//1491
f 1492//1492 1493//1493 1494//1494
f 1495//1495 1496//1496 1497//1497
f 1498//1498 1499//1499 1500//1500
f 1501//1501 1502//1502 1503//1503
f 1504//1504 1505//1505 1506//1506
f 1507//1507 1508//1508 1509//1509
f 1510//1510 1511//1511 1512//1512
f 1513//1513 1514//1514 1515//1515
f 1516//1516 1517//1517 1518//1518
f 1519//1519 1520//1520 1521//1521
f 1522//1522 1523//1523 1524//1524
f 1525//1525 1526//1526 1527//1527
f 1528//1528 1529//1529 1530//1530
f 1531//1531 1532//1532 1533//1533
f 1534//1534 1535//1535 1536//1536
f 1537//1537 1538//1538 1539//1539
f 1540//1540 1541//1541 1542//1542
f 1543//1543 1544//1544 1545//1545
f 1546//1546 1547//1547 1548//1548
f 1549//1549 1550//1550 1551//1551
f 1552//1552 1553//1553 1554//1554
f 1555//1555 1556//1556 1557//1557
f 1558//1558 1559//1559 1560//1560
f 1561//1561 1562//1562 1563//1563
f 1564//1564 1565//1565 1566//1566
f 1567//1567 1568//1568 1569//1569
f 1570//1570 1571//1571 1572//1572
f 1573//1573 1574//1574 1575//1575
f 1576//1576 1577//1577 1578//1578
f 1579//1579 1580//1580 1581//1581
f 1582//1582 1583//1583 1584//1584
f 1585//1585 1586//1586 1587//1587
f 1588//1588 1589//1589 1590//1590
f 1591//1591 1592//1592 1593//1593
f 1594//1594 1595//1595 1596//1596
f 1597//1597 1598//1598 1599//1599
f 1600//1600 1601//1601 1602//1602
f 1603//1603 1604//1604 1605//1605
f 1606//1606 1607//1607 1608//1608
f 1609//1609 1610//1610 1611//1611
f 1612//1612 1613//1613 1614//1614
f 1615//1615 1616//1616 1617//1617
f 1618//1618 1619//1619 1620//1620
f 1621//1621 1622//1622 1623//1623
f 1624//1624 1625//1625 1626//1626
f 1627//1627 1628//1628 1629//1629
f 1630//1630 1631//1631 1632//1632
f 1633//1633 1634//1634 1635//1635
f 1636//1636 1637//1637 1638//1638
f 1639//1639 1640//1640 1641//1641
f 1642//1642 1643//1643 1644//1644
f 1645//1645 1646//1646 1647//1647
f 1648//1648 1649//1649 1650//1650
f 1651//1651 1652//1652 1653//1653
f 1654//1654 1655//1655 1656//1656
f 1657//1657 1658//1658 1659//1659
f 1660//1660 1661//1661 1662//1662
f 1663//1663 1664//1664 1665//1665
f 1666//1666 1667//1667 1668//1668
f 1669//1669 1670//1670 1671//1671
f 1672//1672 1673//1673 1674//1674
f 1675//1675 1676//1676 1677//1677
f 1678//1678 1679//1679 1680//1680
f 1681//1681 1682//1682 1683//1683
f 1684//1684 1685//1685 1686//1686
f 1687//1687 1688//1688 1689//1689
f 1690//1690 1691//1691 1692//1692
f 1693//1693 1694//1694 1695//1695
f 1696//1696 1697//1697 1698//1698
f 1699//1699 1700//1700 1701//1701
f 1702//1702 1703//1703 1704//1704
f 1705//1705 1706//1706 1707//1707
f 1708//1708 1709//1709 1710//1710
f 1711//1711 1712//1712 1713//1713
f 1714//1714 1715//1715 1716//1716
f 1717//1717 1718//1718 1719//1719
f 1720//1720 1721//1721 1722//1722
f 1723//1723 1724//1724 1725//1725
f 1726//1726 1727//1727 1728//1728
f 1729//1729 1730//1730 1731//1731
f 1732//1732 1733//1733 1734//1734
f 1735//1735 1736//1736 1737//1737
f 1738//1738 1739//1739 1740//1740
f 1741//1741 1742//1742 1743//1743
f 1744//1744 1745//1745 1746//1746
f 1747//1747 1748//1748 1749//1749
f 1750//1750 1751//1751 1752//1752
f 1753//1753 1754//1754 1755//1755
f 1756//1756 1757//1757 1758//1758
f 1759//1759 1760//1760 1761//1761
f 1762//1762 1763//1763 1764//1764
f 1765//1765 1766//1766 1767//1767
f 1768//1768 1769//1769 1770//1770
f 1771//1771 1772//1772 1773//1773
f 1774//1774 1775//1775 1776//1776
f 1777//1777 1778//1778 1779//1779
f 1780//1780 1781//1781 1782//1782
f 1783//1783 1784//1784 1785//1785
f 1786//1786 1787//1787 1788//1788
f 1789//1789 1790//1790 1791//1791
f 1792//1792 1793//1793 1794//1794
f 1795//1795 1796//1796 1797//1797
f 1798//1798 1799//1799 1800//1800
f 1801//1801 1802//1802 1803//1803
f 1804//1804 1805//1805 1806//1806
f 1807//1807 1808//1808 1809//1809
f 1810//1810 1811//1811 1812//1812
f 1813//1813 1814//1814 1815//1815
f 1816//1816 1817//1817 1818//1818
f 1819//1819 1820//1820 1821//1821
f 1822//1822 1823//1823 1824//1824
f 1825//1825 1826//1826 1827//1827
f 1828//1828 1829//1829 1830//1830
f 1831//1831 1832//1832 1833//1833
f 1834//1834 1835//1835 1836//1836
f 1837//1837 1838//1838 1839//1839
f 1840//1840 1841//1841 1842//1842
f 1843//1843 1844//1844 1845//1845
f 1846//1846 1847//1847 1848//1848
f 1849//1849 1850//1850 1851//1851
f 1852//1852 1853//1853 1854//1854
f 1855//1855 1856//1856 1857//1857
f 1858//1858 1859//1859 1860//1860
f 1861//1861 1862//1862 1863//1863
f 1864//1864 1865//1865 1866//1866
f 1867//1867 1868//1868 1869//1869
f 1870//1870 1871//1871 1872//1872
f 1873//1873 1874//1874 1875//1875
f 1876//1876 1877//1877 1878//1878
f 1879//1879 1880//1880 1881//1881
f 1882//1882 1883//1883 1884//1884
f 1885//1885 1886//1886 1887//1887
f 1888//1888 1889//1889 1890//1890
f 1891//1891 1892//1892 1893//1893
f 1894//1894 1895//1895 1896//1896
f 1897//1897 1898//1898 1899//1899
f 1900//1900 1901//1901 1902//1902
f 1903//1903 1904//1904 1905//1905
f 1906//1906 1907//1907 1908//1908
f 1909//1909 1910//1910 1911//1911
f 1912//1912 1913//1913 1914//1914
f 1915//1915 1916//1916 1917//1917
f 1918//1918 1919//1919 1920//1920
f 1921//1921 1922//1922 1923//1923
f 1924//1924 1925//1925 1926//1926
f 1927//1927 1928//1928 1929//1929
f 1930//1930 1931//1931 1932//1932
f 1933//1933 1934//1934 1935//1935
f 1936//1936 1937//1937 1938//1938
f 1939//1939 1940//1940 1941//1941
f 1942//1942 1943//1943 1944//1944
f 1945//1945 1946//1946 1947//1947
f 1948//1948 1949//1949 1950//1950
f 1951//1951 1952//1952 1953//1953
f 1954//1954 1955//1955 1956//1956
f 1957//1957 1958//1958 1959//1959
f 1960//1960 1961//1961 1962//1962
f 1963//1963 1964//1964 1965//1965
f 1966//1966 1967//1967 1968//1968
f 1969//1969 1970//1970 1971//1971
f 1972//1972 1973//1973 1974//1974
f 1975//1975 1976//1976 1977//1977
f 1978//1978 1979//1979 1980//1980
f 1981//1981 1982//1982 1983//1983
f 1984//1984 1985//1985 1986//1986
f 1987//1987 1988//1988 1989//1989
f 1990//1990 1991//1991 1992//1992
f 1993//1993 1994//1994 1995//1995
f 1996//1996 1997//1997 1998//1998
f 1999//1999 2000//2000 2001//2001
f 2002//2002 2003//2003 2004//2004
f 2005//2005 2006//2006 2007//2007
f 2008//2008 2009//2009 2010//2010
f 2011//2011 2012//2012 2013//2013
f 2014//2014 2015//2015 2016//2016
f 2017//2017 2018//2018 2019//2019
f 2020//2020 2021//2021 2022//2022
f 2023//2023 2024//2024 2025//2025
f 2026//2026 2027//2027 2028//2028
f 2029//2029 2030//2030 2031//2031
f 2032//2032 2033//2033 2034//2034
f 2035//2035 2036//2036 2037//2037
f 2038//2038 2039//2039 2040//2040
f 2041//2041 2042//2042 2043//2043
f 2044//2044 2045//2045 2046//2046
f 2047//2047 2048//2048 2049//2049
f 2050//2050 2051//2051 2052//2052
f 2053//2053 2054//2054 2055//2055
f 2056//2056 2057//2057 2058//2058
f 2059//2059 2060//2060 2061//2061
f 2062//2062 2063//2063 2064//2064
f 2065//2065 2066//2066 2067//2067
f 2068//2068 2069//2069 2070//2070
f 2071//2071 2072//2072 2073//2073
f 2074//2074 2075//2075 2076//2076
f 2077//2077 2078//2078 2079//2079
f 2080//2080 2081//2081 2082//2082
f 2083//2083 2084//2084 2085//2085
f 2086//2086 2087//2087 2088//2088
f 2089//2089 2090//2090 2091//2091
f 2092//2092 2093//2093 2094//2094
f 2095//2095 2096//2096 2097//2097
f 2098//2098 2099//2099 2100//2100
f 2101//2101 2102//2102 2103//2103
f 2104//2104 2105//2105 2106//2106
f 2107//2107 2108//2108 2109//2109
f 2110//2110 2111//2111 2112//2112
f 2113//2113 2114//2114 2115//2115
f 2116//2116 2117//2117 2118//2118
f 2119//2119 2120//2120 2121//2121
f 2122//2122 2123//2123 2124//2124
f 2125//2125 2126//2126 2127//2127
f 2128//2128 2129//2129 2130//2130
f 2131//2131 2132//2132 2133//2133
f 2134//2134 2135//2135 2136//2136
f 2137//2137 2138//2138 2139//2139
f 2140//2140 2141//2141 2142//2142
f 2143//2143 2144//2144 2145//2145
f 2146//2146 2147//2147 2148//2148
f 2149//2149 2150//2150 2151//2151
f 2152//2152 2153//2153 2154//2154
f 2155//2155 2156//2156 2157//2157
f 2158//2158 2159//2159 2160//2160
f 2161//2161 2162//2162 2163//2163
f 2164//2164 2165//2165 2166//2166
f 2167//2167 2168//2168 2169//2169
f 2170//2170 2171//2171 2172//2172
f 2173//2173 2174//2174 2175//2175
f 2176//2176 2177//2177 2178//2178
f 2179//2179 2180//2180 2181//2181
f 2182//2182 2183//2183 2184//2184
f 2185//2185 2186//2186 2187//2187
f 2188//2188 2189//2189 2190//2190
f 2191//2191 2192//2192 2193//2193
f 2194//2194 2195//2195 2196//2196
f 2197//2197 2198//2198 2199//2199
f 2200//2200 2201//2201 2202//2202
f 2203//2203 2204//2204 2205//2205
f 2206//2206 2207//2207 2208//2208
f 2209//2209 2210//2210 2211//2211
f 2212//2212 2213//2213 2214//2214
f 2215//2215 2216//2216 2217//2217
f 2218//2218 2219//2219 2220//2220
f 2221//2221 2222//2222 2223//2223
f 2224//2224 2225//2225 2226//2226
f 2227//2227 2228//2228 2229//2229
f 2230//2230 2231//2231 2232//2232
f 2233//2233 2234//2234 2235//2235
f 2236//2236 2237//2237 2238//2238
f 2239//2239 2240//2240 2241//2241
f 2242//2242 2243//2243 2244//2244
f 2245//2245 2246//2246 2247//2247
f 2248//2248 2249//2249 2250//2250
f 2251//2251 2252//2252 2253//2253
f 2254//2254 2255//2255 2256//2256
f 2257//2257 2258//2258 2259//2259
f 2260//2260 2261//2261 2262//2262
f 2263//2263 2264//2264 2265//2265
f 2266//2266 2267//2267 2268//2268
f 2269//2269 2270//2270 2271//2271
f 2272//2272 2273//2273 2274//2274
f 2275//2275 2276//2276 2277//2277
f 2278//2278 2279//2279 2280//2280
f 2281//2281 2282//2282 2283//2283
f 2284//2284 2285//2285 2286//2286
f 2287//2287 2288//2288 2289//2289
f 2290//2290 2291//2291 2292//2292
f 2293//2293 2294//2294 2295//2295
f 2296//2296 2297//2297 2298//2298
f 2299//2299 2300//2300 2301//2301
f 2302//2302 2303//2303 2304//2304
f 2305//2305 2306//2306 2307//2307
f 2308//2308 2309//2309 2310//2310
f 2311//2311 2312//2312 2313//2313
f 2314//2314 2315//2315 2316//2316
f 2317//2317 2318//2318 2319//2319
f 2320//2320 2321//2321 2322//2322
f 2323//2323 2324//2324 2325//2325
f 2326//2326 2327//2327 2328//2328
f 2329//2329 2330//2330 2331//2331
f 2332//2332 2333//2333 2334//2334
f 2335//2335 2336//2336 2337//2337
f 2338//2338 2339//2339 2340//2340
f 2341//2341 2342//2342 2343//2343
f 2344//2344 2345//2345 2346//2346
f 2347//2347 2348//2348 2349//2349
f 2350//2350 2351//2351 2352//2352
f 2353//2353 2354//2354 2355//2355
f 2356//2356 2357//2357 2358//2358
f 2359//2359 2360//2360 2361//2361
f 2362//2362 2363//2363 2364//2364
f 2365//2365 2366//2366 2367//2367
f 2368//2368 2369//2369 2370//2370
f 2371//2371 2372//2372 2373//2373
f 2374//2374 2375//2375 2376//2376
f 2377//2377 2378//2378 2379//2379
f 2380//2380 2381//2381 2382//2382
f 2383//2383 2384//2384 2385//2385
f 2386//2386 2387//2387 2388//2388
f 2389//2389 2390//2390 2391//2391
f 2392//2392 2393//2393 2394//2394
f 2395//2395 2396//2396 2397//2397
f 2398//2398 2399//2399 2400//2400
f 2401//2401 2402//2402 2403//2403
f 2404//2404 2405//2405 2406//2406
f 2407//2407 2408//2408 2409//2409
f 2410//2410 2411//2411 2412//2412
f 2413//2413 2414//2414 2415//2415
f 2416//2416 2417//2417 2418//2418
f 2419//2419 2420//2420 2421//2421
f 2422//2422 2423//2423 2424//2424
f 2425//2425 2426//2426 2427//2427
f 2428//2428 2429//2429 2430//2430
f 2431//2431 2432//2432 2433//2433
f 2434//2434 2435//2435 2436//2436
f 2437//2437 2438//2438 2439//2439
f 2440//2440 2441//2441 2442//2442
f 2443//2443 2444//2444 2445//2445
f 2446//2446 2447//2447 2448//2448
f 2449//2449 2450//2450 2451//2451
f 2452//2452 2453//2453 2454//2454
f 2455//2455 2456//2456 2457//2457
f 2458//2458 2459//2459 2460//2460
f 2461//2461 2462//2462 2463//2463
f 2464//2464 2465//2465 2466//2466
f 2467//2467 2468//2468 2469//2469
f 2470//2470 2471//2471 2472//2472
f 2473//2473 2474//2474 2475//2475
f 2476//2476 2477//2477 2478//2478
f 2479//2479 2480//2480 2481//2481
f 2482//2482 2483//2483 2484//2484
f 2485//2485 2486//2486 2487//2487
f 2488//2488 2489//2489 2490//2490
f 2491//2491 2492//2492 2493//2493
f 2494//2494 2495//2495 2496//2496
f 2497//2497 2498//2498 2499//2499
f 2500//2500 2501//2501 2502//2502
f 2503//2503 2504//2504 2505//2505
f 2506//2506 2507//2507 2508//2508
f 2509//2509 2510//2510 2511//2511
f 2512//2512 2513//2513 2514//2514
f 2515//2515 2516//2516 2517//2517
f 2518//2518 2519//2519 2520//2520
f 2521//2521 2522//2522 2523//2523
f 2524//2524 2525//2525 2526//2526
f 2527//2527 2528//2528 2529//2529
f 2530//2530 2531//2531 2532//2532
f 2533//2533 2534//2534 2535//2535
f 2536//2536 2537//2537 2538//2538
f 2539//2539 2540//2540 2541//2541
f 2542//2542 2543//2543 2544//2544
f 2545//2545 2546//2546 2547//2547
f 2548//2548 2549//2549 2550//2550
f 2551//2551 2552//2552 2553//2553
f 2554//2554 2555//2555 2556//2556
f 2557//2557 2558//2558 2559//2559
f 2560//2560 2561//2561 2562//2562
f 2563//2563 2564//2564 2565//2565
f 2566//2566 2567//2567 2568//2568
f 2569//2569 2570//2570 2571//2571
f 2572//2572 2573//2573 2574//2574
f 2575//2575 2576//2576 2577//2577
f 2578//2578 2579//2579 2580//2580
f 2581//2581 2582//2582 2583//2583
f 2584//2584 2585//2585 2586//2586
f 2587//2587 2588//2588 2589//2589
f 2590//2590 2591//2591 2592//2592
f 2593//2593 2594//2594 2595//2595
f 2596//2596 2597//2597 2598//2598
f 2599//2599 2600//2600 2601//2601
f 2602//2602 2603//2603 2604//2604
f 2605//2605 2606//2606 2607//2607
f 2608//2608 2609//2609 2610//2610
f 2611//2611 2612//2612 2613//2613
f 2614//2614 2615//2615 2616//2616
f 2617//2617 2618//2618 2619//2619
f 2620//2620 2621//2621 2622//2622
f 2623//2623 2624//2624 2625//2625
f 2626//2626 2627//2627 2628//2628
f 2629//2629 2630//2630 2631//2631
f 2632//2632 2633//2633 2634//2634
f 2635//2635 2636//2636 2637//2637
f 2638//2638 2639//2639 2640//2640
f 2641//2641 2642//2642 2643//2643
f 2644//2644 2645//2645 2646//2646
f 2647//2647 2648//2648 2649//2649
f 2650//2650 2651//2651 2652//2652
f 2653//2653 2654//2654 2655//2655
f 2656//2656 2657//2657 2658//2658
f 2659//2659 2660//2660 2661//2661
f 2662//2662 2663//2663 2664//2664
f 2665//2665 2666//2666 2667//2667
f 2668//2668 2669//2669 2670//2670
f 2671//2671 2672//2672 2673//2673
f 2674//2674 2675//2675 2676//2676
f 2677//2677 2678//2678 2679//2679
f 2680//2680 2681//2681 2682//2682
f 2683//2683 2684//2684 2685//2685
f 2686//2686 2687//2687 2688//2688
f 2689//2689 2690//2690 2691//2691
f 2692//2692 2693//2693 2694//2694
f 2695//2695 2696//2696 2697//2697
f 2698//2698 2699//2699 2700//2700
f 2701//2701 2702//2702 2703//2703
f 2704//2704 2705//2705 2706//2706
f 2707//2707 2708//2708 2709//2709
f 2710//2710 2711//2711 2712//2712
f 2713//2713 2714//2714 2715//2715
f 2716//2716 2717//2717 2718//2718
f 2719//2719 2720//2720 2721//2721
f 2722//2722 2723//2723 2724//2724
f 2725//2725 2726//2726 2727//2727
f 2728//2728 2729//2729 2730//2730
f 2731//2731 2732//2732 2733//2733
f 2734//2734 2735//2735 2736//2736
f 2737//2737 2738//2738 2739//2739
f 2740//2740 2741//2741 2742//2742
f 2743//2743 2744//2744 2745//2745
f 2746//2746 2747//2747 2748//2748
f 2749//2749 2750//2750 2751//2751
f 2752//2752 2753//2753 2754//2754
f 2755//2755 2756//2756 2757//2757
f 2758//2758 2759//2759 2760//2760
f 2761//2761 2762//2762 2763//2763
f 2764//2764 2765//2765 2766//2766
f 2767//2767 2768//2768 2769//2769
f 2770//2770 2771//2771 2772//2772
f 2773//2773 2774//2774 2775//2775
f 2776//2776 2777//2777 2778//2778
f 2779//2779 2780//2780 2781//2781
f 2782//2782 2783//2783 2784//2784
f 2785//2785 2786//2786 2787//2787
f 2788//2788 2789//2789 2790//2790
f 2791//2791 2792//2792 2793//2793
f 2794//2794 2795//2795 2796//2796
f 2797//2797 2798//2798 2799//2799
f 2800//2800 2801//2801 2802//2802
f 2803//2803 2804//2804 2805//2805
f 2806//2806 2807//2807 2808//2808
f 2809//2809 2810//2810 2811//2811
f 2812//2812 2813//2813 2814//2814
f 2815//2815 2816//2816 2817//2817
f 2818//2818 2819//2819 2820//2820
f 2821//2821 2822//2822 2823//2823
f 2824//2824 2825//2825 2826//2826
f 2827//2827 2828//2828 2829//2829
f 2830//2830 2831//2831 2832//2832
f 2833//2833 2834//2834 2835//2835
f 2836//2836 2837//2837 2838//2838
f 2839//2839 2840//2840 2841//2841
f 2842//2842 2843//2843 2844//2844
f 2845//2845 2846//2846 2847//2847
f 2848//2848 2849//2849 2850//2850
f 2851//2851 2852//2852 2853//2853
f 2854//2854 2855//2855 2856//2856
f 2857//2857 2858//2858 2859//2859
f 2860//2860 2861//2861 2862//2862
f 2863//2863 2864//2864 2865//2865
f 2866//2866 2867//2867 2868//2868
f 2869//2869 2870//2870 2871//2871
f 2872//2872 2873//2873 2874//2874
f 2875//2875 2876//2876 2877//2877
f 2878//2878 2879//2879 2880//2880
f 2881//2881 2882//2882 2883//2883
f 2884//2884 2885//2885 2886//2886
f 2887//2887 2888//2888 2889//2889
f 2890//2890 2891//2891 2892//2892
f 2893//2893 2894//2894 2895//2895
f 2896//2896 2897//2897 2898//2898
f 2899//2899 2900//2900 2901//2901
f 2902//2902 2903//2903 2904//2904
f 2905//2905 2906//2906 2907//2907
f 2908//2908 2909//2909 2910//2910
f 2911//2911 2912//2912 2913//2913
f 2914//2914 2915//2915 2916//2916
f 2917//2917 2918//2918 2919//2919
f 2920//2920 2921//2921 2922//2922
f 2923//2923 2924//2924 2925//2925
f 2926//2926 2927//2927 2928//2928
f 2929//2929 2930//2930 2931//2931
f 2932//2932 2933//2933 2934//2934
f 2935//2935 2936//2936 2937//2937
f 2938//2938 2939//2939 2940//2940
f 2941//2941 2942//2942 2943//2943
f 2944//2944 2945//2945 2946//2946
f 2947//2947 2948//2948 2949//2949
f 2950//2950 2951//2951 2952//2952
f 2953//2953 2954//2954 2955//2955
f 2956//2956 2957//2957 2958//2958
f 2959//2959 2960//2960 2961//2961
f 2962//2962 2963//2963 2964//2964
f 2965//2965 2966//2966 2967//2967
f 2968//2968 2969//2969 2970//2970
f 2971//2971 2972//2972 2973//2973
f 2974//2974 2975//2975 2976//2976
f 2977//2977 2978//2978 2979//2979
f 2980//2980 2981//2981 2982//2982
f 2983//2983 2984//2984 2985//2985
f 2986//2986 2987//2987 2988//2988
f 2989//2989 2990//2990 2991//2991
f 2992//2992 2993//2993 2994//2994
f 2995//2995 2996//2996 2997//2997
f 2998//2998 2999//2999 3000//3000
f 3001//3001 3002//3002 3003//3003
f 3004//3004 3005//3005 3006//3006
f 3007//3007 3008//3008 3009//3009
f 3010//3010 3011//3011 3012//3012
f 3013//3013 3014//3014 3015//3015
f 3016//3016 3017//3017 3018//3018
f 3019//3019 3020//3020 3021//3021
f 3022//3022 3023//3023 3024//3024
f 3025//3025 3026//3026 3027//3027
f 3028//3028 3029//3029 3030//3030
f 3031//3031 3032//3032 3033//3033
f 3034//3034 3035//3035 3036//3036
f 3037//3037 3038//3038 3039//3039
f 3040//3040 3041//3041 3042//3042
f 3043//3043 3044//3044 3045//3045
f 3046//3046 3047//3047 3048//3048
f 3049//3049 3050//3050 3051//3051
f 3052//3052 3053//3053 3054//3054
f 3055//3055 3056//3056 3057//3057
f 3058//3058 3059//3059 3060//3060
f 3061//3061 3062//3062 3063//3063
f 3064//3064 3065//3065 3066//3066
f 3067//3067 3068//3068 3069//3069
f 3070//3070 3071//3071 3072//3072
f 3073//3073 3074//3074 3075//3075
f 3076//3076 3077//3077 3078//3078
f 3079//3079 3080//3080 3081//3081
f 3082//3082 3083//3083 3084//3084
f 3085//3085 3086//3086 3087//3087
f 3088//3088 3089//3089 3090//3090
f 3091//3091 3092//3092 3093//3093
f 3094//3094 3095//3095 3096//3096
f 3097//3097 3098//3098 3099//3099
f 3100//3100 3101//3101 3102//3102
f 3103//3103 3104//3104 3105//3105
f 3106//3106 3107//3107 3108//3108
f 3109//3109 3110//3110 3111//3111
f 3112//3112 3113//3113 3114//3114
f 3115//3115 3116//3116 3117//3117
f 3118//3118 3119//3119 3120//3120
f 3121//3121 3122//3122 3123//3123
f 3124//3124 3125//3125 3126//3126
f 3127//3127 3128//3128 3129//3129
f 3130//3130 3131//3131 3132//3132
f 3133//3133 3134//3134 3135//3135
f 3136//3136 3137//3137 3138//3138
f 3139//3139 3140//3140 3141//3141
f 3142//3142 3143//3143 3144//3144
f 3145//3145 3146//3146 3147//3147
f 3148//3148 3149//3149 3150//3150
f 3151//3151 3152//3152 3153//3153
f 3154//3154 3155//3155 3156//3156
f 3157//3157 3158//3158 3159//3159
f 3160//3160 3161//3161 3162//3162
f 3163//3163 3164//3164 3165//3165
f 3166//3166 3167//3167 3168//3168
f 3169//3169 3170//3170 3171//3171
f 3172//3172 3173//3173 3174//3174
f 3175//3175 3176//3176 3177//3177
f 3178//3178 3179//3179 3180//3180
f 3181//3181 3182//3182 3183//3183
f 3184//3184 3185//3185 3186//3186
f 3187//3187 3188//3188 3189//3189
f 3190//3190 3191//3191 3192//3192
f 3193//3193 3194//3194 3195//3195
f 3196//3196 3197//3197 3198//3198
f 3199//3199 3200//3200 3201//3201
f 3202//3202 3203//3203 3204//3204
f 3205//3205 3206//3206 3207//3207
f 3208//3208 3209//3209 3210//3210
f 3211//3211 3212//3212 3213//3213
f 3214//3214 3215//3215 3216//3216
f 3217//3217 3218//3218 3219//3219
f 3220//3220 3221//3221 3222//3222
f 3223//3223 3224//3224 3225//3225
f 3226//3226 3227//3227 3228//3228
f 3229//3229 3230//3230 3231//3231
f 3232//3232 3233//3233 3234//3234
f 3235//3235 3236//3236 3237//3237
f 3238//3238 3239//3239 3240//3240
f 3241//3241 3242//3242 3243//3243
f 3244//3244 3245//3245 3246//3246
f 3247//3247 3248//3248 3249//3249
f 3250//3250 3251//3251 3252//3252
f 3253//3253 3254//3254 3255//3255
f 3256//3256 3257//3257 3258//3258
f 3259//3259 3260//3260 3261//3261
f 3262//3262 3263//3263 3264//3264
f 3265//3265 3266//3266 3267//3267
f 3268//3268 3269//3269 3270//3270
f 3271//3271 3272//3272 3273//3273
f 3274//3274 3275//3275 3276//3276
f 3277//3277 3278//3278 3279//3279
f 3280//3280 3281//3281 3282//3282
f 3283//3283 3284//3284 3285//3285
f 3286//3286 3287//3287 3288//3288
f 3289//3289 3290//3290 3291//3291
f 3292//3292 3293//3293 3294//3294
f 3295//3295 3296//3296 3297//3297
f 3298//3298 3299//3299 3300//3300
f 3301//3301 3302//3302 3303//3303
f 3304//3304 3305//3305 3306//3306
f 3307//3307 3308//3308 3309//3309
f 3310//3310 3311//3311 3312//3312
f 3313//3313 3314//3314 3315//3315
f 3316//3316 3317//3317 3318//3318
f 3319//3319 3320//3320 3321//3321
f 3322//3322 3323//3323 3324//3324
f 3325//3325 3326//3326 3327//3327
f 3328//3328 3329//3329 3330//3330
f 3331//3331 3332//3332 3333//3333
f 3334//3334 3335//3335 3336//3336
f 3337//3337 3338//3338 3339//3339
f 3340//3340 3341//3341 3342//3342
f 3343//3343 3344//3344 3345//3345
f 3346//3346 3347//3347 3348//3348
f 3349//3349 3350//3350 3351//3351
f 3352//3352 3353//3353 3354//3354
f 3355//3355 3356//3356 3357//3357
f 3358//3358 3359//3359 3360//3360
f 3361//3361 3362//3362 3363//3363
f 3364//3364 3365//3365 3366//3366
f 3367//3367 3368//3368 3369//3369
f 3370//3370 3371//3371 3372//3372
f 3373//3373 3374//3374 3375//3375
f 3376//3376 3377//3377 3378//3378
f 3379//3379 3380//3380 3381//3381
f 3382//3382 3383//3383 3384//3384
f 3385//3385 3386//3386 3387//3387
f 3388//3388 3389//3389 3390//3390
f 3391//3391 3392//3392 3393//3393
f 3394//3394 3395//3395 3396//3396
f 3397//3397 3398//3398 3399//3399
f 3400//3400 3401//3401 3402//3402
f 3403//3403 3404//3404 3405//3405
f 3406//3406 3407//3407 3408//3408
f 3409//3409 3410//3410 3411//3411
f 3412//3412 3413//3413 3414//3414
f 3415//3415 3416//3416 3417//3417
f 3418//3418 3419//3419 3420//3420
f 3421//3421 3422//3422 3423//3423
f 3424//3424 3425//3425 3426//3426
f 3427//3427 3428//3428 3429//3429
f 3430//3430 3431//3431 3432//3432
f 3433//3433 3434//3434 3435//3435
f 3436//3436 3437//3437 3438//3438
f 3439//3439 3440//3440 3441//3441
f 3442//3442 3443//3443 3444//3444
f 3445//3445 3446//3446 3447//3447
f 3448//3448 3449//3449 3450//3450
f 3451//3451 3452//3452 3453//3453
f 3454//3454 3455//3455 3456//3456
f 3457//3457 3458//3458 3459//3459
f 3460//3460 3461//3461 3462//3462
f 3463//3463 3464//3464 3465//3465
f 3466//3466 3467//3467 3468//3468
f 3469//3469 3470//3470 3471//3471
f 3472//3472 3473//3473 3474//3474
f 3475//3475 3476//3476 3477//3477
f 3478//3478 3479//3479 3480//3480
f 3481//3481 3482//3482 3483//3483
f 3484//3484 3485//3485 3486//3486
f 3487//3487 3488//3488 3489//3489
f 3490//3490 3491//3491 3492//3492
f 3493//3493 3494//3494 3495//3495
f 3496//3496 3497//3497 3498//3498
f 3499//3499 3500//3500 3501//3501
f 3502//3502 3503//3503 3504//3504
f 3505//3505 3506//3506 3507//3507
f 3508//3508 3509//3509 3510//3510
f 3511//3511 3512//3512 3513//3513
f 3514//3514 3515//3515 3516//3516
f 3517//3517 3518//3518 3519//3519
f 3520//3520 3521//3521 3522//3522
f 3523//3523 3524//3524 3525//3525
f 3526//3526 3527//3527 3528//3528
f 3529//3529 3530//3530 3531//3531
f 3532//3532 3533//3533 3534//3534
f 3535//3535 3536//3536 3537//3537
f 3538//3538 3539//3539 3540//3540
f 3541//3541 3542//3542 3543//3543
f 3544//3544 3545//3545 3546//3546
f 3547//3547 3548//3548 3549//3549
f 3550//3550 3551//3551 3552//3552
f 3553//3553 3554//3554 3555//3555
f 3556//3556 3557//3557 3558//3558
f 3559//3559 3560//3560 3561//3561
f 3562//3562 3563//3563 3564//3564
f 3565//3565 3566//3566 3567//3567
f 3568//3568 3569//3569 3570//3570
f 3571//3571 3572//3572 3573//3573
f 3574//3574 3575//3575 3576//3576
f 3577//3577 3578//3578 3579//3579
f 3580//3580 3581//3581 3582//3582
f 3583//3583 3584//3584 3585//3585
f 3586//3586 3587//3587 3588//3588
f 3589//3589 3590//3590 3591//3591
f 3592//3592 3593//3593 3594//3594
f 3595//3595 3596//3596 3597//3597
f 3598//3598 3599//3599 3600//3600
f 3601//3601 3602//3602 3603//3603
f 3604//3604 3605//3605 3606//3606
f 3607//3607 3608//3608 3609//3609
f 3610//3610 3611//3611 3612//3612
f 3613//3613 3614//3614 3615//3615
f 3616//3616 3617//3617 3618//3618
f 3619//3619 3620//3620 3621//3621
f 3622//3622 3623//3623 3624//3624
f 3625//3625 3626//3626 3627//3627
f 3628//3628 3629//3629 3630//3630
f 3631//3631 3632//3632 3633//3633
f 3634//3634 3635//3635 3636//3636
f 3637//3637 3638//3638 3639//3639
f 3640//3640 3641//3641 3642//3642
f 3643//3643 3644//3644 3645//3645
f 3646//3646 3647//3647 3648//3648
f 3649//3649 3650//3650 3651//3651
f 3652//3652 3653//3653 3654//3654
f 3655//3655 3656//3656 3657//3657
f 3658//3658 3659//3659 3660//3660
f 3661//3661 3662//3662 3663//3663
f 3664//3664 3665//3665 3666//3666
f 3667//3667 3668//3668 3669//3669
f 3670//3670 3671//3671 3672//3672
f 3673//3673 3674//3674 3675//3675
f 3676//3676 3677//3677 3678//3678
f 3679//3679 3680//3680 3681//3681
f 3682//3682 3683//3683 3684//3684
f 3685//3685 3686//3686 3687//3687
f 3688//3688 3689//3689 3690//3690
f 3691//3691 3692//3692 3693//3693
f 3694//3694 3695//3695 3696//3696
f 3697//3697 3698//3698 3699//3699
f 3700//3700 3701//3701 3702//3702
f 3703//3703 3704//3704 3705//3705
f 3706//3706 3707//3707 3708//3708
f 3709//3709 3710//3710 3711//3711
f 3712//3712 3713//3713 3714//3714
f 3715//3715 3716//3716 3717//3717
f 3718//3718 3719//3719 3720//3720
f 3721//3721 3722//3722 3723//3723
f 3724//3724 3725//3725 3726//3726
f 3727//3727 3728//3728 3729//3729
f 3730//3730 3731//3731 3732//3732
f 3733//3733 3734//3734 3735//3735
f 3736//3736 3737//3737 3738//3738
f 3739//3739 3740//3740 3741//3741
f 3742//3742 3743//3743 3744//3744
f 3745//3745 3746//3746 3747//3747
f 3748//3748 3749//3749 3750//3750
f 3751//3751 3752//3752 3753//3753
f 3754//3754 3755//3755 3756//3756
f 3757//3757 3758//3758 3759//3759
f 3760//3760 3761//3761 3762//3762
f 3763//3763 3764//3764 3765//3765
f 3766//3766 3767//3767 3768//3768
f 3769//3769 3770//3770 3771//3771
f 3772//3772 3773//3773 3774//3774
f 3775//3775 3776//3776 3777//3777
f 3778//3778 3779//3779 3780//3780
f 3781//3781 3782//3782 3783//3783
f 3784//3784 3785//3785 3786//3786
f 3787//3787 3788//3788 3789//3789
f 3790//3790 3791//3791 3792//3792
f 3793//3793 3794//3794 3795//3795
f 3796//3796 3797//3797 3798//3798
