# Blender v2.79 (sub 0) OBJ File: ''
# www.blender.org
mtllib castle.mtl
o Castle
v -0.226798 0.084645 1.240363
v -0.133912 0.119847 1.240363
v -0.133912 0.334165 1.240363
v -0.290133 0.188047 1.240363
v -0.290133 0.151789 1.240363
v -0.226798 0.151789 1.240363
v -0.133912 0.460080 1.184193
v -0.282439 0.314198 1.240363
v -0.133912 0.460080 1.240363
v -0.311525 0.286902 1.262078
v -0.140204 0.447142 1.262078
v -0.065649 0.389168 1.240363
v -0.065649 0.441394 1.262078
v -0.140204 0.381076 1.262078
v -0.311525 0.220835 1.200479
v -0.311525 0.220835 1.262078
v -0.311525 0.286902 1.200479
v -0.065649 0.507460 1.262078
v -0.290133 0.188047 1.184193
v -0.158348 0.466540 1.262078
v -0.152055 0.479478 1.240363
v -0.065649 0.515082 1.240363
v -0.093250 0.534480 1.240363
v -0.093859 0.526858 1.262078
v -0.065649 0.142133 1.240363
v -0.133912 0.119847 1.206115
v -0.065649 0.142133 1.206115
v -0.133912 0.075104 1.240363
v -0.133912 0.077070 1.206129
v -0.093250 0.534480 1.184193
v -0.152055 0.479478 1.184192
v -0.133912 0.460080 1.016275
v -0.133912 0.460080 1.071852
v -0.152055 0.479478 1.071852
v -0.152055 0.479478 1.016275
v -0.133912 0.460080 1.128022
v -0.152055 0.479478 1.128022
v -0.065649 0.515082 1.184192
v -0.065649 0.515082 1.128022
v -0.093250 0.534480 1.128022
v -0.065649 0.515082 1.071852
v -0.093250 0.534480 1.071852
v -0.065649 0.515082 1.016275
v -0.093250 0.534480 1.016275
v -0.290133 0.188047 1.016275
v -0.290133 0.188047 1.071852
v -0.311525 0.220835 1.077281
v -0.311525 0.220835 1.016275
v -0.290133 0.188047 1.128022
v -0.311525 0.220835 1.138880
v -0.282439 0.314198 1.184193
v -0.282439 0.314198 1.128022
v -0.311525 0.286902 1.138880
v -0.282439 0.314198 1.071852
v -0.311525 0.286902 1.077281
v -0.282439 0.314198 1.016275
v -0.311525 0.286902 1.016275
v -0.118522 0.460553 1.184193
v -0.118522 0.460553 1.128022
v -0.118522 0.460553 1.071852
v -0.118522 0.460553 1.016275
v 0.002614 0.334165 1.240363
v 0.002614 0.119847 1.240363
v 0.120675 0.075104 1.240363
v 0.150332 0.075104 1.240363
v 0.150331 0.151789 1.240363
v 0.158835 0.151789 1.240363
v 0.158835 0.188047 1.240363
v 0.002614 0.460080 1.184193
v 0.002614 0.460080 1.240363
v 0.151141 0.314198 1.240363
v 0.008906 0.447142 1.262078
v 0.180227 0.286902 1.262078
v 0.008906 0.381076 1.262078
v 0.180227 0.220835 1.200479
v 0.180227 0.286902 1.200479
v 0.180227 0.220835 1.262078
v 0.158835 0.188047 1.184192
v 0.020757 0.479478 1.240363
v 0.027050 0.466540 1.262078
v -0.037439 0.526858 1.262078
v -0.038048 0.534480 1.240363
v 0.002614 0.119847 1.206115
v 0.002614 0.077070 1.206129
v 0.002614 0.075104 1.240363
v -0.038048 0.534480 1.184192
v 0.020757 0.479478 1.184193
v 0.002614 0.460080 1.016275
v 0.020757 0.479478 1.016275
v 0.020757 0.479478 1.071852
v 0.002614 0.460080 1.071852
v 0.020757 0.479478 1.128022
v 0.002614 0.460080 1.128022
v -0.038048 0.534480 1.128022
v -0.038048 0.534480 1.071852
v -0.038048 0.534480 1.016275
v 0.158835 0.188047 1.016275
v 0.180227 0.220835 1.016275
v 0.180227 0.220835 1.077280
v 0.158835 0.188047 1.071852
v 0.180227 0.220835 1.138880
v 0.158835 0.188047 1.128022
v 0.151141 0.314198 1.184193
v 0.180227 0.286902 1.138880
v 0.151141 0.314198 1.128022
v 0.180227 0.286902 1.077280
v 0.151141 0.314198 1.071852
v 0.180227 0.286902 1.016275
v 0.151141 0.314198 1.016275
v -0.012776 0.460553 1.184193
v -0.012776 0.460553 1.128022
v -0.012776 0.460553 1.071852
v -0.012776 0.460553 1.016275
v -0.133912 0.334165 0.792187
v -0.133912 0.119847 0.792187
v -0.189886 0.098634 0.792187
v -0.199113 0.098634 0.792187
v -0.290133 0.098634 0.792187
v -0.290133 0.188047 0.792187
v -0.133912 0.460080 0.848357
v -0.133912 0.460080 0.792187
v -0.282439 0.314198 0.792187
v -0.140204 0.447142 0.770472
v -0.311525 0.286902 0.770472
v -0.140204 0.381076 0.770472
v -0.065649 0.441394 0.770472
v -0.065649 0.389168 0.792187
v -0.311525 0.220835 0.832071
v -0.311525 0.286902 0.832071
v -0.311525 0.220835 0.770472
v -0.065649 0.507460 0.770472
v -0.290133 0.188047 0.848357
v -0.152055 0.479478 0.792187
v -0.158348 0.466540 0.770472
v -0.093859 0.526858 0.770472
v -0.093250 0.534480 0.792187
v -0.065649 0.515082 0.792187
v -0.065649 0.142133 0.792187
v -0.065649 0.142133 0.826435
v -0.133912 0.119847 0.826434
v -0.133912 0.097194 0.826427
v -0.133912 0.098634 0.792187
v -0.093250 0.534480 0.848357
v -0.152055 0.479478 0.848357
v -0.152055 0.479478 0.960698
v -0.133912 0.460080 0.960698
v -0.152055 0.479478 0.904528
v -0.133912 0.460080 0.904528
v -0.065649 0.515082 0.848357
v -0.093250 0.534480 0.904528
v -0.065649 0.515082 0.904528
v -0.093250 0.534480 0.960698
v -0.065649 0.515082 0.960698
v -0.311525 0.220835 0.955269
v -0.290133 0.188047 0.960698
v -0.311525 0.220835 0.893670
v -0.290133 0.188047 0.904528
v -0.282439 0.314198 0.848357
v -0.311525 0.286902 0.893670
v -0.282439 0.314198 0.904528
v -0.311525 0.286902 0.955269
v -0.282439 0.314198 0.960698
v -0.118522 0.460553 0.848357
v -0.118522 0.460553 0.904528
v -0.118522 0.460553 0.960698
v 0.058589 0.098634 0.792187
v 0.002614 0.119847 0.792187
v 0.002614 0.334165 0.792187
v 0.158835 0.188047 0.792187
v 0.158835 0.098634 0.792187
v 0.122646 0.098634 0.792187
v 0.002614 0.460080 0.848357
v 0.151141 0.314198 0.792187
v 0.002614 0.460080 0.792187
v 0.180227 0.286902 0.770472
v 0.008906 0.447142 0.770472
v 0.008906 0.381076 0.770472
v 0.180227 0.220835 0.832071
v 0.180227 0.220835 0.770472
v 0.180227 0.286902 0.832071
v 0.158835 0.188047 0.848357
v 0.027050 0.466540 0.770472
v 0.020757 0.479478 0.792187
v -0.038048 0.534480 0.792187
v -0.037439 0.526858 0.770472
v 0.002614 0.119847 0.826435
v 0.002614 0.098634 0.792187
v 0.002614 0.097194 0.826427
v -0.038048 0.534480 0.848357
v 0.020757 0.479478 0.848357
v 0.002614 0.460080 0.960698
v 0.020757 0.479478 0.960698
v 0.002614 0.460080 0.904528
v 0.020757 0.479478 0.904528
v -0.038048 0.534480 0.904528
v -0.038048 0.534480 0.960698
v 0.158835 0.188047 0.960698
v 0.180227 0.220835 0.955269
v 0.158835 0.188047 0.904528
v 0.180227 0.220835 0.893670
v 0.151141 0.314198 0.848357
v 0.151141 0.314198 0.904528
v 0.180227 0.286902 0.893670
v 0.151141 0.314198 0.960698
v 0.180227 0.286902 0.955269
v -0.012776 0.460553 0.848357
v -0.012776 0.460553 0.904528
v -0.012776 0.460553 0.960698
v -0.674521 0.203732 -0.429889
v -0.574646 0.203732 -0.429889
v -0.633825 0.094099 -0.541510
v -0.642766 0.101464 -0.534011
v -0.674520 0.100401 -0.535093
v -0.713131 0.099220 -0.532066
v -0.713131 0.187324 -0.437870
v -0.713131 0.103531 -0.437870
v -0.713131 0.180033 -0.343310
v -0.713131 0.263826 -0.343310
v -0.713131 0.211926 -0.460881
v -0.674521 0.228335 -0.452900
v -0.674521 0.273493 -0.343310
v -0.674521 0.298095 -0.378316
v -0.713131 0.288429 -0.379089
v -0.574646 0.298095 -0.378317
v -0.574646 0.228335 -0.452900
v -0.276079 0.203732 -0.429889
v -0.374898 0.203732 -0.429889
v -0.374898 0.228335 -0.452900
v -0.276079 0.228335 -0.452900
v -0.474772 0.203732 -0.429889
v -0.474772 0.228335 -0.452900
v -0.574646 0.273493 -0.343310
v -0.474772 0.273493 -0.343310
v -0.474772 0.298095 -0.378317
v -0.374898 0.273493 -0.343310
v -0.374898 0.298095 -0.378317
v -0.276079 0.273493 -0.343310
v -0.276079 0.298095 -0.378317
v -0.474772 0.018708 -0.618267
v -0.374898 0.018708 -0.618267
v -0.380368 -0.000911 -0.639173
v -0.455827 -0.000911 -0.639173
v -0.450414 -0.015912 -0.655158
v -0.494078 -0.015912 -0.655158
v -0.276079 0.018708 -0.618267
v -0.276079 -0.000911 -0.639173
v -0.564690 0.037154 -0.599488
v -0.574646 0.045355 -0.591138
v -0.574646 0.044123 -0.589803
v -0.574646 0.204333 -0.410369
v -0.474772 0.204333 -0.410369
v -0.374898 0.204333 -0.410369
v -0.542296 0.018708 -0.618267
v -0.565035 0.036572 -0.598260
v -0.276079 0.203821 -0.426998
v -0.298726 0.161415 -0.470309
v -0.302456 0.154785 -0.465862
v -0.574646 0.203732 -0.256732
v -0.674520 0.203732 -0.256732
v -0.674520 0.018708 -0.068353
v -0.713131 0.187324 -0.248750
v -0.713131 -0.015912 -0.031462
v -0.674520 0.044034 -0.256732
v -0.713131 0.103531 -0.248750
v -0.674521 0.113794 -0.343310
v -0.603604 -0.099705 -0.031462
v -0.603604 -0.015912 -0.031462
v -0.713131 -0.099705 -0.031462
v -0.674521 0.228335 -0.233720
v -0.713131 0.211926 -0.225739
v -0.674520 -0.141290 -0.058593
v -0.713131 0.288429 -0.307531
v -0.674521 0.298095 -0.308304
v -0.574646 0.298095 -0.308304
v -0.574646 0.228335 -0.233720
v -0.474772 0.203732 -0.256732
v -0.474772 0.228335 -0.233720
v -0.474772 0.298095 -0.308304
v -0.374898 0.298095 -0.308304
v -0.276079 0.298095 -0.308304
v -0.276079 0.282114 -0.291218
v -0.374898 0.240227 -0.246434
v -0.342235 0.254072 -0.261237
v -0.344303 0.255695 -0.262972
v -0.324178 0.264735 -0.272637
v -0.322663 0.262368 -0.270106
v -0.402953 0.228335 -0.233720
v -0.617392 0.018708 -0.068353
v -0.585790 0.005386 -0.054156
v -0.617642 0.012822 -0.062080
v -0.492401 0.171075 -0.223482
v -0.574646 0.090532 -0.141479
v -0.570890 0.094929 -0.145956
v -0.514090 0.161415 -0.213647
v -0.574646 0.204333 -0.276251
v -0.574646 0.084000 -0.141479
v -0.474772 0.204333 -0.276251
v -0.474772 0.173051 -0.241215
v -0.474772 0.178926 -0.231475
v -0.496655 0.163662 -0.230700
v -0.495540 0.164141 -0.231236
v -0.273777 0.203732 -0.429889
v -0.219038 0.228335 -0.452900
v -0.242630 0.217836 -0.443080
v -0.242928 0.218103 -0.443330
v -0.245143 0.217055 -0.442350
v -0.244810 0.216866 -0.442172
v -0.257213 0.211346 -0.437009
v -0.191164 0.298095 -0.378317
v -0.204354 0.267561 -0.410962
v -0.190925 0.278100 -0.399694
v -0.274931 0.201583 -0.432077
v -0.239540 0.297602 -0.307777
v -0.238377 0.298095 -0.308304
v -0.068265 -0.294568 0.539773
v 0.107942 -0.227789 0.539773
v 0.107942 0.044034 0.539773
v -0.090197 -0.141290 0.539773
v -0.090197 -0.294568 0.539773
v 0.107942 0.203732 0.539773
v 0.107942 0.203732 0.439899
v 0.079293 0.175594 0.455088
v 0.064857 0.161415 0.495799
v 0.045756 0.142654 0.518562
v 0.012385 0.109878 0.490561
v -0.080438 0.018708 0.539773
v -0.117328 -0.015912 0.578384
v 0.099960 0.187324 0.578384
v 0.194520 0.113794 0.539773
v 0.194520 0.180033 0.578384
v 0.099960 0.103531 0.578384
v -0.117328 -0.099705 0.468857
v -0.117328 -0.099705 0.578384
v -0.117328 -0.015912 0.468857
v 0.194520 0.263826 0.578384
v -0.090197 -0.141290 0.439899
v 0.076949 0.211926 0.578384
v 0.084930 0.228335 0.539773
v 0.194520 0.273493 0.539773
v 0.159514 0.298095 0.539773
v 0.158741 0.288429 0.578384
v 0.194520 -0.199523 0.539773
v 0.107942 -0.227789 0.478879
v 0.194520 -0.199523 0.478879
v 0.107942 -0.294568 0.539773
v 0.107941 -0.356427 0.510858
v 0.107941 -0.356427 0.478939
v 0.159514 0.298095 0.439899
v 0.084930 0.228335 0.439899
v 0.194520 0.273493 0.439899
v 0.194520 0.273493 0.340025
v 0.159514 0.298095 0.340025
v 0.194520 0.273493 0.240151
v 0.159514 0.298095 0.240151
v 0.194520 0.273493 0.160063
v 0.162818 0.295773 0.162553
v 0.159514 0.298095 0.159780
v 0.130583 0.271036 0.240151
v 0.122190 0.263185 0.262589
v 0.119946 0.261086 0.260706
v 0.091833 0.234792 0.340025
v 0.085732 0.229086 0.357238
v 0.086666 0.229959 0.357553
v 0.084930 0.228335 0.362194
v -0.080438 0.018708 0.439899
v -0.080438 0.018708 0.358333
v -0.093412 0.006532 0.346815
v -0.117328 -0.015912 0.359330
v -0.117328 -0.099705 0.359330
v -0.090197 -0.302880 0.346269
v -0.090197 -0.302880 0.439899
v -0.090197 -0.141290 0.346274
v -0.090197 -0.141509 0.346269
v -0.090197 -0.302355 0.346269
v 0.084679 0.180885 0.439899
v 0.093831 0.174306 0.439899
v 0.127461 0.204333 0.439899
v -0.026935 0.071258 0.411533
v -0.024781 0.068402 0.413162
v -0.014150 0.077894 0.439899
v 0.015887 0.104713 0.493499
v 0.002793 0.093022 0.482512
v 0.281098 -0.227789 0.539773
v 0.317403 -0.241548 0.539773
v 0.410802 -0.077282 0.539774
v 0.281098 0.044034 0.539773
v 0.281098 0.203732 0.439899
v 0.281098 0.203732 0.539773
v 0.466849 0.021290 0.539773
v 0.467280 0.020866 0.538608
v 0.289080 0.187324 0.578384
v 0.452208 0.034746 0.578384
v 0.289080 0.103530 0.578384
v 0.304110 0.228335 0.539773
v 0.312091 0.211926 0.578384
v 0.230299 0.288429 0.578384
v 0.229526 0.298095 0.539773
v 0.281098 -0.227789 0.478879
v 0.281098 -0.294568 0.539773
v 0.281098 -0.356427 0.478939
v 0.281098 -0.356427 0.489521
v 0.281098 -0.315186 0.530136
v 0.229526 0.298095 0.439899
v 0.304110 0.228335 0.439899
v 0.281098 0.203732 0.240151
v 0.304110 0.228335 0.240151
v 0.304110 0.228335 0.340025
v 0.281098 0.203732 0.340025
v 0.229526 0.298095 0.340025
v 0.229526 0.298095 0.240151
v 0.229526 0.298095 0.141332
v 0.198196 0.276076 0.141332
v 0.194520 0.273493 0.150215
v 0.194520 0.273493 0.158265
v 0.195170 0.273949 0.158565
v 0.304110 0.228335 0.141332
v 0.479237 -0.141290 0.141332
v 0.506368 -0.099705 0.141332
v 0.506368 -0.099705 0.249803
v 0.479237 -0.141290 0.240151
v 0.479237 -0.141290 0.340025
v 0.506368 -0.099705 0.352167
v 0.498699 -0.111459 0.353874
v 0.479237 -0.141290 0.358205
v 0.469477 0.018708 0.340025
v 0.469477 0.018708 0.439899
v 0.496439 -0.006593 0.461063
v 0.506368 -0.015912 0.434687
v 0.506368 -0.015912 0.359330
v 0.506368 -0.015912 0.249803
v 0.469477 0.018708 0.240151
v 0.506368 -0.015912 0.141332
v 0.469477 0.018708 0.141332
v 0.506368 -0.092431 0.359330
v 0.261579 0.204333 0.439899
v 0.261579 0.204333 0.340025
v 0.261579 0.204333 0.240151
v 0.467183 0.020757 0.538671
v 0.469477 0.018708 0.532678
v 0.333575 0.140050 0.175553
v 0.334771 0.142599 0.174128
v 0.337475 0.148360 0.170905
v 0.304110 0.228335 0.098292
v 0.229526 0.298095 0.065628
v 0.479237 -0.141290 0.042512
v 0.506368 -0.099705 0.032860
v 0.479237 -0.141290 -0.057362
v 0.506368 -0.099705 -0.076667
v 0.479237 -0.141290 -0.058915
v 0.502234 -0.106042 -0.086321
v 0.506368 -0.099705 -0.091248
v 0.469477 0.018708 0.042512
v 0.506368 -0.015912 0.032860
v 0.506368 -0.015912 -0.076667
v 0.506368 -0.019412 -0.091248
v 0.506368 -0.015912 -0.087696
v 0.479237 -0.302880 -0.057362
v 0.479237 -0.302880 0.042512
v 0.479237 -0.302880 0.141332
v 0.426128 0.061286 0.065252
v 0.429108 0.054752 0.061701
v 0.248729 -0.016959 -1.134926
v 0.244614 0.092584 -1.136290
v 0.527461 0.092584 -1.136290
v 0.535691 -0.016959 -1.134926
v 0.918307 -0.016960 -0.404489
v 0.904590 0.092584 -0.407942
v 1.093155 0.092584 -0.043768
v 1.109615 -0.016960 -0.039270
v 0.726999 -0.016960 0.623441
v 0.716025 0.092584 0.609439
v 0.527461 0.092584 0.936042
v 0.535691 -0.016960 0.954796
v -1.219002 -0.236047 -0.030272
v -1.022208 -0.236047 -0.397581
v -1.062202 -0.231745 -0.419256
v -1.264222 -0.229483 -0.030253
v -0.749370 0.095833 0.529621
v -0.559325 0.095833 0.858789
v -0.482021 0.101464 0.724895
v -0.643873 0.101464 0.444559
v -1.012779 -0.016959 0.260899
v -0.998804 0.092585 0.252097
v -1.169621 0.092585 -0.043768
v -1.186082 -0.016959 -0.039269
v -0.803465 -0.016959 -0.769707
v -0.792492 0.092584 -0.772116
v -0.603928 0.092584 -1.136290
v -0.612157 -0.016959 -1.134926
v -0.674520 -0.106149 -0.253817
v -0.777880 0.101464 -0.299989
v -0.925809 0.101464 -0.043768
v -0.652259 -0.356427 -0.020903
v -0.630498 -0.356427 -0.058593
v -0.664032 -0.302880 -0.058593
v -0.674520 -0.286131 -0.058593
v 0.482858 0.095833 -1.017798
v 0.288280 0.317774 -1.147777
v 0.331188 0.321023 -1.029285
v 0.830253 0.095833 0.257084
v 1.003950 0.095833 -0.043768
v 0.849342 0.101464 -0.043768
v 0.701413 0.101464 0.212453
v -0.906719 0.095833 -0.368445
v -1.080416 0.095833 -0.043768
v 0.413015 0.095833 0.858789
v 0.482858 0.095833 0.858788
v 0.405554 0.101464 0.724895
v 0.346072 0.101464 0.724895
v 0.624549 0.097582 -0.650607
v 0.656555 0.095833 -0.693121
v 0.405555 0.101464 -0.812431
v 0.433378 0.101464 -0.764240
v 0.227630 -0.356427 0.510858
v 0.287257 -0.294568 0.539773
v 0.268779 -0.356427 0.510858
v -0.345246 -0.356427 0.510858
v -0.457215 -0.356427 0.316922
v 0.479237 -0.344812 0.157774
v 0.575792 -0.356427 -0.020903
v 0.479237 -0.356427 0.146335
v -0.482021 0.101464 -0.812431
v -0.491054 0.112342 -0.666731
v -0.423171 0.337532 -0.678218
v -0.482021 0.326653 -0.823918
v -0.531776 -0.034851 1.455477
v -0.524699 0.062880 1.453182
v -0.603927 0.062880 1.453182
v -0.612158 -0.034851 1.455477
v 0.451639 0.092584 0.936042
v 0.158835 0.092584 0.936042
v 0.158835 0.169017 0.940433
v 0.451639 0.169017 0.940433
v 0.535691 -0.032601 1.392515
v 0.527461 0.066615 1.388150
v 0.527461 0.062880 1.453182
v 0.535691 -0.034851 1.455478
v -0.384927 -0.223586 -0.628027
v -0.411287 -0.141290 -0.628027
v -0.423574 -0.099705 -0.655158
v -0.250455 -0.000911 -0.639173
v -0.269160 0.112342 -0.666731
v -0.222944 0.321023 -1.029285
v -0.407655 0.321023 -1.029285
v -0.260127 0.326653 -0.823918
v 0.183636 0.407658 -0.825484
v 0.183661 0.326653 -0.823918
v 0.161792 0.332189 -0.749774
v 0.157716 0.373838 -0.736783
v 0.165314 0.377841 -0.762663
v 0.161857 0.413171 -0.751643
v -0.321080 0.092584 -1.136290
v -0.364747 0.317774 -1.147777
v -0.201490 0.317774 -1.147777
v -0.559325 0.095833 -1.017798
v -0.333425 -0.236047 -1.132198
v -0.038233 -0.236047 -1.132198
v -0.038233 -0.236616 -1.177889
v -0.333425 -0.236616 -1.177889
v 0.552151 -0.231033 1.401245
v 0.552151 -0.230312 1.460069
v 0.583649 -0.227045 1.493010
v 0.585166 -0.227481 1.431633
v -0.628618 -0.236047 -1.132198
v -0.651058 -0.234633 -1.171977
v -0.620387 -0.131817 1.396880
v -0.628618 -0.231033 1.401245
v -0.628618 -0.230312 1.460069
v -0.620387 -0.132581 1.457773
v 0.473020 -0.230312 1.460069
v 0.158561 -0.230312 1.460069
v 0.158561 -0.229239 1.505750
v 0.498185 -0.227486 1.495571
v -0.603927 0.066615 1.388150
v -0.612157 -0.032601 1.392515
v 0.543921 -0.131817 1.396881
v 0.543921 -0.132581 1.457773
v -0.545932 -0.230312 1.460068
v -0.538854 -0.132581 1.457773
v -0.825413 -0.236047 -0.764890
v -0.814439 -0.126503 -0.767298
v -0.620387 -0.126503 -1.133562
v -1.008491 -0.126503 -0.401035
v -1.021224 -0.125122 -0.407781
v -0.827198 -0.125245 -0.774020
v -1.026754 -0.126503 0.269702
v -1.202542 -0.126503 -0.034771
v -0.329310 -0.126503 -1.133562
v -0.038233 -0.126503 -1.133562
v -0.038233 -0.126683 -1.148038
v -0.329310 -0.126683 -1.148037
v 0.737972 -0.126503 0.637442
v 0.543921 -0.126503 0.973549
v -1.040730 -0.236047 0.278505
v -1.053126 -0.233890 0.285663
v -1.233320 -0.233950 -0.029874
v 0.932024 -0.126503 -0.401035
v 1.126075 -0.126503 -0.034771
v -1.216867 -0.124422 -0.034711
v 0.252844 -0.126503 -1.133563
v 0.543921 -0.126503 -1.133563
v 0.465893 -0.132581 1.457773
v 0.458766 -0.034851 1.455478
v 0.153075 -0.034851 1.455478
v 0.155818 -0.132581 1.457773
v -0.229541 -0.034851 1.455478
v -0.232285 -0.132581 1.457773
v -0.232285 -0.135690 1.325429
v -0.229541 -0.037959 1.323133
v -0.235028 -0.230312 1.460069
v -0.235028 -0.233420 1.327724
v -0.238720 -0.361845 1.463158
v -0.238633 -0.361845 1.330741
v -0.226798 0.062880 1.453182
v -0.226798 0.139312 1.457572
v -0.524699 0.139312 1.457572
v 0.150332 0.066615 1.388150
v -0.226798 0.066615 1.388150
v 0.150332 0.062880 1.453182
v 0.451639 0.062880 1.453182
v -0.419867 0.101464 0.724895
v -0.186162 0.101464 0.724895
v -0.140571 -0.356427 0.510858
v -0.302247 -0.356427 0.510858
v 0.109696 0.101464 0.724895
v 0.070263 -0.294568 0.539773
v -0.090197 -0.302880 0.535888
v -0.090197 -0.356427 0.510858
v -0.486343 0.095833 0.858789
v -0.290133 0.095833 0.858789
v -0.290133 0.096272 0.848357
v -0.620388 -0.126503 0.973550
v -0.612158 -0.016959 0.954796
v -0.821471 -0.016959 0.592255
v -0.832703 -0.126503 0.605809
v -0.843934 -0.236047 0.619364
v -0.856331 -0.233890 0.626521
v -0.628618 -0.236047 0.992303
v 0.945741 -0.236047 0.310586
v 1.142536 -0.236047 -0.030273
v 1.156854 -0.233950 -0.029874
v 0.958138 -0.233891 0.317743
v -0.791802 0.101464 0.188338
v -0.559553 -0.356427 0.139668
v -0.603928 0.092584 0.936042
v -0.810239 0.092584 0.578700
v -0.923067 0.095833 0.228769
v -0.994774 -0.016959 -0.404488
v 0.256959 -0.236047 -1.132198
v -0.038233 -0.236227 -1.146674
v 0.256959 -0.236227 -1.146674
v -1.034914 -0.234543 -0.404351
v -0.733022 0.095833 -0.693121
v -0.629950 0.101464 -0.556210
v -0.705783 0.101464 -0.424863
v -0.711507 0.101028 -0.437534
v -0.713131 0.100913 -0.440668
v -0.621898 0.081245 -0.548226
v -0.499317 -0.015912 -0.655158
v -0.436463 -0.141290 -0.628027
v -0.446842 -0.099705 -0.655158
v -0.494078 -0.024278 -0.655158
v -0.635235 0.091724 -0.536491
v -0.981057 0.092585 -0.407942
v -0.325195 -0.016959 -1.134926
v -0.038233 -0.016959 -1.134926
v -0.333425 -0.236227 -1.146674
v 1.122012 -0.014803 -0.032112
v 1.140149 -0.124331 -0.032170
v 0.945741 -0.236047 -0.397582
v 0.944731 -0.124999 -0.407805
v 0.958448 -0.234543 -0.404352
v 0.162254 -0.361845 1.463158
v 0.162284 -0.361845 1.508864
v -0.235218 0.337532 -0.678218
v -0.133907 0.112342 -0.666731
v -0.131807 0.161415 -0.669234
v -0.122243 0.168085 -0.669575
v -0.121867 0.172567 -0.669803
v -0.047266 0.233202 -0.672897
v -0.047266 0.337532 -0.678218
v -0.060215 0.211346 -0.671782
v -0.057557 0.213112 -0.671872
v -0.115863 0.172534 -0.669802
v 0.125023 0.317774 -1.147777
v -0.038233 0.092584 -1.136290
v -0.038233 0.317774 -1.147777
v 0.656555 0.095833 0.557936
v 0.656530 0.176838 0.556371
v 0.830228 0.176838 0.255518
v -0.038233 0.326653 -0.823918
v 0.006175 0.337532 -0.678218
v 0.107295 0.332953 -0.739536
v 0.117078 0.334213 -0.722660
v 0.146477 0.321023 -1.029285
v 0.405555 0.326653 -0.823918
v -0.038233 0.321023 -1.029285
v 0.737972 -0.126503 -0.767299
v 0.726999 -0.016960 -0.769707
v 0.552151 -0.236047 -1.132199
v 0.748946 -0.236047 -0.764890
v 0.701413 0.101464 -0.299989
v 0.642610 -0.016652 -0.273721
v 0.642249 -0.032848 -0.256778
v 0.640348 -0.109661 -0.176753
v 0.526664 -0.356427 -0.105996
v 0.643103 0.101464 -0.400985
v 0.644034 0.047230 -0.340546
v 0.830253 0.095833 -0.368445
v 0.633884 0.097378 -0.645058
v 0.642055 0.099943 -0.481579
v 0.716025 0.092584 -0.772116
v 0.748946 -0.236047 0.651444
v 0.750369 -0.124347 0.644600
v 0.761343 -0.233891 0.658602
v 0.551322 -0.126028 -1.145995
v 0.252844 -0.126683 -1.148038
v 0.548468 -0.015955 -1.141657
v 0.932024 -0.126503 0.301336
v 0.553484 0.101464 0.468674
v 0.506368 -0.016836 0.433777
v 0.421105 -0.019956 0.578384
v 0.479237 -0.302880 0.199069
v 0.479237 -0.261165 0.240151
v 0.479237 -0.159751 0.340025
v 0.904590 0.092584 0.282835
v 0.918307 -0.016960 0.292086
v 0.527461 0.169017 0.940432
v 0.451639 0.209963 0.942784
v 0.527461 0.209963 0.942784
v -0.226798 0.143048 1.392540
v -0.226798 0.183994 1.394892
v -0.226798 0.180258 1.459924
v 0.527461 0.139312 1.457572
v 0.451639 0.139312 1.457572
v 0.150332 0.139312 1.457572
v 0.150332 0.143048 1.392540
v -0.524699 0.092584 0.936042
v -0.603928 0.169017 0.940433
v -0.524699 0.169017 0.940433
v 0.527461 0.143048 1.392540
v -0.603928 0.139312 1.457572
v -0.603927 0.143048 1.392540
v -0.226798 0.075104 1.240363
v 0.155818 -0.135690 1.325429
v 0.153075 -0.037959 1.323134
v 0.158561 -0.233420 1.327724
v -0.661632 -0.227481 1.431633
v -0.673993 -0.361845 1.436201
v -0.672835 -0.361845 1.494780
v -0.660115 -0.227045 1.493010
v -0.570812 -0.227506 1.495686
v 0.256959 -0.236616 -1.177889
v -0.883065 -0.229240 0.641955
v -0.672180 -0.230514 1.004938
v -0.865467 -0.232529 -0.786597
v 0.984871 -0.229240 0.333177
v 1.187756 -0.229483 -0.030253
v -1.079860 -0.229240 0.301097
v 0.789000 -0.232529 -0.786597
v 0.574591 -0.234634 -1.171978
v 0.788076 -0.229240 0.674036
v 0.985736 -0.231745 -0.419257
v 0.552151 -0.236047 0.992303
v 0.595713 -0.230514 1.004938
v 0.288255 0.398779 -1.149343
v 0.331163 0.402027 -1.030851
v -0.981081 0.173589 -0.409507
v -0.792517 0.173589 -0.773681
v 0.904565 0.173589 0.281269
v -0.998829 0.173589 0.250531
v -1.169646 0.173589 -0.045334
v -0.290133 0.092584 0.936042
v -0.290133 0.093910 0.904528
v -0.407679 0.402028 -1.030851
v -0.364771 0.398779 -1.149343
v 0.716001 0.173589 0.607873
v -0.482046 0.407658 -0.825484
v -0.260152 0.407658 -0.825484
v -0.423195 0.418536 -0.679784
v -0.235243 0.418536 -0.679784
v 0.340915 0.416796 -0.703086
v 0.405530 0.407658 -0.825484
v 0.217395 0.410657 -0.785321
v 0.226799 0.411934 -0.768214
v 1.093130 0.173589 -0.045334
v 0.904565 0.173589 -0.409508
v 0.830228 0.176838 -0.370010
v 1.003925 0.176838 -0.045334
v 0.124999 0.398779 -1.149343
v 0.146452 0.402027 -1.030851
v -0.906744 0.176838 -0.370010
v -0.733046 0.176838 -0.694687
v -0.923092 0.176838 0.227203
v -1.080441 0.176838 -0.045334
v -0.201515 0.398779 -1.149343
v -0.222969 0.402027 -1.030851
v 0.716001 0.173589 -0.773682
v 0.527436 0.173589 -1.137856
v 0.482833 0.176838 -1.019364
v 0.656531 0.176838 -0.694687
v -0.810264 0.173589 0.577134
v -0.603952 0.173589 0.934477
v -0.559349 0.176838 0.857223
v -0.749395 0.176838 0.528055
v -0.682330 -0.361845 1.026365
v 0.451639 0.143048 1.392540
v 0.158835 0.167853 0.960698
v 0.158835 0.164661 1.016275
v 0.158835 0.161468 1.071852
v 0.158835 0.158242 1.128022
v 0.158835 0.155015 1.184193
v 0.150332 0.180258 1.459924
v 0.150332 0.183994 1.394892
v -0.235028 -0.229239 1.505750
v -0.524699 0.180258 1.459924
v 0.451639 0.180258 1.459924
v 0.451639 0.183994 1.394892
v -0.524699 0.183994 1.394892
v -0.603927 0.183994 1.394892
v -0.603927 0.180258 1.459924
v -0.524699 0.209963 0.942784
v -0.603928 0.209963 0.942785
v 0.527461 0.183994 1.394892
v 0.527461 0.180258 1.459924
v -0.524699 0.143048 1.392540
v -1.039151 -0.124346 0.276860
v 0.556318 -0.124347 0.980707
v 0.564548 -0.233891 0.999460
v 0.552151 -0.236227 -1.146674
v -0.845100 -0.124347 0.612966
v -0.833868 -0.014803 0.599412
v -1.025176 -0.014803 0.268057
v -1.007533 -0.015701 -0.411210
v -0.816225 -0.015701 -0.776429
v -0.038233 -0.017140 -1.149401
v 0.248729 -0.017140 -1.149401
v 0.739776 -0.015955 -0.776438
v 0.750749 -0.125499 -0.774030
v 0.930704 -0.014803 0.299243
v 0.944421 -0.124347 0.308493
v 0.739396 -0.014803 0.630598
v 0.551358 0.040565 -0.083990
v 0.617383 0.040565 -0.162676
v 0.618044 0.161415 -0.163464
v 0.551358 0.161415 -0.083990
v 0.111311 0.513679 -0.013377
v 0.085888 0.478195 -0.034710
v 0.148257 0.478195 -0.109039
v 0.159544 0.489792 -0.105616
v 0.176659 0.513679 -0.091255
v 0.094257 0.614290 -0.160398
v 0.028910 0.614290 -0.082520
v 0.136089 0.563214 -0.125297
v 0.131668 0.561450 -0.117096
v 0.117314 0.579241 -0.129581
v 0.124439 0.577438 -0.135072
v 0.133125 0.575239 -0.141766
v 0.101619 0.614290 -0.169171
v 0.491451 0.211345 -0.095369
v 0.425406 0.211345 -0.016659
v 0.478930 0.161415 0.002326
v 0.359361 0.211345 0.062050
v 0.406501 0.161415 0.088643
v 0.294014 0.211346 0.139928
v 0.334771 0.161415 0.174128
v 0.478930 0.040565 0.002326
v 0.244295 0.358878 -0.034501
v 0.236432 0.362406 -0.030718
v 0.227726 0.373838 -0.038451
v 0.151042 0.474539 -0.106566
v 0.502234 -0.252464 -0.086321
v 0.479237 -0.252464 -0.058915
v 0.453680 0.248108 -0.108584
v 0.456343 0.243127 -0.108905
v 0.299083 0.334295 -0.060858
v 0.307990 0.317636 -0.061930
v 0.064323 0.479061 -0.052805
v 0.223324 0.293737 0.080613
v 0.291241 0.214577 0.137602
v 0.535613 0.211345 -0.147999
v 0.468295 0.238335 -0.114799
v -0.065883 0.478195 -0.242355
v -0.105420 0.478195 -0.195236
v -0.130844 0.513679 -0.216569
v -0.065496 0.513679 -0.294447
v -0.060339 0.506480 -0.290120
v -0.048442 0.614290 -0.147426
v 0.011946 0.614290 -0.219394
v -0.030703 0.575239 -0.233521
v -0.038913 0.579241 -0.217078
v -0.056268 0.524947 -0.286703
v -0.057328 0.562380 -0.223178
v -0.048169 0.559245 -0.239306
v -0.182153 0.211346 -0.526461
v -0.210144 0.161415 -0.575875
v -0.282573 0.161415 -0.489559
v -0.248198 0.211346 -0.447752
v -0.204640 0.292754 -0.370716
v -0.066743 0.474539 -0.247122
v -0.077020 0.430823 -0.304117
v -0.106687 0.334805 -0.401283
v -0.111913 0.343267 -0.401215
v -0.083855 0.479061 -0.177141
v -0.199549 0.290595 -0.367645
v -0.244973 0.273493 -0.343310
v -0.177595 -0.144164 0.279296
v -0.177595 -0.356427 0.279296
v -0.193870 -0.356427 0.301842
v -0.193870 -0.144164 0.301842
v -0.111549 0.478195 0.200587
v -0.177595 0.478195 0.279296
v 0.030531 0.211346 0.453934
v -0.194309 0.454530 0.317124
v 0.045756 0.161415 0.518562
v -0.177595 0.247871 0.279296
v -0.194309 0.333680 0.317124
v -0.298781 0.444015 0.229462
v -0.273249 0.348482 0.199033
v -0.298781 0.564865 0.229462
v -0.152171 0.513679 0.300629
v -0.168885 0.490013 0.338457
v -0.259251 0.600348 0.262631
v -0.234573 0.614290 0.231486
v -0.273249 0.578807 0.199033
v -0.121186 0.222947 0.181938
v -0.121186 -0.108276 0.181938
v -0.273249 -0.103398 0.199033
v -0.232985 -0.208467 0.151049
v -0.171872 -0.234513 0.202329
v -0.171898 -0.356427 0.202361
v -0.168528 0.614290 0.152777
v -0.086126 0.513679 0.221920
v 0.045964 0.513679 0.064501
v 0.020541 0.478195 0.043168
v -0.020081 0.513679 0.143211
v -0.045505 0.478195 0.121878
v -0.207203 0.578807 0.120324
v -0.102483 0.614290 0.074067
v -0.141159 0.578807 0.041614
v -0.036437 0.614290 -0.004642
v -0.075113 0.578807 -0.037095
v -0.009766 0.578807 -0.114973
v 0.096576 0.211346 0.375225
v 0.086459 0.167723 0.459597
v 0.102278 0.198170 0.390272
v 0.107942 0.203732 0.374301
v 0.100821 0.211346 0.370166
v 0.130755 0.271196 0.239693
v 0.090967 0.221881 0.365222
v -0.133115 0.479061 0.182491
v 0.088569 0.224444 0.361944
v -0.067070 0.479061 0.103782
v -0.001025 0.479061 0.025073
v 0.156587 0.295358 0.157324
v 0.187477 0.278442 0.149983
v 0.127753 0.268388 0.238678
v -0.302857 0.478195 0.040060
v -0.577028 0.211346 -0.055868
v -0.368902 0.478195 0.118770
v -0.643318 0.161415 -0.059639
v -0.403253 0.454530 0.141799
v -0.368902 0.247871 0.118770
v -0.403253 0.333680 0.141799
v -0.428677 0.490013 0.120466
v -0.394326 0.513679 0.097437
v -0.643318 0.040565 -0.059639
v -0.311924 0.614290 0.166580
v -0.338311 0.600348 0.196292
v -0.368902 -0.144164 0.118770
v -0.202002 -0.073833 0.114125
v -0.282818 -0.108276 0.046312
v -0.193870 0.247871 0.301842
v -0.294098 -0.234513 0.099769
v -0.368902 -0.356427 0.118770
v -0.294125 -0.356427 0.099800
v -0.245879 0.614290 0.087871
v -0.328281 0.513679 0.018727
v -0.170767 0.478195 -0.117358
v -0.196191 0.513679 -0.138691
v -0.236813 0.478195 -0.038649
v -0.262236 0.513679 -0.059982
v -0.179834 0.614290 0.009161
v -0.113789 0.614290 -0.069548
v -0.510983 0.211346 -0.134577
v -0.570890 0.161415 -0.145956
v -0.444938 0.211346 -0.213287
v -0.414458 0.211346 -0.249611
v -0.419073 0.203732 -0.256732
v -0.281292 0.479061 0.058156
v -0.215247 0.479061 -0.020553
v -0.149202 0.479061 -0.099263
v -0.202002 0.307952 0.114125
v -0.282818 0.222947 0.046312
v -0.102783 -0.296128 0.335708
v -0.102783 -0.126141 0.335708
v -0.418080 -0.296128 0.071143
v -0.418080 -0.126141 0.071143
v -0.512999 -0.242036 -0.008503
v -0.512999 -0.343087 -0.008503
v -0.570436 0.001802 -0.050337
v -0.546818 -0.015912 -0.031462
v -0.544733 -0.099705 -0.031462
v -0.555966 -0.114175 -0.040903
v -0.418080 -0.356427 0.071143
v -0.437985 -0.356427 0.090559
v -0.437985 -0.296128 0.090559
v -0.119058 -0.356427 0.358254
v -0.119058 -0.296128 0.358254
v -0.119058 -0.126141 0.358254
v -0.388808 -0.144164 0.138185
v -0.388808 0.247871 0.138185
v -0.437985 -0.126141 0.090559
v -0.103978 -0.120167 0.334808
v -0.117328 -0.099705 0.344545
v -0.117328 -0.053426 0.324741
v -0.102783 -0.356427 0.335708
v -0.090197 -0.356427 0.346269
v -0.512999 -0.356427 -0.008503
v -0.388808 -0.356427 0.138185
v -0.061963 0.211346 -0.669698
v -0.132935 0.172464 -0.649574
v -0.128315 0.183139 -0.637382
v 0.502234 -0.356427 -0.086321
v 0.510078 -0.356427 -0.095670
v 0.510061 -0.252464 -0.095650
v -0.232985 -0.356427 0.151049
v -0.137716 0.093687 -0.662192
v -0.137716 0.161415 -0.662192
v -0.024852 0.675939 -0.402352
v -0.074909 0.916149 -0.401698
v -0.077220 0.916149 -0.578623
v -0.026786 0.675939 -0.550377
v 0.142849 0.675939 -0.651292
v 0.125535 0.916149 -0.699241
v 0.226912 0.916149 -0.759550
v 0.227666 0.675939 -0.701750
v 0.356826 0.675939 -0.629412
v 0.381288 0.916149 -0.673089
v 0.535665 0.916149 -0.586628
v 0.485986 0.675939 -0.557074
v 0.488564 0.675939 -0.359708
v 0.538746 0.916149 -0.350729
v 0.540287 0.916149 -0.232779
v 0.489852 0.675939 -0.261025
v 0.132837 0.916149 -0.109717
v 0.236155 0.916149 -0.051852
v 0.236155 1.084078 -0.051852
v 0.132837 1.084078 -0.109717
v 0.323823 0.675939 -0.162254
v 0.341841 0.916149 -0.114724
v 0.235400 0.675939 -0.109652
v 0.148959 0.675939 -0.158065
v -0.072598 0.916149 -0.224774
v -0.022919 0.675939 -0.254328
v 0.141888 0.575239 -0.136859
v -0.044709 0.575239 -0.241365
v 0.051721 0.578807 -0.188250
v 0.068886 0.591013 -0.181687
v 0.331726 0.575239 -0.141407
v 0.235732 0.575239 -0.084300
v 0.510574 0.575239 -0.355770
v 0.511973 0.575239 -0.248636
v 0.367555 0.575239 -0.648569
v 0.507776 0.575239 -0.570037
v 0.135254 0.575239 -0.672323
v 0.227335 0.575239 -0.727101
v -0.046808 0.575239 -0.402065
v -0.048906 0.575239 -0.562766
v 0.234597 1.084078 -0.171163
v 0.166116 1.084078 -0.209517
v 0.537205 0.916149 -0.468678
v 0.535665 1.084078 -0.586628
v 0.537205 1.084078 -0.468678
v 0.024157 0.916149 -0.638932
v -0.077220 1.084078 -0.578623
v 0.024157 1.084078 -0.638932
v 0.540287 1.084078 -0.232779
v 0.341841 1.084078 -0.114724
v -0.072598 1.084078 -0.224774
v -0.074909 1.084078 -0.401698
v 0.226912 1.084078 -0.759550
v 0.381288 1.084078 -0.673089
v 0.304648 1.084078 -0.212836
v 0.436181 1.084078 -0.291085
v 0.436181 0.968265 -0.291085
v 0.304648 0.968265 -0.212836
v 0.433117 1.084078 -0.525622
v 0.434138 1.084078 -0.447443
v 0.026886 1.084078 -0.520317
v 0.094080 1.084078 -0.560290
v 0.436181 1.188114 -0.291085
v 0.540287 1.188114 -0.232779
v 0.330793 1.084078 -0.582930
v 0.433117 1.188114 -0.525622
v 0.330793 1.188114 -0.582930
v -0.072598 1.188114 -0.224774
v -0.074909 1.188114 -0.401698
v 0.094080 0.968265 -0.560290
v 0.026886 0.968265 -0.520317
v 0.028418 0.968265 -0.403048
v 0.029950 0.968265 -0.285779
v 0.166116 0.968265 -0.209517
v 0.234597 0.968265 -0.171163
v 0.435159 0.968265 -0.369264
v 0.434138 0.968265 -0.447443
v 0.433117 0.968265 -0.525622
v 0.330793 0.968265 -0.582930
v 0.161275 0.968265 -0.600264
v 0.228470 0.968265 -0.640238
v 0.228470 1.084078 -0.640238
v 0.028418 1.084078 -0.403048
v 0.029950 1.084078 -0.285779
v 0.341841 1.188114 -0.114724
v 0.304648 1.188114 -0.212836
v 0.381288 1.188114 -0.673089
v 0.226912 1.188114 -0.759550
v 0.228470 1.188114 -0.640238
v 0.029950 1.188114 -0.285779
v 0.028418 1.188114 -0.403048
v 0.236155 1.188114 -0.051852
v 0.234597 1.188114 -0.171163
v -0.077220 1.188114 -0.578623
v 0.026886 1.188114 -0.520317
v 0.535665 1.188114 -0.586628
v -0.176733 0.172574 -0.634357
v -0.164671 0.172438 -0.625787
v -0.141226 0.172438 -0.639735
v 0.623884 0.172438 -0.334039
v 0.625856 0.172438 -0.183040
v 0.639801 0.172574 -0.177045
v 0.643706 0.172556 -0.340604
v -0.090718 0.373838 -0.401492
v -0.068763 0.474539 -0.401779
v -0.071027 0.474539 -0.575155
v -0.093148 0.373838 -0.587544
v 0.389014 0.373838 -0.686884
v 0.378285 0.474539 -0.667727
v 0.529565 0.474539 -0.583000
v 0.551355 0.373838 -0.595962
v 0.576606 0.273138 -0.343954
v 0.554595 0.373838 -0.347892
v 0.556215 0.373838 -0.223858
v 0.578336 0.273138 -0.211469
v 0.532585 0.474539 -0.351831
v 0.534094 0.474539 -0.236247
v 0.339629 0.474539 -0.120560
v 0.236063 0.474539 -0.058949
v 0.612380 0.172438 -0.175023
v 0.609134 0.172451 -0.171140
v 0.585609 0.172570 -0.143303
v 0.509175 0.575239 -0.462903
v 0.531075 0.474539 -0.467415
v 0.552975 0.373838 -0.471927
v 0.574875 0.273138 -0.476439
v 0.422307 0.172438 -0.746722
v 0.619939 0.172438 -0.636036
v 0.633689 0.172574 -0.644942
v 0.432508 0.172556 -0.764541
v 0.435159 1.084078 -0.369264
v 0.538746 1.084078 -0.350729
v 0.487275 0.675939 -0.458391
v 0.058032 0.675939 -0.600834
v 0.089186 0.688638 -0.548466
v 0.174003 0.688638 -0.598923
v 0.028317 0.474539 -0.634254
v 0.043174 0.575239 -0.617544
v 0.127660 0.474539 -0.693354
v 0.013459 0.373838 -0.650964
v 0.120066 0.373838 -0.714385
v -0.115269 0.273138 -0.599933
v -0.001399 0.273138 -0.667674
v 0.161275 1.084078 -0.600264
v 0.125535 1.084078 -0.699241
v 0.156688 0.928848 -0.646873
v 0.141186 0.565248 -0.134755
v 0.182793 0.513679 -0.098565
v 0.236394 0.373838 -0.033597
v 0.347532 0.373838 -0.099713
v 0.435384 0.273138 -0.126427
v 0.353371 0.299442 -0.084311
v 0.418978 0.273138 -0.116667
v 0.424918 0.273138 -0.120201
v 0.421615 0.279316 -0.119803
v -0.113965 0.273138 -0.500057
v -0.133625 0.277141 -0.599693
v -0.132087 0.277141 -0.481912
v -0.131022 0.276904 -0.483557
v -0.126705 0.275973 -0.479935
v -0.157618 0.175602 -0.614956
v -0.155106 0.179357 -0.611724
v -0.087119 0.478541 -0.401539
v -0.065164 0.579241 -0.401826
v -0.067263 0.579241 -0.562526
v -0.089384 0.478541 -0.574915
v 0.110680 0.377841 -0.730162
v 0.118275 0.478541 -0.709131
v 0.217619 0.478541 -0.768231
v 0.125869 0.579242 -0.688100
v 0.217949 0.579242 -0.742879
v 0.227004 0.474539 -0.752453
v 0.419443 0.176441 -0.741215
v 0.408713 0.277141 -0.722057
v 0.582115 0.277141 -0.624941
v 0.603905 0.176441 -0.637904
v 0.573144 0.273138 -0.608925
v 0.397984 0.377841 -0.702901
v 0.560325 0.377841 -0.611979
v 0.399743 0.273138 -0.706041
v 0.616973 0.176441 -0.340255
v 0.594962 0.277141 -0.344194
v 0.596692 0.277141 -0.211708
v 0.618813 0.176441 -0.199319
v 0.572951 0.377841 -0.348132
v 0.550941 0.478541 -0.352071
v 0.552451 0.478541 -0.236487
v 0.574572 0.377841 -0.224097
v 0.356918 0.377841 -0.083936
v 0.349015 0.478541 -0.104783
v 0.245449 0.478541 -0.043172
v 0.245780 0.377841 -0.017820
v 0.132917 0.579241 -0.120842
v -0.053679 0.579241 -0.225348
v 0.235975 0.478541 -0.768470
v 0.236306 0.579242 -0.743118
v 0.376526 0.579242 -0.664586
v 0.387255 0.478541 -0.683743
v 0.378879 0.277141 -0.738767
v 0.371637 0.273138 -0.721782
v 0.591501 0.277141 -0.609164
v 0.569711 0.377841 -0.596202
v 0.571331 0.377841 -0.472167
v 0.593231 0.277141 -0.476679
v 0.613290 0.176441 -0.622127
v 0.615131 0.176441 -0.481191
v 0.621912 0.172438 -0.485037
v -0.080413 0.478541 -0.590932
v -0.058292 0.579242 -0.578543
v 0.033789 0.579242 -0.633321
v 0.018931 0.478541 -0.650031
v 0.004073 0.377841 -0.666741
v -0.005131 0.315460 -0.677093
v -0.005774 0.275004 -0.675029
v -0.144072 0.176441 -0.629708
v -0.146776 0.176441 -0.628099
v -0.124655 0.277141 -0.615710
v -0.024759 0.277141 -0.675138
v -0.090417 0.373838 -0.378411
v -0.109075 0.377841 -0.401252
v -0.108147 0.377841 -0.330235
v -0.105787 0.377332 -0.328255
v -0.090085 0.373838 -0.353055
v -0.090278 0.373838 -0.367805
v -0.095083 0.374876 -0.371205
v 0.371504 0.277141 -0.067064
v 0.467677 0.241828 -0.115317
v 0.587722 0.277141 -0.195692
v 0.585847 0.189991 -0.172465
v 0.608239 0.180397 -0.183352
v 0.608939 0.176441 -0.182765
v 0.609843 0.176441 -0.183303
v 0.613826 0.173575 -0.178664
v 0.426345 0.688638 -0.457595
v 0.476276 0.928848 -0.467883
v 0.477817 0.928848 -0.349933
v 0.427634 0.688638 -0.358912
v 0.055311 0.928848 -0.586563
v 0.510098 -0.019412 -0.095694
v 0.510025 -0.032848 -0.095606
v 0.640342 -0.032839 -0.176741
v 0.641865 0.172556 -0.481540
v 0.349950 0.334517 -0.718588
v 0.401539 0.176441 -0.751242
v 0.401976 0.172438 -0.758109
v 0.403544 0.103885 -0.779997
v 0.403322 0.172559 -0.779911
v -0.094570 0.356174 -0.401441
v -0.120494 0.325464 -0.401103
v 0.347961 0.301611 -0.081643
v 0.345894 0.313291 -0.083377
v -0.108170 0.297577 -0.464382
v -0.134340 0.267074 -0.486342
v -0.147555 0.211346 -0.567694
v -0.105518 0.309604 -0.462157
v -0.132626 0.274847 -0.484904
v -0.136925 0.163243 -0.660104
v -0.164492 0.172438 -0.612008
v -0.177215 0.172571 -0.596624
v -0.177005 0.161415 -0.615369
v -0.142467 0.161415 -0.656530
v 0.391807 0.055440 -0.786321
v 0.345633 0.373838 -0.711180
v -0.172128 0.000304 -0.637879
v -0.177179 0.003375 -0.634606
v -0.141955 0.072925 -0.657140
v -0.170131 -0.000911 -0.639173
v -0.082943 0.403958 -0.309087
v -0.109114 0.373455 -0.331046
v 0.039750 0.579241 -0.173022
v 0.040505 0.578807 -0.174885
v 0.038651 0.579241 -0.173637
v 0.039139 0.578807 -0.173256
v 0.247286 0.341974 -0.031992
v 0.432599 0.100650 -0.764705
v -0.058928 0.513679 -0.302275
v -0.086290 0.391392 -0.355526
v 0.479237 -0.356427 -0.058915
v 0.479237 -0.356427 -0.057362
v 0.479237 -0.356427 0.042512
v 0.479237 -0.356427 0.141332
v 0.427241 0.273841 -0.117835
v 0.194520 -0.356427 0.478879
v 0.290021 0.213271 0.141332
v 0.479237 -0.302880 -0.058915
v -0.090197 -0.356427 0.439899
v 0.445118 0.040458 0.042512
v 0.445209 0.040565 0.042512
v 0.445209 0.042544 0.042512
v 0.469477 0.018708 -0.008593
v 0.465735 0.022050 -0.000742
v 0.499564 -0.009527 -0.073107
v 0.505651 -0.015239 -0.086159
v 0.362290 0.114412 0.141332
v 0.334771 0.138983 0.174128
v -0.015965 0.082032 0.439899
v 0.281098 0.203732 0.167940
v 0.288220 0.211346 0.146833
v 0.324184 0.161415 0.186745
v 0.334771 0.151016 0.174128
v -0.579426 -0.356427 -0.058593
v -0.094246 -0.135085 0.342906
v -0.028146 0.065397 0.404698
v 0.406501 0.074937 0.088643
v -0.117328 -0.015912 0.325585
v -0.177330 0.040565 -0.614982
v -0.195113 0.040565 -0.593789
v -0.210144 0.056559 -0.575875
v -0.576777 -0.138230 -0.056596
v -0.674521 0.049697 -0.422861
v -0.579426 -0.302880 -0.058593
v -0.579426 -0.262621 -0.058593
v -0.579426 -0.141290 -0.058593
v -0.615467 0.040565 -0.092831
v -0.177347 0.018708 -0.618268
v -0.177349 0.018875 -0.618080
v -0.177349 0.018874 -0.618099
v -0.177476 0.031321 -0.605426
v -0.186967 0.036885 -0.599762
v -0.186266 0.035626 -0.599320
v -0.674521 -0.023643 -0.343310
v -0.674520 -0.103462 -0.256732
v -0.171790 -0.000911 -0.639173
v -0.276079 0.126718 -0.497298
v -0.282573 0.133628 -0.489559
v -0.290133 0.155015 1.184193
v -0.065649 0.097194 0.826435
v 0.158835 0.096272 0.848357
v 0.158835 0.095833 0.858788
v -0.290133 0.169017 0.940433
v -0.290133 0.167853 0.960698
v -0.290133 0.158242 1.128022
v -0.290133 0.161468 1.071852
v -0.290133 0.164661 1.016275
v 0.158835 0.093910 0.904528
v -0.065649 0.077071 1.206115
v -0.238750 -0.361845 1.508864
v 0.162167 -0.361845 1.330741
v -1.284103 -0.361845 -0.024183
v -1.096776 -0.361845 0.311753
v -0.038233 -0.361845 -1.176329
v -0.338130 -0.361845 -1.176329
v -0.581617 -0.361845 1.497743
v 1.207636 -0.361845 -0.024184
v 1.002028 -0.361845 -0.415153
v 0.801955 -0.361845 -0.783753
v 0.585163 -0.361845 -1.169790
v -0.661630 -0.361845 -1.169789
v 1.001475 -0.361845 0.344375
v 0.509072 -0.361845 1.497616
v 0.596369 -0.361845 1.494781
v -0.896661 -0.361845 0.658364
v -0.878421 -0.361845 -0.783752
v 0.261663 -0.361845 -1.176330
v 0.801360 -0.361845 0.690986
v 0.605863 -0.361845 1.026365
v -1.078494 -0.361845 -0.415152
v 0.597526 -0.361845 1.436201
vt 0.521757 0.807924
vt 0.516085 0.822699
vt 0.481553 0.822610
vt 0.505096 0.797798
vt 0.510938 0.797813
vt 0.510938 0.807897
vt 0.983698 0.738326
vt 0.960035 0.729271
vt 0.983698 0.729261
vt 0.955399 0.725768
vt 0.995737 0.834230
vt 0.992385 0.806567
vt 0.995737 0.805109
vt 0.472691 0.833456
vt 0.464330 0.832861
vt 0.474049 0.821016
vt 0.857723 0.923962
vt 0.857723 0.914569
vt 0.868368 0.914639
vt 0.868368 0.924032
vt 0.453685 0.832834
vt 0.463404 0.820988
vt 0.852510 0.925279
vt 0.852510 0.916714
vt 0.295199 0.688218
vt 0.298024 0.688002
vt 0.298024 0.692203
vt 0.295199 0.692419
vt 0.499868 0.793805
vt 0.489223 0.793778
vt 0.973906 0.227073
vt 0.973891 0.230577
vt 0.969408 0.230576
vt 0.969324 0.227072
vt 0.512494 0.833558
vt 0.051100 0.978788
vt 0.051113 0.989771
vt 0.045595 0.989771
vt 0.045581 0.978788
vt 0.345976 0.849960
vt 0.345979 0.842741
vt 0.351383 0.843032
vt 0.351383 0.849933
vt 0.356597 0.853349
vt 0.356597 0.843784
vt 0.360100 0.842741
vt 0.360100 0.853230
vt 0.969408 0.239641
vt 0.960034 0.239645
vt 0.960034 0.230579
vt 0.274896 0.689303
vt 0.274896 0.680238
vt 0.277849 0.680249
vt 0.277849 0.689315
vt 0.450560 0.828334
vt 0.460279 0.818092
vt 0.274896 0.716403
vt 0.274896 0.707434
vt 0.277849 0.707445
vt 0.277849 0.716415
vt 0.274896 0.698368
vt 0.277849 0.698380
vt 0.973891 0.239642
vt 0.973891 0.248708
vt 0.969408 0.248707
vt 0.973891 0.257773
vt 0.969408 0.257772
vt 0.973891 0.266743
vt 0.969408 0.266742
vt 0.960034 0.266745
vt 0.960034 0.257776
vt 0.960034 0.248710
vt 0.852510 0.950882
vt 0.852510 0.942408
vt 0.857723 0.942746
vt 0.857723 0.952048
vt 0.852510 0.933844
vt 0.857723 0.933354
vt 0.960035 0.738336
vt 0.955399 0.735709
vt 0.960035 0.747401
vt 0.955399 0.745651
vt 0.960035 0.756467
vt 0.955399 0.755592
vt 0.960035 0.765436
vt 0.955399 0.765438
vt 0.868368 0.942816
vt 0.868368 0.952118
vt 0.868368 0.933424
vt 0.742806 0.996990
vt 0.751762 0.973295
vt 0.751762 0.996994
vt 0.725301 0.996994
vt 0.734343 0.973295
vt 0.734353 0.996994
vt 0.539945 0.996731
vt 0.548997 0.973036
vt 0.548997 0.996735
vt 0.590399 0.973680
vt 0.591986 0.940393
vt 0.591986 0.975546
vt 1.000000 0.079086
vt 0.998528 0.044389
vt 1.000000 0.042514
vt 0.660407 0.901067
vt 0.661994 0.867780
vt 0.661994 0.902933
vt 1.000000 0.115659
vt 0.998528 0.080962
vt 1.000000 0.079086
vt 0.590399 0.903284
vt 0.591986 0.869997
vt 0.591986 0.905150
vt 0.986177 0.765427
vt 0.986177 0.756457
vt 0.986177 0.747391
vt 0.986177 0.738326
vt 0.999998 0.153111
vt 0.998526 0.118414
vt 0.999998 0.116539
vt 0.999992 0.203453
vt 0.998519 0.168775
vt 0.999992 0.166900
vt 0.481553 0.844347
vt 0.516085 0.844436
vt 0.523294 0.863251
vt 0.523294 0.867973
vt 0.510938 0.867941
vt 0.510938 0.869295
vt 0.505096 0.869280
vt 0.951185 0.372112
vt 0.951185 0.363047
vt 0.975388 0.363057
vt 0.952223 0.359543
vt 0.980125 0.359554
vt 0.474049 0.844756
vt 0.979396 0.184529
vt 0.990039 0.184585
vt 0.990039 0.194325
vt 0.979396 0.194269
vt 0.463404 0.844729
vt 0.974204 0.181235
vt 0.974204 0.190116
vt 0.872884 0.899226
vt 0.869819 0.898709
vt 0.871826 0.895025
vt 0.874891 0.895541
vt 0.499868 0.872099
vt 0.489223 0.872072
vt 0.978415 0.227072
vt 0.978303 0.230576
vt 0.045595 0.967738
vt 0.051113 0.967738
vt 0.356597 0.849961
vt 0.351383 0.849995
vt 0.351385 0.843093
vt 0.356597 0.842741
vt 0.988918 0.227076
vt 0.987880 0.230579
vt 0.978303 0.239641
vt 0.987880 0.239645
vt 0.873135 0.908103
vt 0.870071 0.907587
vt 0.460279 0.847610
vt 0.450560 0.837317
vt 0.873887 0.934643
vt 0.870823 0.934127
vt 0.870574 0.925343
vt 0.873638 0.925859
vt 0.870322 0.916465
vt 0.873387 0.916981
vt 0.978303 0.248706
vt 0.978303 0.257772
vt 0.978303 0.266742
vt 0.987880 0.257775
vt 0.987880 0.266745
vt 0.987880 0.248710
vt 0.974204 0.154684
vt 0.979396 0.155404
vt 0.979396 0.165050
vt 0.974204 0.163472
vt 0.979396 0.174790
vt 0.974204 0.172353
vt 0.980125 0.369495
vt 0.975388 0.372122
vt 0.980125 0.379437
vt 0.975388 0.381187
vt 0.980125 0.389379
vt 0.975388 0.390253
vt 0.980125 0.399224
vt 0.975388 0.399222
vt 0.990039 0.155460
vt 0.990039 0.165105
vt 0.990039 0.174845
vt 0.986620 0.464782
vt 0.995576 0.464778
vt 0.995576 0.489018
vt 0.304879 0.970877
vt 0.313931 0.970874
vt 0.313931 0.995114
vt 0.304879 0.995114
vt 0.295828 0.995114
vt 0.295837 0.970874
vt 0.590399 0.907020
vt 0.591982 0.905150
vt 0.591982 0.940393
vt 0.999538 0.576354
vt 0.999538 0.609091
vt 0.997882 0.607377
vt 0.113585 0.905794
vt 0.115168 0.903924
vt 0.115168 0.939167
vt 0.999538 0.609091
vt 0.999538 0.641828
vt 0.997882 0.640115
vt 0.958912 0.678665
vt 0.960495 0.676795
vt 0.960495 0.712037
vt 0.948704 0.399213
vt 0.948704 0.390243
vt 0.948704 0.381178
vt 0.948704 0.372112
vt 0.999538 0.646806
vt 0.999538 0.679543
vt 0.997881 0.677830
vt 0.091595 0.967243
vt 0.091595 1.000000
vt 0.089940 0.998285
vt 0.554303 0.843403
vt 0.588837 0.843515
vt 0.592255 0.852198
vt 0.592255 0.853628
vt 0.592255 0.867729
vt 0.577848 0.867682
vt 0.983698 0.792527
vt 0.983698 0.801592
vt 0.960035 0.801602
vt 0.982708 0.805098
vt 0.955399 0.805109
vt 0.546785 0.843371
vt 0.537066 0.831789
vt 0.545440 0.832798
vt 0.857723 0.980135
vt 0.868368 0.980205
vt 0.868368 0.989597
vt 0.857723 0.989527
vt 0.536139 0.843336
vt 0.526420 0.831754
vt 0.852510 0.976486
vt 0.852510 0.985050
vt 0.295199 0.692200
vt 0.292056 0.692895
vt 0.292056 0.688697
vt 0.295199 0.688002
vt 0.572605 0.869997
vt 0.561960 0.869962
vt 0.973906 0.306414
vt 0.969324 0.306413
vt 0.969408 0.302907
vt 0.973891 0.302909
vt 0.585246 0.832928
vt 0.869358 0.981111
vt 0.874877 0.981111
vt 0.874891 0.992094
vt 0.869372 0.992094
vt 0.373151 0.842741
vt 0.373181 0.848156
vt 0.369532 0.848156
vt 0.369734 0.842742
vt 0.959044 0.306417
vt 0.960034 0.302911
vt 0.969408 0.293842
vt 0.960034 0.293846
vt 0.274896 0.743503
vt 0.277849 0.743515
vt 0.277849 0.752580
vt 0.274896 0.752569
vt 0.533014 0.846137
vt 0.523294 0.836114
vt 0.277849 0.725384
vt 0.274896 0.725373
vt 0.277849 0.734450
vt 0.274896 0.734438
vt 0.973891 0.293843
vt 0.969408 0.284777
vt 0.973891 0.284778
vt 0.969408 0.275711
vt 0.973891 0.275712
vt 0.960034 0.275715
vt 0.960034 0.284780
vt 0.857723 0.961350
vt 0.852510 0.959356
vt 0.857723 0.970743
vt 0.852510 0.967921
vt 0.955399 0.795167
vt 0.960035 0.792537
vt 0.955399 0.785226
vt 0.960035 0.783471
vt 0.955399 0.775284
vt 0.960035 0.774406
vt 0.868368 0.961420
vt 0.868368 0.970812
vt 0.997293 0.252414
vt 0.988918 0.249236
vt 0.997293 0.227072
vt 0.557450 0.998413
vt 0.548997 0.995171
vt 0.557450 0.973036
vt 0.742806 0.998672
vt 0.734353 0.995430
vt 0.742806 0.973295
vt 0.997201 0.712054
vt 0.998764 0.710253
vt 0.998764 0.744990
vt 0.998526 0.116539
vt 0.998526 0.150510
vt 0.996890 0.148686
vt 0.997246 0.425759
vt 0.998809 0.423959
vt 0.998809 0.458696
vt 0.998584 0.900963
vt 0.998584 0.934934
vt 0.996948 0.933110
vt 0.997725 0.466578
vt 0.999288 0.464778
vt 0.999288 0.499515
vt 0.986177 0.774396
vt 0.986177 0.783462
vt 0.986177 0.792527
vt 0.998607 0.845797
vt 0.998607 0.879768
vt 0.996972 0.877944
vt 0.115220 0.939167
vt 0.115220 0.973150
vt 0.113585 0.971326
vt 0.592255 0.813703
vt 0.588837 0.822364
vt 0.554303 0.822252
vt 0.577848 0.798126
vt 0.592255 0.798173
vt 0.592255 0.803779
vt 0.951185 0.426313
vt 0.975388 0.435388
vt 0.951185 0.435379
vt 0.980125 0.438895
vt 0.952223 0.438884
vt 0.546785 0.820270
vt 0.979396 0.126278
vt 0.979396 0.116539
vt 0.990039 0.116594
vt 0.990039 0.126334
vt 0.536139 0.820235
vt 0.974204 0.128134
vt 0.974204 0.119253
vt 0.285342 0.688821
vt 0.287878 0.688395
vt 0.287878 0.692649
vt 0.285342 0.693075
vt 0.572605 0.793812
vt 0.561960 0.793778
vt 0.978303 0.302907
vt 0.978415 0.306412
vt 0.869372 0.970061
vt 0.874891 0.970061
vt 0.349626 0.855205
vt 0.346208 0.855182
vt 0.345976 0.849960
vt 0.349626 0.849983
vt 0.987880 0.302911
vt 0.988918 0.306416
vt 0.978303 0.293842
vt 0.987880 0.293846
vt 0.874639 0.961183
vt 0.874891 0.970061
vt 0.871826 0.969544
vt 0.871575 0.960667
vt 0.523294 0.827374
vt 0.533014 0.817414
vt 0.874136 0.943427
vt 0.871071 0.942911
vt 0.874388 0.952305
vt 0.871323 0.951789
vt 0.978303 0.284777
vt 0.978303 0.275711
vt 0.987880 0.275715
vt 0.987880 0.284780
vt 0.974204 0.145897
vt 0.979396 0.145758
vt 0.974204 0.137015
vt 0.979396 0.136018
vt 0.975388 0.426323
vt 0.980125 0.428953
vt 0.975388 0.417258
vt 0.980125 0.419012
vt 0.975388 0.408192
vt 0.980125 0.409070
vt 0.990039 0.145814
vt 0.990039 0.136074
vt 0.995019 0.489018
vt 0.995019 0.514868
vt 0.986620 0.492134
vt 0.896559 0.283840
vt 0.896559 0.309724
vt 0.888082 0.287019
vt 0.995097 0.438895
vt 0.995097 0.464778
vt 0.986620 0.442073
vt 0.997791 0.032829
vt 0.999359 0.000000
vt 0.999359 0.034624
vt 0.998553 0.342682
vt 0.997027 0.308334
vt 0.998553 0.306417
vt 0.997779 0.543466
vt 0.999347 0.510637
vt 0.999347 0.545261
vt 0.998528 0.078779
vt 0.997002 0.044431
vt 0.998528 0.042514
vt 0.997293 0.250619
vt 0.998861 0.217790
vt 0.998861 0.252414
vt 0.948704 0.408182
vt 0.948704 0.417248
vt 0.948704 0.426313
vt 0.998528 0.115045
vt 0.997002 0.080697
vt 0.998528 0.078779
vt 0.998519 0.203155
vt 0.996992 0.168817
vt 0.998519 0.166900
vt 0.683244 0.603351
vt 0.668953 0.595940
vt 0.685514 0.584234
vt 0.686249 0.585979
vt 0.690872 0.588179
vt 0.696170 0.591476
vt 0.689334 0.605057
vt 0.951053 0.590322
vt 0.932423 0.593455
vt 0.922099 0.584743
vt 0.940728 0.581610
vt 0.363739 0.842741
vt 0.363739 0.849077
vt 0.360100 0.849866
vt 0.360100 0.843530
vt 0.886845 0.117506
vt 0.884779 0.111648
vt 0.890112 0.109810
vt 0.892295 0.115627
vt 0.901406 0.105679
vt 0.904681 0.111096
vt 0.884753 0.094612
vt 0.896047 0.090481
vt 0.300765 0.612954
vt 0.300765 0.597481
vt 0.304686 0.598534
vt 0.304686 0.614008
vt 0.922550 0.577990
vt 0.939936 0.576354
vt 0.300765 0.659210
vt 0.300765 0.643900
vt 0.304686 0.644954
vt 0.304686 0.660263
vt 0.300765 0.628427
vt 0.304686 0.629481
vt 0.879420 0.096450
vt 0.874062 0.081252
vt 0.879394 0.079414
vt 0.868703 0.066054
vt 0.874036 0.064216
vt 0.863401 0.051016
vt 0.868734 0.049179
vt 0.880028 0.045047
vt 0.885330 0.060085
vt 0.890689 0.075283
vt 0.085685 0.952851
vt 0.086602 0.936760
vt 0.089919 0.937797
vt 0.089225 0.949955
vt 0.091849 0.949202
vt 0.091448 0.956237
vt 0.087510 0.920838
vt 0.090876 0.920994
vt 0.994293 0.359543
vt 0.994293 0.393728
vt 0.980125 0.366823
vt 0.977810 0.224740
vt 0.993560 0.194325
vt 0.993903 0.224740
vt 0.892170 0.994395
vt 0.906350 0.967012
vt 0.907970 0.968360
vt 0.908263 0.994395
vt 0.996644 0.984827
vt 0.998336 0.949521
vt 0.998621 0.949532
vt 0.998621 0.987050
vt 0.995905 0.617600
vt 0.997882 0.576354
vt 0.997882 0.619823
vt 0.997002 0.089274
vt 0.995131 0.044968
vt 0.997002 0.042514
vt 0.995904 0.688052
vt 0.997881 0.646806
vt 0.997881 0.690275
vt 0.053123 0.935190
vt 0.052205 0.951282
vt 0.085064 0.963731
vt 0.081634 0.967243
vt 0.881411 0.531646
vt 0.881411 0.575969
vt 0.881119 0.576320
vt 0.881133 0.566146
vt 0.879964 0.565877
vt 0.216437 0.958644
vt 0.200466 0.960629
vt 0.197070 0.930427
vt 0.194164 0.960115
vt 0.190228 0.925280
vt 0.939355 0.619236
vt 0.932646 0.612496
vt 0.939186 0.601832
vt 0.153872 0.932432
vt 0.153872 0.918910
vt 0.171284 0.918866
vt 0.171284 0.932388
vt 0.922322 0.603784
vt 0.794648 0.921401
vt 0.790713 0.921006
vt 0.793013 0.914514
vt 0.796948 0.914909
vt 0.936540 0.659102
vt 0.926215 0.650391
vt 0.581559 0.954209
vt 0.590399 0.958566
vt 0.590399 0.992446
vt 0.581559 0.985102
vt 0.881422 0.119473
vt 0.879473 0.113573
vt 0.868951 0.123732
vt 0.868102 0.117457
vt 0.874115 0.098375
vt 0.862743 0.102259
vt 0.795547 0.937277
vt 0.791612 0.936882
vt 0.917051 0.603924
vt 0.915585 0.586380
vt 0.796447 0.953153
vt 0.792512 0.952758
vt 0.868756 0.083177
vt 0.863397 0.067979
vt 0.858095 0.052941
vt 0.855490 0.053831
vt 0.853964 0.071201
vt 0.854469 0.065460
vt 0.854844 0.065684
vt 0.855238 0.062118
vt 0.854771 0.062019
vt 0.857384 0.087061
vt 0.853531 0.076132
vt 0.206206 0.929292
vt 0.207742 0.923104
vt 0.211002 0.926388
vt 0.206052 0.928291
vt 0.856743 0.090192
vt 0.860867 0.085781
vt 0.866226 0.100979
vt 0.848651 0.106972
vt 0.849132 0.106167
vt 0.856407 0.094004
vt 0.313931 0.973110
vt 0.315895 0.970874
vt 0.315895 0.999238
vt 0.315133 0.998512
vt 0.723337 0.864127
vt 0.725301 0.861891
vt 0.725301 0.869264
vt 0.723601 0.869693
vt 0.863834 0.084733
vt 0.858064 0.090439
vt 0.858086 0.090241
vt 0.858493 0.086560
vt 0.997201 0.710253
vt 0.997201 0.751982
vt 0.995089 0.749733
vt 0.300765 0.659566
vt 0.304686 0.669100
vt 0.303013 0.664996
vt 0.303056 0.664961
vt 0.302888 0.664573
vt 0.302858 0.664617
vt 0.301979 0.662459
vt 0.864178 0.036257
vt 0.869829 0.036456
vt 0.867402 0.035037
vt 0.876968 0.036367
vt 0.876518 0.046240
vt 0.876394 0.045890
vt 0.876787 0.045944
vt 0.856054 0.047409
vt 0.856072 0.047204
vt 0.840620 0.827513
vt 0.826093 0.801245
vt 0.854325 0.767709
vt 0.859210 0.810846
vt 0.843291 0.829757
vt 0.883900 0.961449
vt 0.879057 0.946078
vt 0.884145 0.947038
vt 0.888313 0.952610
vt 0.892318 0.955195
vt 0.896029 0.949281
vt 0.912517 0.952392
vt 0.919996 0.956560
vt 0.886970 0.967012
vt 0.851024 0.750244
vt 0.858622 0.742802
vt 0.862194 0.761915
vt 0.069435 0.873616
vt 0.059893 0.887311
vt 0.048872 0.879500
vt 0.058415 0.865806
vt 0.867324 0.732464
vt 0.870896 0.751577
vt 0.076536 0.874998
vt 0.067834 0.887486
vt 0.269668 0.942468
vt 0.270702 0.936185
vt 0.274446 0.936064
vt 0.273411 0.942347
vt 0.867552 0.809221
vt 0.876254 0.798883
vt 0.173009 0.441415
vt 0.170338 0.447042
vt 0.165196 0.444611
vt 0.167754 0.438930
vt 0.818484 0.788900
vt 0.995989 0.786021
vt 0.996007 0.799950
vt 0.986194 0.799950
vt 0.986177 0.786021
vt 0.164203 0.994558
vt 0.154590 0.994604
vt 0.154595 0.983830
vt 0.159164 0.973828
vt 0.164203 0.973803
vt 0.154442 0.439535
vt 0.155960 0.433364
vt 0.158329 0.459189
vt 0.147575 0.454113
vt 0.270250 0.958576
vt 0.273993 0.958455
vt 0.874238 0.733089
vt 0.876254 0.750896
vt 0.163471 0.461621
vt 0.156605 0.476199
vt 0.151463 0.473767
vt 0.149738 0.490777
vt 0.144596 0.488345
vt 0.144232 0.502467
vt 0.139746 0.499902
vt 0.139070 0.500077
vt 0.140424 0.486377
vt 0.140757 0.482530
vt 0.140304 0.482652
vt 0.141704 0.469161
vt 0.142007 0.466234
vt 0.142164 0.466251
vt 0.142232 0.465456
vt 0.907673 0.937020
vt 0.914684 0.939702
vt 0.903717 0.924466
vt 0.905131 0.922069
vt 0.909373 0.922845
vt 0.078978 0.859921
vt 0.067958 0.852111
vt 0.105945 0.878353
vt 0.097788 0.890060
vt 0.084693 0.863292
vt 0.084723 0.863311
vt 0.000000 0.000000
vt 0.000000 0.000000
vt 0.000000 0.000000
vt 0.723289 0.874907
vt 0.723537 0.869693
vt 0.725301 0.870061
vt 0.725301 0.877274
vt 0.305287 0.624924
vt 0.305287 0.637697
vt 0.304773 0.637590
vt 0.897593 0.940210
vt 0.895625 0.949905
vt 0.897083 0.947584
vt 0.115211 0.761353
vt 0.115211 0.783514
vt 0.114321 0.783274
vt 0.805003 0.783528
vt 0.799152 0.781511
vt 0.804836 0.751689
vt 0.833234 0.749992
vt 0.469716 0.980168
vt 0.455459 0.972688
vt 0.469517 0.945841
vt 0.469716 0.945866
vt 0.450560 0.968629
vt 0.462898 0.945064
vt 0.839159 0.742565
vt 0.847861 0.732227
vt 0.902127 0.228772
vt 0.898232 0.228167
vt 0.900646 0.221713
vt 0.904541 0.222318
vt 0.178182 0.443857
vt 0.175399 0.449432
vt 0.986194 0.772005
vt 0.996007 0.772005
vt 0.101120 0.983783
vt 0.101120 0.994559
vt 0.091849 0.994620
vt 0.091859 0.973862
vt 0.093470 0.973852
vt 0.099653 0.980466
vt 0.190228 0.449554
vt 0.186383 0.454627
vt 0.168532 0.464010
vt 0.179517 0.469205
vt 0.902775 0.244550
vt 0.898880 0.243945
vt 0.847614 0.726838
vt 0.865522 0.725768
vt 0.904072 0.276107
vt 0.900177 0.275502
vt 0.899529 0.259723
vt 0.903424 0.260328
vt 0.161666 0.478588
vt 0.154799 0.493166
vt 0.148005 0.507590
vt 0.143475 0.505452
vt 0.143555 0.503904
vt 0.144108 0.502729
vt 0.144223 0.502730
vt 0.165783 0.498361
vt 0.158989 0.512785
vt 0.172650 0.483783
vt 0.381036 0.891419
vt 0.387621 0.892332
vt 0.387621 0.909483
vt 0.381036 0.907044
vt 0.381036 0.922836
vt 0.387621 0.925668
vt 0.385760 0.925680
vt 0.381036 0.925710
vt 0.953840 0.877857
vt 0.953840 0.861738
vt 0.958231 0.858324
vt 0.959848 0.862581
vt 0.959848 0.874743
vt 0.959848 0.892420
vt 0.953840 0.893975
vt 0.959848 0.909926
vt 0.953840 0.909924
vt 0.401119 0.892402
vt 0.401119 0.909553
vt 0.401119 0.926871
vt 0.388793 0.926807
vt 0.190228 0.961777
vt 0.206322 0.961770
vt 0.206322 0.992514
vt 0.973324 0.805115
vt 0.989419 0.805109
vt 0.989419 0.835853
vt 0.521286 0.919170
vt 0.523294 0.916798
vt 0.523294 0.961497
vt 0.997791 0.000000
vt 0.997791 0.040591
vt 0.995642 0.038465
vt 0.521286 0.874471
vt 0.523294 0.872099
vt 0.523294 0.916798
vt 0.997725 0.464778
vt 0.997725 0.505369
vt 0.995576 0.503243
vt 0.994788 0.254786
vt 0.996796 0.252414
vt 0.996796 0.297113
vt 0.919996 0.893963
vt 0.919996 0.877844
vt 0.919996 0.861726
vt 0.953466 0.845797
vt 0.953840 0.846764
vt 0.898037 0.310858
vt 0.896559 0.284343
vt 0.897012 0.284189
vt 0.898037 0.283840
vt 0.156030 0.519067
vt 0.142800 0.518640
vt 0.381036 0.875794
vt 0.387621 0.875180
vt 0.381036 0.860003
vt 0.387621 0.857863
vt 0.381036 0.859757
vt 0.386618 0.856197
vt 0.387621 0.855557
vt 0.953840 0.925873
vt 0.959848 0.927433
vt 0.401119 0.875251
vt 0.401119 0.857933
vt 0.400556 0.855625
vt 0.401119 0.856189
vt 0.355005 0.859866
vt 0.355005 0.875658
vt 0.355005 0.891283
vt 0.823058 0.890525
vt 0.815915 0.897722
vt 0.816430 0.896648
vt 0.078418 0.479743
vt 0.060848 0.478001
vt 0.066433 0.434539
vt 0.084085 0.435649
vt 0.761895 0.715693
vt 0.744185 0.716449
vt 0.745485 0.652777
vt 0.763210 0.651768
vt 0.762340 0.559347
vt 0.744628 0.561682
vt 0.744200 0.516135
vt 0.761906 0.513137
vt 0.789314 0.185215
vt 0.757604 0.125935
vt 0.764056 0.122437
vt 0.796612 0.185219
vt 0.622688 0.746324
vt 0.571106 0.779399
vt 0.569973 0.754479
vt 0.613904 0.726310
vt 0.342000 0.488550
vt 0.324300 0.488012
vt 0.324300 0.433863
vt 0.342000 0.433613
vt 0.054858 0.657714
vt 0.037594 0.653607
vt 0.044092 0.608386
vt 0.061419 0.612025
vt 0.155385 0.682473
vt 0.189117 0.671539
vt 0.190228 0.707256
vt 0.115490 0.720361
vt 0.115327 0.715108
vt 0.124078 0.713948
vt 0.126816 0.713585
vt 0.316232 0.970874
vt 0.295828 0.970874
vt 0.307843 0.933713
vt 0.637155 0.867780
vt 0.636752 0.887905
vt 0.599622 0.893059
vt 0.416848 0.590057
vt 0.414284 0.534050
vt 0.436416 0.545527
vt 0.438600 0.593225
vt 0.711743 0.629288
vt 0.712542 0.688709
vt 0.690428 0.677242
vt 0.688244 0.629544
vt 0.431971 0.707252
vt 0.421977 0.702070
vt 0.442968 0.688621
vt 0.451479 0.693035
vt 0.513538 0.475231
vt 0.512105 0.466761
vt 0.561016 0.433116
vt 0.556871 0.468291
vt 0.549319 0.473133
vt 0.264518 0.718684
vt 0.190283 0.710217
vt 0.190228 0.701002
vt 0.254449 0.710781
vt 0.254454 0.711735
vt 0.257792 0.711290
vt 0.264480 0.712309
vt 0.190228 0.793594
vt 0.190228 0.843159
vt 0.115490 0.814379
vt 0.115490 0.780090
vt 0.262979 0.663739
vt 0.190775 0.631988
vt 0.191049 0.597481
vt 0.265048 0.640693
vt 0.264869 0.663216
vt 0.852560 0.359480
vt 0.840421 0.377568
vt 0.807827 0.361038
vt 0.821915 0.339928
vt 0.831261 0.139192
vt 0.815508 0.140339
vt 0.815508 0.127724
vt 0.831261 0.126394
vt 0.190210 0.930613
vt 0.190210 0.975975
vt 0.177886 0.976134
vt 0.177886 0.930771
vt 0.764978 0.443963
vt 0.748954 0.444707
vt 0.749638 0.434433
vt 0.765420 0.434012
vt 0.881479 0.414325
vt 0.870723 0.406565
vt 0.867284 0.399084
vt 0.853196 0.391864
vt 0.856332 0.391182
vt 0.621340 0.860665
vt 0.627564 0.843259
vt 0.661994 0.850947
vt 0.653206 0.867780
vt 0.641498 0.865166
vt 0.625316 0.861553
vt 0.816411 0.474937
vt 0.816411 0.445128
vt 0.849506 0.433116
vt 0.849506 0.468926
vt 0.251728 0.987749
vt 0.250997 0.974695
vt 0.261157 0.974695
vt 0.263412 0.981241
vt 0.259934 0.982196
vt 0.261847 0.987749
vt 0.049678 0.564924
vt 0.012929 0.566365
vt 0.016153 0.541279
vt 0.870899 0.329200
vt 0.835900 0.316398
vt 0.646618 0.007374
vt 0.599052 0.007374
vt 0.599051 0.000000
vt 0.646617 0.000000
vt 0.503928 0.416250
vt 0.503929 0.425744
vt 0.498860 0.431060
vt 0.498615 0.421155
vt 0.694183 0.007374
vt 0.697802 0.000954
vt 0.361213 0.682448
vt 0.377227 0.682620
vt 0.377202 0.691589
vt 0.361430 0.691732
vt 0.516680 0.425744
vt 0.567350 0.425744
vt 0.567352 0.433116
vt 0.512630 0.431474
vt 0.329184 0.682105
vt 0.345199 0.682276
vt 0.345659 0.691875
vt 0.329887 0.692018
vt 0.797025 0.442474
vt 0.781002 0.443218
vt 0.781202 0.433592
vt 0.796983 0.433172
vt 0.862766 0.136897
vt 0.847013 0.138044
vt 0.847013 0.125063
vt 0.862766 0.123732
vt 0.089387 0.665929
vt 0.072123 0.661821
vt 0.078746 0.615664
vt 0.096072 0.619303
vt 0.990577 0.109409
vt 0.990579 0.042514
vt 0.992903 0.042514
vt 0.992903 0.109404
vt 0.359700 0.489089
vt 0.359700 0.433364
vt 0.994660 0.213875
vt 0.994660 0.166900
vt 0.996992 0.166900
vt 0.996992 0.213874
vt 0.780052 0.557013
vt 0.779611 0.510140
vt 0.878541 0.780106
vt 0.898245 0.834158
vt 0.896075 0.834949
vt 0.876254 0.779769
vt 0.779606 0.714938
vt 0.780934 0.650759
vt 0.929176 0.166097
vt 0.958826 0.226039
vt 0.956743 0.227072
vt 0.926865 0.166024
vt 0.095989 0.481485
vt 0.101736 0.436759
vt 0.847013 0.298015
vt 0.831261 0.296901
vt 0.831261 0.248230
vt 0.847013 0.248647
vt 0.945748 0.568481
vt 0.945748 0.552724
vt 0.966649 0.552477
vt 0.966649 0.568235
vt 0.862766 0.299130
vt 0.862766 0.249063
vt 0.945748 0.536967
vt 0.966649 0.536720
vt 0.945748 0.515760
vt 0.966649 0.516014
vt 0.815508 0.187769
vt 0.803204 0.187622
vt 0.803204 0.140191
vt 0.826650 0.975447
vt 0.826650 0.914585
vt 0.837129 0.914592
vt 0.837129 0.975454
vt 0.815508 0.295787
vt 0.815508 0.247814
vt 0.831261 0.187312
vt 0.190992 0.828878
vt 0.190775 0.792672
vt 0.264858 0.775726
vt 0.265008 0.800774
vt 0.190502 0.746837
vt 0.254649 0.744398
vt 0.254777 0.765860
vt 0.087993 0.901774
vt 0.089424 0.902063
vt 0.098647 0.903924
vt 0.254798 0.769257
vt 0.264812 0.767922
vt 0.561080 0.749867
vt 0.560662 0.773984
vt 0.532586 0.759425
vt 0.837653 0.974797
vt 0.837724 0.976388
vt 0.838104 0.984955
vt 0.524501 0.743129
vt 0.527638 0.732526
vt 0.537525 0.749882
vt 0.359700 0.617907
vt 0.342000 0.615548
vt 0.342000 0.549195
vt 0.359700 0.550603
vt 0.919996 0.893826
vt 0.917826 0.894616
vt 0.377401 0.620267
vt 0.377401 0.552011
vt 0.960880 0.001154
vt 0.929169 0.056166
vt 0.926865 0.056103
vt 0.958886 0.000000
vt 0.190228 0.748293
vt 0.115490 0.748751
vt 0.324300 0.613188
vt 0.324300 0.547787
vt 0.669834 0.716094
vt 0.654055 0.700564
vt 0.058877 0.754136
vt 0.041737 0.749092
vt 0.048298 0.703403
vt 0.065500 0.707979
vt 0.275429 0.933786
vt 0.275429 0.886147
vt 0.277761 0.886147
vt 0.277761 0.933786
vt 0.919996 0.727199
vt 0.918165 0.725768
vt 0.082702 0.712554
vt 0.710145 0.510446
vt 0.710944 0.569867
vt 0.686060 0.581846
vt 0.683877 0.534148
vt 0.687180 0.606298
vt 0.688937 0.604906
vt 0.689401 0.604577
vt 0.523294 0.933227
vt 0.541249 0.902348
vt 0.544843 0.902768
vt 0.547500 0.910317
vt 0.547222 0.910393
vt 0.547867 0.911960
vt 0.548041 0.911852
vt 0.549319 0.915485
vt 0.551930 0.922298
vt 0.572646 0.927600
vt 0.584996 0.933227
vt 0.564504 0.928027
vt 0.553185 0.922870
vt 0.542805 0.899672
vt 0.543385 0.901079
vt 0.544093 0.900637
vt 0.024597 0.744049
vt 0.031095 0.698828
vt 0.067085 0.567931
vt 0.084493 0.570938
vt 0.072752 0.523837
vt 0.090241 0.526211
vt 0.275429 0.838507
vt 0.277761 0.838508
vt 0.101901 0.573945
vt 0.913449 0.725269
vt 0.913907 0.707458
vt 0.915540 0.707347
vt 0.915540 0.725236
vt 0.991256 0.699872
vt 0.991256 0.717646
vt 0.988972 0.717631
vt 0.988972 0.699856
vt 0.745451 0.941486
vt 0.745451 0.920259
vt 0.752406 0.919994
vt 0.752406 0.941395
vt 0.629994 0.806541
vt 0.659157 0.813052
vt 0.606578 0.838574
vt 0.607929 0.830756
vt 0.606673 0.829372
vt 0.606768 0.828651
vt 0.597265 0.816496
vt 0.600830 0.800030
vt 0.598527 0.820395
vt 0.598175 0.820024
vt 0.605835 0.828448
vt 0.022600 0.491108
vt 0.025824 0.466022
vt 0.055263 0.521462
vt 0.019376 0.516194
vt 0.639986 0.950772
vt 0.640250 0.991290
vt 0.627200 0.991448
vt 0.626937 0.950930
vt 0.861454 0.537005
vt 0.849506 0.540544
vt 0.849506 0.504735
vt 0.872985 0.503257
vt 0.872985 0.511882
vt 0.863104 0.528209
vt 0.865823 0.529785
vt 0.872985 0.472925
vt 0.816411 0.564363
vt 0.816411 0.534554
vt 0.849506 0.576354
vt 0.816411 0.504745
vt 0.273220 0.992384
vt 0.273220 0.974695
vt 0.275423 0.974711
vt 0.275423 0.992400
vt 0.778278 0.779117
vt 0.760581 0.779619
vt 0.794634 0.843049
vt 0.776951 0.843296
vt 0.795976 0.778615
vt 0.797317 0.714182
vt 0.779339 0.845338
vt 0.790580 0.919994
vt 0.743758 0.919994
vt 0.744580 0.900736
vt 0.747131 0.898096
vt 0.759169 0.885572
vt 0.763789 0.845338
vt 0.725301 0.919994
vt 0.734520 0.911152
vt 0.463195 0.500406
vt 0.476568 0.519782
vt 0.511791 0.475333
vt 0.498513 0.498159
vt 0.492394 0.509633
vt 0.759267 0.843544
vt 0.741584 0.843792
vt 0.742884 0.780120
vt 0.449174 0.976559
vt 0.449174 0.994240
vt 0.447561 0.994510
vt 0.447561 0.976829
vt 0.994639 0.893964
vt 0.994646 0.846990
vt 0.996650 0.845797
vt 0.996972 0.893964
vt 0.084228 0.433364
vt 0.101901 0.435057
vt 0.295828 0.981251
vt 0.278095 0.982755
vt 0.278095 0.935881
vt 0.295828 0.933713
vt 0.190502 0.666495
vt 0.209663 0.672164
vt 0.209513 0.672205
vt 0.207979 0.674941
vt 0.245877 0.706134
vt 0.210013 0.691912
vt 0.219322 0.691737
vt 0.997020 0.423959
vt 0.997246 0.424635
vt 0.997221 0.424635
vt 0.203812 0.682368
vt 0.201170 0.687118
vt 0.401514 0.423276
vt 0.401514 0.422336
vt 0.401514 0.422152
vt 0.203387 0.683097
vt 0.256156 0.665625
vt 0.401514 0.464809
vt 0.401514 0.455645
vt 0.401514 0.433364
vt 0.232867 0.672063
vt 0.229864 0.672894
vt 0.225046 0.669696
vt 0.223147 0.668436
vt 0.221964 0.668763
vt 0.419412 0.646063
vt 0.440784 0.640923
vt 0.745057 0.607230
vt 0.762775 0.605558
vt 0.177886 0.919024
vt 0.171284 0.930856
vt 0.171284 0.919109
vt 0.482051 0.979456
vt 0.482051 0.969159
vt 0.488660 0.969178
vt 0.488660 0.979475
vt 0.815508 0.307858
vt 0.803204 0.307711
vt 0.803204 0.295639
vt 0.771337 0.980767
vt 0.771337 0.990705
vt 0.759010 0.990544
vt 0.759010 0.980606
vt 0.977971 0.342757
vt 0.977971 0.355031
vt 0.965647 0.355190
vt 0.965647 0.342915
vt 0.731894 0.515277
vt 0.736648 0.443850
vt 0.317579 0.692732
vt 0.316877 0.682819
vt 0.469716 0.969124
vt 0.469716 0.945723
vt 0.471250 0.945641
vt 0.482051 0.945064
vt 0.015753 0.966774
vt 0.000000 0.966357
vt 0.000000 0.905439
vt 0.015753 0.904982
vt 0.031505 0.967190
vt 0.031505 0.904525
vt 0.959848 0.976782
vt 0.959848 0.915034
vt 0.981173 0.915040
vt 0.981173 0.976788
vt 0.745451 0.957259
vt 0.725301 0.957523
vt 0.725301 0.941751
vt 0.745451 0.973031
vt 0.725302 0.973295
vt 0.881484 0.566655
vt 0.903173 0.566677
vt 0.903236 0.575670
vt 0.881479 0.576093
vt 0.680868 0.425744
vt 0.694192 0.425744
vt 0.699273 0.431060
vt 0.684883 0.431492
vt 0.551486 0.007374
vt 0.551485 0.000000
vt 0.694182 0.350250
vt 0.728877 0.290061
vt 0.735195 0.293707
vt 0.701211 0.352290
vt 0.725893 0.066654
vt 0.732354 0.063151
vt 0.408788 0.185215
vt 0.440499 0.240227
vt 0.434206 0.243873
vt 0.401514 0.185219
vt 0.760588 0.235049
vt 0.766905 0.238696
vt 0.503921 0.007374
vt 0.472210 0.066654
vt 0.465762 0.063151
vt 0.500307 0.000954
vt 0.472209 0.295238
vt 0.465916 0.298885
vt 0.694191 0.416250
vt 0.699517 0.421155
vt 0.440499 0.125935
vt 0.434063 0.122437
vt 0.503919 0.350250
vt 0.496910 0.352290
vt 0.409865 0.709829
vt 0.407081 0.649029
vt 0.455479 0.489226
vt 0.509443 0.451024
vt 0.650202 0.868085
vt 0.649799 0.888210
vt 0.797317 0.504751
vt 0.797317 0.478405
vt 0.797317 0.531098
vt 0.018166 0.697051
vt 0.024665 0.651830
vt 0.640250 0.940414
vt 0.627200 0.940571
vt 0.725301 0.496770
vt 0.725301 0.562955
vt 0.678938 0.725054
vt 0.627757 0.757871
vt 0.311246 0.487819
vt 0.311246 0.433670
vt 0.560422 0.787899
vt 0.526857 0.770494
vt 0.837129 0.963015
vt 0.837343 0.967821
vt 0.881479 0.311729
vt 0.612314 0.976126
vt 0.592255 0.972935
vt 0.612314 0.940414
vt 0.873001 0.414332
vt 0.873001 0.430131
vt 0.859946 0.430124
vt 0.859946 0.414325
vt 0.975919 0.635856
vt 0.986892 0.635249
vt 0.986892 0.648324
vt 0.975919 0.648930
vt 0.420715 0.715455
vt 0.725301 0.629140
vt 0.725301 0.695325
vt 0.404298 0.588229
vt 0.401514 0.527428
vt 0.599742 0.923061
vt 0.636053 0.922784
vt 0.993175 0.393837
vt 0.993175 0.428214
vt 0.980125 0.428105
vt 0.980125 0.393728
vt 0.539945 0.969036
vt 0.539945 0.933227
vt 0.563425 0.942704
vt 0.563425 0.973036
vt 0.948631 0.358288
vt 0.926865 0.363197
vt 0.936226 0.328636
vt 0.948631 0.328354
vt 0.941049 0.335586
vt 0.943314 0.337771
vt 0.977532 0.060864
vt 0.977532 0.000000
vt 0.989985 0.002402
vt 0.989985 0.058467
vt 0.345619 0.917304
vt 0.346311 0.983486
vt 0.332741 0.983486
vt 0.332919 0.924059
vt 0.700183 0.957193
vt 0.700183 0.983540
vt 0.681088 0.980083
vt 0.681088 0.950275
vt 0.975109 0.649445
vt 0.975109 0.715630
vt 0.961551 0.715778
vt 0.960752 0.656357
vt 0.265048 0.835826
vt 0.265048 0.780690
vt 0.277491 0.777843
vt 0.277491 0.828631
vt 0.681088 0.950275
vt 0.681088 0.976621
vt 0.661994 0.983552
vt 0.661994 0.953743
vt 0.975919 0.583260
vt 0.975919 0.649445
vt 0.960752 0.635775
vt 0.961551 0.576354
vt 0.986620 0.440846
vt 0.986620 0.507439
vt 0.974177 0.500237
vt 0.974177 0.438895
vt 0.728533 0.843867
vt 0.729834 0.780196
vt 0.994639 0.845797
vt 0.994639 0.875206
vt 0.981584 0.875210
vt 0.981584 0.845801
vt 0.731134 0.716524
vt 0.732435 0.652853
vt 0.632831 0.793778
vt 0.661994 0.800289
vt 0.732007 0.607305
vt 0.731578 0.561758
vt 0.345795 0.858610
vt 0.345976 0.917304
vt 0.332922 0.917144
vt 0.332741 0.858449
vt 0.796612 0.354344
vt 0.810701 0.333234
vt 0.013030 0.968460
vt 0.013030 0.992369
vt 0.000000 0.991647
vt 0.000000 0.967738
vt 0.919996 0.973876
vt 0.932650 0.974463
vt 0.932650 0.987539
vt 0.919996 0.986952
vt 0.988972 0.576555
vt 0.988972 0.635249
vt 0.975919 0.635049
vt 0.975919 0.576354
vt 0.986739 0.722697
vt 0.975109 0.723227
vt 0.975109 0.710157
vt 0.986739 0.709627
vt 0.988160 0.695208
vt 0.988193 0.709627
vt 0.975142 0.709589
vt 0.975109 0.695170
vt 0.816097 0.975454
vt 0.826871 0.975882
vt 0.826871 0.988958
vt 0.816097 0.988530
vt 0.447561 0.916966
vt 0.447402 0.927740
vt 0.434357 0.928135
vt 0.434516 0.917361
vt 0.994229 0.949521
vt 0.994229 0.978930
vt 0.981173 0.978934
vt 0.981173 0.949525
vt 0.512182 0.969652
vt 0.512182 0.988860
vt 0.499127 0.988938
vt 0.499127 0.969730
vt 0.447561 0.985938
vt 0.434516 0.986333
vt 0.893646 0.707952
vt 0.893646 0.721783
vt 0.880609 0.721179
vt 0.880609 0.707347
vt 0.988193 0.649484
vt 0.975142 0.649445
vt 0.009671 0.489331
vt 0.012895 0.464245
vt 0.846898 0.432380
vt 0.846898 0.414325
vt 0.859946 0.414590
vt 0.859946 0.432645
vt 0.345976 0.842901
vt 0.332922 0.842741
vt 0.311246 0.612995
vt 0.311246 0.547594
vt 0.906687 0.707347
vt 0.906687 0.720661
vt 0.893646 0.721139
vt 0.893646 0.707825
vt 0.880609 0.707825
vt 0.880609 0.722039
vt 0.867562 0.721561
vt 0.867562 0.707347
vt 0.977532 0.109409
vt 0.977532 0.061224
vt 0.990577 0.060864
vt 0.990577 0.109050
vt 0.000000 0.564588
vt 0.003224 0.539502
vt 0.981173 0.949411
vt 0.981173 0.915034
vt 0.994222 0.915144
vt 0.994222 0.949521
vt 0.808855 0.988530
vt 0.797317 0.988851
vt 0.797317 0.975775
vt 0.808855 0.975454
vt 0.881517 0.501038
vt 0.902730 0.503748
vt 0.469716 0.979421
vt 0.311992 0.613902
vt 0.737332 0.433576
vt 0.499127 0.872099
vt 0.499079 0.945064
vt 0.451898 0.945064
vt 0.451900 0.941793
vt 0.450560 0.896659
vt 0.450576 0.872099
vt 0.451930 0.896659
vt 0.451906 0.932824
vt 0.970437 0.154665
vt 0.969923 0.163450
vt 0.969403 0.172328
vt 0.451924 0.905724
vt 0.451918 0.914789
vt 0.752406 0.990458
vt 0.752406 0.980520
vt 0.797317 0.507143
vt 0.571759 0.793778
vt 0.630771 0.425744
vt 0.630773 0.433116
vt 0.796612 0.187543
vt 0.796612 0.140112
vt 0.191049 0.838507
vt 0.265048 0.807435
vt 0.803204 0.127577
vt 0.847013 0.186855
vt 0.862766 0.186398
vt 0.803204 0.247666
vt 0.796612 0.295560
vt 0.796612 0.247587
vt 0.790713 0.914427
vt 0.790713 0.845338
vt 0.797317 0.845424
vt 0.797317 0.914513
vt 0.831261 0.309148
vt 0.862766 0.311729
vt 0.847013 0.310439
vt 0.190210 0.918866
vt 0.264628 0.737226
vt 0.254614 0.738561
vt 0.709996 0.866751
vt 0.722762 0.866742
vt 0.722762 0.877237
vt 0.709996 0.877246
vt 0.238779 0.849011
vt 0.190228 0.849043
vt 0.190228 0.838548
vt 0.238779 0.838515
vt 0.709996 0.793786
vt 0.722762 0.793778
vt 0.661994 0.866783
vt 0.661994 0.877278
vt 0.250997 0.921967
vt 0.238779 0.921975
vt 0.250997 0.849003
vt 0.250997 0.838507
vt 0.310986 0.693114
vt 0.310283 0.683201
vt 0.796612 0.307632
vt 0.989902 0.515672
vt 0.989902 0.562352
vt 0.983300 0.562437
vt 0.983300 0.515757
vt 0.730055 0.443391
vt 0.730739 0.433116
vt 0.992779 0.725768
vt 0.992779 0.771920
vt 0.986177 0.772005
vt 0.986177 0.725853
vt 0.305399 0.614285
vt 0.959044 0.355275
vt 0.959044 0.343000
vt 0.180793 0.914745
vt 0.180793 0.843159
vt 0.187402 0.843178
vt 0.187402 0.914764
vt 0.725301 0.514818
vt 0.796612 0.127498
vt 0.955397 0.783413
vt 0.937696 0.782875
vt 0.937701 0.725966
vt 0.955399 0.725768
vt 0.581158 0.980765
vt 0.563425 0.982932
vt 0.563425 0.936057
vt 0.581158 0.933227
vt 0.864645 0.124321
vt 0.882362 0.123732
vt 0.880506 0.189424
vt 0.862766 0.189926
vt 0.938533 0.484628
vt 0.920885 0.485146
vt 0.920775 0.438996
vt 0.938533 0.438895
vt 0.937699 0.844389
vt 0.919998 0.842982
vt 0.919996 0.782337
vt 0.955399 0.845797
vt 0.065079 0.709605
vt 0.047896 0.705037
vt 0.054457 0.659348
vt 0.071721 0.663455
vt 0.075397 0.761353
vt 0.058261 0.756296
vt 0.082263 0.714173
vt 0.920885 0.530241
vt 0.903236 0.530122
vt 0.903236 0.485664
vt 0.938533 0.576093
vt 0.920885 0.575336
vt 0.938533 0.530360
vt 0.874891 0.895025
vt 0.857140 0.894544
vt 0.857207 0.830605
vt 0.874891 0.829757
vt 0.898232 0.189248
vt 0.898232 0.235461
vt 0.880499 0.236965
vt 0.898232 0.281673
vt 0.880499 0.283840
vt 0.862766 0.238470
vt 0.994660 0.116539
vt 0.994660 0.180061
vt 0.992356 0.180061
vt 0.992356 0.116539
vt 0.958826 0.117748
vt 0.956857 0.116539
vt 0.722975 0.861875
vt 0.723304 0.794982
vt 0.725301 0.793778
vt 0.725301 0.861891
vt 0.993601 0.709443
vt 0.993601 0.646806
vt 0.995904 0.646807
vt 0.995904 0.709443
vt 0.991275 0.642897
vt 0.991275 0.576358
vt 0.993601 0.576354
vt 0.993601 0.642893
vt 0.960880 0.115445
vt 0.958835 0.116539
vt 0.794645 0.845338
vt 0.776891 0.845022
vt 0.988972 0.699856
vt 0.988972 0.638106
vt 0.991275 0.638104
vt 0.991275 0.699853
vt 0.995089 0.710253
vt 0.995089 0.772003
vt 0.992779 0.772005
vt 0.992779 0.710255
vt 0.654051 0.976454
vt 0.654051 0.994280
vt 0.652186 0.994267
vt 0.652189 0.976461
vt 0.275429 0.981425
vt 0.277761 0.981426
vt 0.993601 0.638991
vt 0.993601 0.576356
vt 0.995905 0.576354
vt 0.995905 0.638989
vt 0.991275 0.709437
vt 0.991275 0.642897
vt 0.993601 0.642904
vt 0.993601 0.709443
vt 0.988972 0.576356
vt 0.991275 0.576354
vt 0.994694 0.352727
vt 0.994694 0.306417
vt 0.997027 0.306417
vt 0.997027 0.352727
vt 0.998704 0.377379
vt 0.998704 0.395214
vt 0.996520 0.395287
vt 0.996520 0.377452
vt 0.654051 0.994430
vt 0.654051 0.976454
vt 0.655835 0.976504
vt 0.655835 0.994480
vt 0.645380 0.976483
vt 0.645380 0.994338
vt 0.643112 0.994309
vt 0.643112 0.976454
vt 0.990039 0.184850
vt 0.990542 0.117957
vt 0.992356 0.116539
vt 0.992356 0.184875
vt 0.649881 0.976454
vt 0.649881 0.994222
vt 0.647666 0.994259
vt 0.647666 0.976491
vt 0.590399 0.993316
vt 0.590399 0.975546
vt 0.592200 0.975733
vt 0.592200 0.993502
vt 0.609347 0.976126
vt 0.609347 0.993805
vt 0.607143 0.993816
vt 0.607143 0.976137
vt 0.998704 0.359543
vt 0.996520 0.359616
vt 0.881476 0.414455
vt 0.881476 0.432266
vt 0.879669 0.432137
vt 0.879669 0.414325
vt 0.645380 0.994147
vt 0.645380 0.976454
vt 0.647666 0.976458
vt 0.647666 0.994151
vt 0.839580 0.893511
vt 0.852145 0.893052
vt 0.853237 0.912525
vt 0.840547 0.912989
vt 0.515785 0.938254
vt 0.521078 0.938272
vt 0.521078 0.953932
vt 0.519348 0.954674
vt 0.515785 0.954661
vt 0.296825 0.844761
vt 0.296941 0.861167
vt 0.279469 0.861167
vt 0.279353 0.844761
vt 0.287955 0.844761
vt 0.287659 0.846233
vt 0.290748 0.846179
vt 0.290425 0.844761
vt 0.290031 0.843032
vt 0.296812 0.842912
vt 0.170045 0.560248
vt 0.165832 0.544212
vt 0.175019 0.545169
vt 0.179640 0.562755
vt 0.161618 0.528176
vt 0.170399 0.527583
vt 0.157449 0.512309
vt 0.165823 0.510166
vt 0.825797 0.894015
vt 0.826764 0.913493
vt 0.626937 0.987690
vt 0.618466 0.964764
vt 0.619462 0.963761
vt 0.618756 0.962003
vt 0.612539 0.946519
vt 0.612314 0.945957
vt 0.626937 0.940414
vt 0.829499 0.846694
vt 0.830670 0.870293
vt 0.826012 0.864772
vt 0.825123 0.846854
vt 0.401514 0.433364
vt 0.401514 0.440447
vt 0.401140 0.439739
vt 0.881343 0.464371
vt 0.881343 0.488061
vt 0.880090 0.485693
vt 0.110284 0.524398
vt 0.142934 0.516030
vt 0.156880 0.512455
vt 0.172862 0.570971
vt 0.165290 0.561467
vt 0.401171 0.992641
vt 0.398159 0.941260
vt 0.401171 0.938786
vt 0.590399 0.878109
vt 0.590399 0.888036
vt 0.584996 0.888054
vt 0.584996 0.871646
vt 0.586092 0.871643
vt 0.313212 0.861050
vt 0.313105 0.845889
vt 0.319797 0.848470
vt 0.319133 0.851365
vt 0.328364 0.844423
vt 0.330289 0.844396
vt 0.330405 0.860802
vt 0.322023 0.852479
vt 0.322538 0.849527
vt 0.886157 0.026771
vt 0.895139 0.028287
vt 0.885910 0.043947
vt 0.877740 0.041051
vt 0.876592 0.043000
vt 0.883851 0.047439
vt 0.876079 0.046396
vt 0.863743 0.038707
vt 0.831858 0.033367
vt 0.836896 0.024819
vt 0.798249 0.690881
vt 0.798999 0.691496
vt 0.807963 0.698847
vt 0.846852 0.023110
vt 0.881256 0.464371
vt 0.880090 0.433845
vt 0.881256 0.433116
vt 0.827952 0.031060
vt 0.863002 0.038093
vt 0.861732 0.046283
vt 0.401496 0.449706
vt 0.401496 0.451071
vt 0.401444 0.451056
vt 0.512250 0.906354
vt 0.512250 0.872099
vt 0.515785 0.872130
vt 0.515785 0.906385
vt 0.901669 0.898449
vt 0.915635 0.907356
vt 0.891646 0.944474
vt 0.919996 0.912378
vt 0.892352 0.955185
vt 0.042221 0.815013
vt 0.028189 0.811050
vt 0.024749 0.785466
vt 0.039126 0.791627
vt 0.012295 0.799785
vt 0.008856 0.774202
vt 0.108476 0.751643
vt 0.108476 0.758673
vt 0.101901 0.758936
vt 0.101901 0.751906
vt 0.305522 0.933610
vt 0.297256 0.933713
vt 0.297409 0.927319
vt 0.305496 0.927217
vt 0.512250 0.969621
vt 0.499127 0.965459
vt 0.499127 0.912006
vt 0.931798 0.717585
vt 0.926620 0.700795
vt 0.937656 0.696717
vt 0.949071 0.711202
vt 0.937659 0.677044
vt 0.949071 0.676951
vt 0.278095 0.933713
vt 0.279937 0.927319
vt 0.297292 0.910737
vt 0.279820 0.910737
vt 0.521078 0.888700
vt 0.515785 0.888682
vt 0.515785 0.872099
vt 0.521078 0.872117
vt 0.004934 0.800201
vt 0.000000 0.776683
vt 0.515785 0.921847
vt 0.521078 0.921865
vt 0.515785 0.905264
vt 0.521078 0.905282
vt 0.305378 0.910635
vt 0.297175 0.894155
vt 0.305261 0.894053
vt 0.297057 0.877574
vt 0.305143 0.877472
vt 0.305027 0.861065
vt 0.279585 0.877574
vt 0.279702 0.894155
vt 0.877680 0.935568
vt 0.883249 0.948084
vt 0.881172 0.945407
vt 0.882590 0.944959
vt 0.877510 0.938167
vt 0.875875 0.935981
vt 0.876783 0.934996
vt 0.114672 0.523243
vt 0.110503 0.507376
vt 0.140418 0.486455
vt 0.106290 0.491340
vt 0.102076 0.475303
vt 0.144854 0.464370
vt 0.143331 0.465435
vt 0.447561 0.919753
vt 0.450286 0.916966
vt 0.450286 0.976559
vt 0.401496 0.440447
vt 0.401496 0.443629
vt 0.401408 0.442905
vt 0.994222 0.903750
vt 0.996948 0.900963
vt 0.996948 0.949484
vt 0.996419 0.949521
vt 0.994780 0.041621
vt 0.992917 0.002787
vt 0.995642 0.000000
vt 0.995642 0.040892
vt 0.994952 0.040940
vt 0.142504 0.503449
vt 0.106115 0.508531
vt 0.139915 0.486399
vt 0.138479 0.500236
vt 0.101901 0.492495
vt 0.904107 0.894616
vt 0.995131 0.042514
vt 0.995131 0.107538
vt 0.992903 0.104757
vt 0.806698 0.076056
vt 0.835837 0.112149
vt 0.798282 0.090336
vt 0.839939 0.121945
vt 0.796612 0.096759
vt 0.723062 0.928037
vt 0.724111 0.948695
vt 0.711099 0.958159
vt 0.709996 0.935539
vt 0.050331 0.780452
vt 0.034438 0.769187
vt 0.298445 0.680592
vt 0.298445 0.688002
vt 0.292056 0.687647
vt 0.292056 0.680238
vt 0.114321 0.772618
vt 0.098428 0.761353
vt 0.313680 0.927202
vt 0.313886 0.933594
vt 0.346430 0.979090
vt 0.346380 0.958994
vt 0.364204 0.959036
vt 0.364246 0.976015
vt 0.515785 0.969652
vt 0.258663 0.895428
vt 0.271752 0.901771
vt 0.259359 0.916335
vt 0.250997 0.912282
vt 0.271752 0.936024
vt 0.259364 0.936008
vt 0.330874 0.926954
vt 0.332741 0.933322
vt 0.313563 0.910620
vt 0.330756 0.910372
vt 0.590399 0.937608
vt 0.590399 0.954191
vt 0.584996 0.954209
vt 0.584996 0.937626
vt 0.008378 0.765105
vt 0.032466 0.762156
vt 0.590399 0.904443
vt 0.584996 0.904461
vt 0.590399 0.921026
vt 0.584996 0.921044
vt 0.313445 0.894039
vt 0.313328 0.877457
vt 0.330522 0.877209
vt 0.330639 0.893790
vt 0.844253 0.097869
vt 0.849169 0.106285
vt 0.852669 0.083589
vt 0.856553 0.076999
vt 0.857879 0.077305
vt 0.857016 0.087094
vt 0.823531 0.047496
vt 0.331742 0.933713
vt 0.331742 0.980128
vt 0.316232 0.939518
vt 0.379756 0.938786
vt 0.379756 0.985201
vt 0.364246 0.944591
vt 0.989902 0.573121
vt 0.992597 0.515672
vt 0.992597 0.575942
vt 0.991853 0.302749
vt 0.988918 0.254422
vt 0.991853 0.252414
vt 0.187402 0.900607
vt 0.190097 0.843159
vt 0.190097 0.903428
vt 0.994788 0.302749
vt 0.991853 0.254422
vt 0.994788 0.252414
vt 0.991999 0.354317
vt 0.994246 0.306417
vt 0.994694 0.306488
vt 0.994694 0.357138
vt 0.819624 0.045189
vt 0.811208 0.059469
vt 0.802792 0.073748
vt 0.661983 0.990209
vt 0.659049 0.941882
vt 0.661983 0.939874
vt 0.129920 0.924589
vt 0.144513 0.919196
vt 0.144513 0.972643
vt 0.129920 0.986194
vt 0.115327 0.972313
vt 0.115327 0.918866
vt 0.271752 0.838507
vt 0.256156 0.895837
vt 0.256156 0.842387
vt 0.346430 0.938786
vt 0.364246 0.941963
vt 0.955399 0.825104
vt 0.955450 0.805109
vt 0.973324 0.808273
vt 0.973281 0.825166
vt 0.955450 0.845412
vt 0.973324 0.842324
vt 0.106391 0.875881
vt 0.105876 0.878304
vt 0.084035 0.860036
vt 0.958068 0.239933
vt 0.955314 0.267223
vt 0.940158 0.246698
vt 0.941795 0.230475
vt 0.959044 0.328354
vt 0.926865 0.284775
vt 0.931247 0.282395
vt 0.932714 0.268960
vt 0.930930 0.266409
vt 0.903714 0.211799
vt 0.904257 0.221515
vt 0.900306 0.221713
vt 0.899763 0.211997
vt 0.101901 0.688384
vt 0.101901 0.654132
vt 0.114442 0.654292
vt 0.114442 0.664021
vt 0.101901 0.751643
vt 0.114442 0.691451
vt 0.265048 0.743497
vt 0.265048 0.680238
vt 0.274896 0.740683
vt 0.274896 0.768113
vt 0.875891 0.521970
vt 0.872985 0.494694
vt 0.876154 0.494404
vt 0.879060 0.521681
vt 0.902183 0.184409
vt 0.898232 0.184607
vt 0.873048 0.493715
vt 0.875066 0.490197
vt 0.873750 0.482778
vt 0.876921 0.433406
vt 0.880090 0.433116
vt 0.904257 0.123732
vt 0.900306 0.123930
vt 0.275429 0.838547
vt 0.275429 0.901810
vt 0.114321 0.881501
vt 0.112988 0.883345
vt 0.000000 0.000000
vt 0.942011 0.228333
vt 0.959044 0.230252
vt 0.274896 0.777843
vt 0.265048 0.777749
vt 0.901473 0.000784
vt 0.901695 0.000406
vt 0.904359 0.008912
vt 0.902201 0.012597
vt 0.900107 0.012568
vt 0.828667 0.829938
vt 0.830160 0.829883
vt 0.830988 0.846639
vt 0.880090 0.531356
vt 0.876921 0.531646
vt 0.926620 0.676919
vt 0.275429 0.936064
vt 0.207879 0.987959
vt 0.208290 0.980041
vt 0.209074 0.977034
vt 0.209112 0.987964
vt 0.915588 0.676795
vt 0.915585 0.696467
vt 0.821570 0.659506
vt 0.825485 0.621006
vt 0.852531 0.621800
vt 0.844198 0.660171
vt 0.262417 0.515179
vt 0.262491 0.553856
vt 0.244088 0.553594
vt 0.247019 0.514959
vt 0.230305 0.514959
vt 0.224110 0.553594
vt 0.204133 0.553594
vt 0.213591 0.514959
vt 0.880077 0.641709
vt 0.876850 0.680254
vt 0.858179 0.680254
vt 0.864456 0.641709
vt 0.307680 0.799668
vt 0.322559 0.798889
vt 0.323640 0.825966
vt 0.308761 0.826746
vt 0.337858 0.759717
vt 0.341008 0.798261
vt 0.322422 0.760242
vt 0.309973 0.760894
vt 0.278095 0.801219
vt 0.285221 0.762192
vt 0.306379 0.744742
vt 0.307641 0.744675
vt 0.280769 0.746084
vt 0.282786 0.745978
vt 0.289437 0.751967
vt 0.294702 0.745933
vt 0.297334 0.747775
vt 0.302351 0.751290
vt 0.337913 0.743397
vt 0.321156 0.743967
vt 0.878823 0.625370
vt 0.861865 0.625370
vt 0.227965 0.498653
vt 0.209820 0.498653
vt 0.262826 0.498891
vt 0.246110 0.498653
vt 0.822105 0.675849
vt 0.846671 0.676570
vt 0.233475 0.959975
vt 0.233475 0.979086
vt 0.216823 0.969456
vt 0.216823 0.956789
vt 0.895521 0.680254
vt 0.914192 0.680254
vt 0.914060 0.707347
vt 0.895389 0.707347
vt 0.280895 0.554119
vt 0.299298 0.554381
vt 0.298991 0.581480
vt 0.280587 0.581217
vt 0.375650 0.797083
vt 0.376731 0.824160
vt 0.342089 0.825338
vt 0.798440 0.620211
vt 0.799403 0.593131
vt 0.826449 0.593925
vt 0.243780 0.580693
vt 0.223803 0.580693
vt 0.955373 0.476355
vt 0.955516 0.452439
vt 0.974177 0.452497
vt 0.974035 0.476413
vt 0.983300 0.553747
vt 0.983300 0.572785
vt 0.966649 0.563156
vt 0.966649 0.550538
vt 0.960880 0.019037
vt 0.960880 0.000000
vt 0.977532 0.009627
vt 0.977532 0.022245
vt 0.955405 0.438947
vt 0.938752 0.452387
vt 0.938641 0.438895
vt 0.281957 0.647521
vt 0.282105 0.662299
vt 0.265342 0.662260
vt 0.265195 0.647482
vt 0.799999 0.576354
vt 0.827045 0.577148
vt 0.180793 0.887320
vt 0.180793 0.899937
vt 0.164427 0.909402
vt 0.148060 0.918866
vt 0.126280 0.906274
vt 0.115327 0.899941
vt 0.115327 0.886787
vt 0.115327 0.862087
vt 0.126238 0.855778
vt 0.137149 0.849468
vt 0.148060 0.843159
vt 0.164427 0.852621
vt 0.180793 0.874702
vt 0.180793 0.862084
vt 0.281810 0.632743
vt 0.300471 0.632787
vt 0.300618 0.647565
vt 0.769165 0.938668
vt 0.769165 0.920076
vt 0.787822 0.920168
vt 0.787822 0.938759
vt 0.955370 0.497967
vt 0.955297 0.489092
vt 0.973959 0.489150
vt 0.974032 0.498025
vt 0.658909 0.964480
vt 0.658909 0.976454
vt 0.640250 0.976337
vt 0.640250 0.964362
vt 0.282007 0.609235
vt 0.282105 0.597481
vt 0.300765 0.597525
vt 0.300667 0.609279
vt 0.233475 0.959240
vt 0.233475 0.921975
vt 0.250127 0.931603
vt 0.250127 0.956302
vt 0.977532 0.085665
vt 0.977532 0.114220
vt 0.960880 0.104591
vt 0.960880 0.085664
vt 0.539945 0.961783
vt 0.539945 0.990340
vt 0.523294 0.980711
vt 0.523294 0.961783
vt 0.377401 0.840935
vt 0.342759 0.842113
vt 0.796612 0.432600
vt 0.796612 0.414325
vt 0.813374 0.414431
vt 0.813374 0.432705
vt 0.854091 0.707500
vt 0.867562 0.707347
vt 0.867562 0.724136
vt 0.854091 0.724289
vt 0.769165 0.957260
vt 0.752406 0.957178
vt 0.752406 0.938586
vt 0.243590 0.597481
vt 0.223613 0.597481
vt 0.830135 0.432365
vt 0.830135 0.414426
vt 0.846898 0.414325
vt 0.846898 0.432265
vt 0.938533 0.489040
vt 0.938609 0.476303
vt 0.813374 0.432600
vt 0.813374 0.414325
vt 0.830135 0.414431
vt 0.830135 0.432705
vt 0.281955 0.680238
vt 0.265192 0.680198
vt 0.902239 0.020079
vt 0.900290 0.018704
vt 0.901151 0.014387
vt 0.904681 0.009826
vt 0.173000 0.604237
vt 0.183669 0.582333
vt 0.186113 0.582417
vt 0.175437 0.606560
vt 0.823177 0.708533
vt 0.822641 0.692191
vt 0.849144 0.692970
vt 0.851618 0.709369
vt 0.223285 0.466040
vt 0.225625 0.482346
vt 0.206049 0.482346
vt 0.202277 0.466040
vt 0.875063 0.576354
vt 0.876317 0.592693
vt 0.856682 0.592693
vt 0.854091 0.576354
vt 0.877570 0.609031
vt 0.859273 0.609031
vt 0.337969 0.727077
vt 0.319889 0.727692
vt 0.182256 0.580235
vt 0.182050 0.579444
vt 0.180535 0.573761
vt 0.203826 0.580693
vt 0.203636 0.597481
vt 0.977532 0.057110
vt 0.960880 0.066737
vt 0.300765 0.662343
vt 0.265048 0.632704
vt 0.914163 0.609031
vt 0.912741 0.625370
vt 0.895782 0.625370
vt 0.895867 0.609031
vt 0.915585 0.592693
vt 0.895951 0.592693
vt 0.896035 0.576354
vt 0.115250 0.650595
vt 0.151661 0.648047
vt 0.153053 0.650293
vt 0.115511 0.653898
vt 0.658909 0.940531
vt 0.658909 0.952505
vt 0.640250 0.952388
vt 0.640250 0.940414
vt 0.983300 0.515672
vt 0.983300 0.534710
vt 0.966649 0.537919
vt 0.966649 0.525301
vt 0.876718 0.707347
vt 0.858047 0.707347
vt 0.911319 0.641709
vt 0.895698 0.641709
vt 0.273220 0.974695
vt 0.273220 0.990622
vt 0.263412 0.990643
vt 0.263412 0.974716
vt 0.281271 0.482861
vt 0.279542 0.499130
vt 0.263236 0.482604
vt 0.302352 0.466868
vt 0.299305 0.483118
vt 0.282999 0.466592
vt 0.263646 0.466316
vt 0.305399 0.450618
vt 0.284727 0.450323
vt 0.281908 0.620989
vt 0.300569 0.621033
vt 0.960880 0.057110
vt 0.960880 0.038073
vt 0.977532 0.034863
vt 0.977532 0.047481
vt 0.262184 0.580955
vt 0.296258 0.499368
vt 0.293211 0.515618
vt 0.277814 0.515398
vt 0.949071 0.716417
vt 0.949071 0.676795
vt 0.958912 0.676835
vt 0.958912 0.716458
vt 0.752406 0.919994
vt 0.539945 0.933227
vt 0.523294 0.942856
vt 0.787822 0.957351
vt 0.853495 0.594720
vt 0.854091 0.577943
vt 0.797539 0.675127
vt 0.798941 0.658842
vt 0.307645 0.728334
vt 0.307410 0.743066
vt 0.312729 0.734419
vt 0.309069 0.730735
vt 0.307292 0.728946
vt 0.318623 0.711417
vt 0.317375 0.711483
vt 0.955516 0.515614
vt 0.974177 0.515672
vt 0.233475 0.921975
vt 0.216823 0.931603
vt 0.279176 0.828296
vt 0.371916 0.725923
vt 0.369378 0.742327
vt 0.374453 0.709518
vt 0.338024 0.710758
vt 0.352036 0.693963
vt 0.376991 0.693114
vt 0.338065 0.698701
vt 0.349172 0.694061
vt 0.350209 0.694025
vt 0.349714 0.695043
vt 0.324310 0.842741
vt 0.233475 0.979086
vt 0.250127 0.969456
vt 0.366841 0.758731
vt 0.660600 0.923558
vt 0.661983 0.939619
vt 0.659029 0.939874
vt 0.657397 0.920934
vt 0.657595 0.921181
vt 0.658231 0.920531
vt 0.657519 0.976454
vt 0.657519 0.994084
vt 0.655835 0.992849
vt 0.919607 0.967012
vt 0.919469 0.967875
vt 0.908263 0.979426
vt 0.176546 0.976134
vt 0.177169 0.992824
vt 0.174248 0.992824
vt 0.875875 0.968028
vt 0.892170 0.967012
vt 0.892170 0.991626
vt 0.875875 0.994583
vt 0.598210 0.976147
vt 0.601207 0.976126
vt 0.601207 0.992742
vt 0.598210 0.992762
vt 0.557450 0.973036
vt 0.560415 0.973036
vt 0.560415 0.998974
vt 0.557450 0.998974
vt 0.180092 0.976134
vt 0.183010 0.976266
vt 0.183010 0.992800
vt 0.180092 0.992668
vt 0.994824 0.545261
vt 0.997788 0.545263
vt 0.997788 0.573247
vt 0.994824 0.573245
vt 0.967891 0.194325
vt 0.977809 0.194325
vt 0.977631 0.210617
vt 0.959595 0.210617
vt 0.958826 0.199634
vt 0.968939 0.200041
vt 0.992385 0.821764
vt 0.989419 0.821755
vt 0.989419 0.805109
vt 0.992385 0.805118
vt 0.298445 0.680241
vt 0.301408 0.680238
vt 0.301408 0.690497
vt 0.298445 0.687312
vt 0.977453 0.226909
vt 0.960735 0.226909
vt 0.992385 0.838410
vt 0.989419 0.838400
vt 0.834168 0.975454
vt 0.837130 0.975460
vt 0.837130 0.992751
vt 0.834168 0.992745
vt 0.996007 0.783321
vt 0.998880 0.783301
vt 0.998880 0.800056
vt 0.996007 0.800076
vt 0.216487 0.434026
vt 0.218827 0.450332
vt 0.196388 0.450332
vt 0.192617 0.434026
vt 0.190228 0.433364
vt 0.787822 0.936393
vt 0.790095 0.936840
vt 0.788422 0.953445
vt 0.115204 0.649591
vt 0.149190 0.647212
vt 0.221167 0.466639
vt 0.200160 0.466639
vt 0.220945 0.449733
vt 0.997779 0.545261
vt 0.994824 0.545254
vt 0.994824 0.515226
vt 0.997779 0.515233
vt 0.788080 0.919994
vt 0.790353 0.920441
vt 0.433926 0.942113
vt 0.417625 0.943526
vt 0.417423 0.922523
vt 0.433711 0.919771
vt 0.700183 0.950275
vt 0.703134 0.950275
vt 0.703134 0.971658
vt 0.700183 0.971659
vt 0.434357 0.916966
vt 0.913449 0.724764
vt 0.910456 0.724795
vt 0.913449 0.707347
vt 0.171558 0.604665
vt 0.181516 0.584220
vt 0.068472 0.968499
vt 0.084786 0.967243
vt 0.084786 0.985568
vt 0.068472 0.988163
vt 0.180092 0.992686
vt 0.177169 0.992770
vt 0.177169 0.976219
vt 0.180092 0.976134
vt 0.829835 0.975454
vt 0.832785 0.975454
vt 0.832785 0.994110
vt 0.829835 0.994110
vt 0.377401 0.710040
vt 0.374863 0.726444
vt 0.164203 0.973806
vt 0.167156 0.973803
vt 0.167156 0.993823
vt 0.164203 0.993826
vt 0.045581 0.987179
vt 0.029298 0.986570
vt 0.029298 0.968453
vt 0.045581 0.967738
vt 0.187348 0.976143
vt 0.190210 0.976134
vt 0.190210 0.992779
vt 0.187348 0.992788
vt 0.110923 0.973858
vt 0.113877 0.973852
vt 0.113877 0.993299
vt 0.110923 0.993306
vt 0.601207 0.976160
vt 0.604177 0.976126
vt 0.604177 0.992857
vt 0.601207 0.992891
vt 0.277849 0.773455
vt 0.274896 0.773451
vt 0.274896 0.752580
vt 0.277849 0.752585
vt 0.287878 0.690290
vt 0.287878 0.688653
vt 0.290208 0.688395
vt 0.290208 0.691310
vt 0.289126 0.690836
vt 0.322342 0.848935
vt 0.321816 0.851855
vt 0.919536 0.362082
vt 0.903236 0.362543
vt 0.903736 0.344377
vt 0.920076 0.342483
vt 0.903775 0.364680
vt 0.920076 0.364219
vt 0.560470 0.973036
vt 0.563425 0.973042
vt 0.563425 0.998979
vt 0.560471 0.998973
vt 0.649881 0.976454
vt 0.652187 0.976679
vt 0.652187 0.993204
vt 0.649881 0.992979
vt 0.998694 0.833091
vt 0.995737 0.833098
vt 0.995737 0.805115
vt 0.998694 0.805109
vt 0.372486 0.853681
vt 0.369532 0.853675
vt 0.369532 0.848156
vt 0.372486 0.848482
vt 0.418031 0.985532
vt 0.401704 0.984266
vt 0.401514 0.964603
vt 0.417828 0.964529
vt 0.991060 0.875210
vt 0.993984 0.875249
vt 0.993984 0.891987
vt 0.991060 0.891948
vt 0.168333 0.973804
vt 0.171284 0.973803
vt 0.171284 0.993823
vt 0.168333 0.993824
vt 0.595217 0.976137
vt 0.598210 0.976126
vt 0.598210 0.992769
vt 0.595217 0.992780
vt 0.434357 0.986799
vt 0.434142 0.964456
vt 0.993984 0.908725
vt 0.790353 0.952631
vt 0.151642 0.645555
vt 0.161600 0.625110
vt 0.162330 0.626142
vt 0.703134 0.993042
vt 0.700183 0.993042
vt 0.029298 0.987301
vt 0.013030 0.984481
vt 0.013030 0.967738
vt 0.029298 0.969237
vt 0.609349 0.976214
vt 0.612314 0.976126
vt 0.612314 0.992711
vt 0.609349 0.992800
vt 0.595217 0.993423
vt 0.592255 0.993417
vt 0.592255 0.976126
vt 0.595217 0.976132
vt 0.183010 0.976134
vt 0.185880 0.976263
vt 0.185880 0.992761
vt 0.183010 0.992633
vt 0.829835 0.994109
vt 0.826871 0.994113
vt 0.826871 0.975458
vt 0.829835 0.975454
vt 0.607143 0.976126
vt 0.607143 0.992739
vt 0.604177 0.992779
vt 0.604177 0.982487
vt 0.605761 0.976144
vt 0.584120 0.953252
vt 0.581158 0.953246
vt 0.581158 0.933227
vt 0.584120 0.933233
vt 0.052205 0.967735
vt 0.052205 0.967243
vt 0.068472 0.970063
vt 0.068472 0.988227
vt 0.061375 0.984660
vt 0.058129 0.983028
vt 0.057844 0.982248
vt 0.053287 0.970520
vt 0.171284 0.976222
vt 0.174248 0.976134
vt 0.174248 0.992719
vt 0.867389 0.896692
vt 0.869819 0.895025
vt 0.869819 0.912586
vt 0.304686 0.669107
vt 0.304686 0.690489
vt 0.303306 0.690486
vt 0.301725 0.687859
vt 0.301725 0.669100
vt 0.899683 0.015864
vt 0.899782 0.015366
vt 0.910079 0.718590
vt 0.910286 0.722309
vt 0.907325 0.722475
vt 0.906687 0.711030
vt 0.907045 0.710685
vt 0.909851 0.714504
vt 0.909983 0.716881
vt 0.909247 0.717481
vt 0.991999 0.306417
vt 0.991698 0.322000
vt 0.991109 0.321303
vt 0.991162 0.323909
vt 0.991656 0.324195
vt 0.991417 0.336560
vt 0.977971 0.341534
vt 0.991425 0.345851
vt 0.991440 0.349997
vt 0.991999 0.350320
vt 0.991941 0.350467
vt 0.643112 0.992972
vt 0.640250 0.992972
vt 0.641174 0.976454
vt 0.911120 0.708551
vt 0.181310 0.581265
vt 0.181216 0.581124
vt 0.182214 0.580865
vt 0.269668 0.936064
vt 0.269668 0.974609
vt 0.250997 0.974695
vt 0.254046 0.936136
vt 0.382762 0.977512
vt 0.379756 0.938786
vt 0.398159 0.939084
vt 0.398159 0.977762
vt 0.110923 0.973865
vt 0.110923 0.992902
vt 0.101120 0.992889
vt 0.101120 0.973852
vt 0.942492 0.973876
vt 0.942492 0.989804
vt 0.932650 0.989804
vt 0.932650 0.973876
vt 0.488660 0.984563
vt 0.488660 0.945064
vt 0.498331 0.945281
vt 0.498331 0.984780
vt 0.866978 0.895032
vt 0.866978 0.914070
vt 0.857140 0.914062
vt 0.857140 0.895025
vt 0.991060 0.875210
vt 0.991060 0.914717
vt 0.981584 0.914977
vt 0.981584 0.875470
vt 0.660127 0.867780
vt 0.660127 0.907411
vt 0.650202 0.907421
vt 0.650202 0.867790
vt 0.857140 0.914158
vt 0.847644 0.914569
vt 0.832860 0.884201
vt 0.832739 0.882036
vt 0.855575 0.881046
vt 0.165479 0.627005
vt 0.854961 0.868664
vt 0.401129 0.485584
vt 0.401129 0.450142
vt 0.401129 0.433364
vt 0.833066 0.829757
vt 0.637001 0.937693
vt 0.627024 0.937466
vt 0.627729 0.935043
vt 0.611472 0.933112
vt 0.610866 0.932014
vt 0.599952 0.928137
vt 0.611006 0.928613
vt 0.369532 0.849335
vt 0.366659 0.850150
vt 0.366659 0.842741
vt 0.369532 0.842795
vt 0.366659 0.842778
vt 0.366659 0.845693
vt 0.364452 0.848294
vt 0.365526 0.849461
vt 0.363739 0.851384
vt 0.363739 0.842741
vt 0.114321 0.785213
vt 0.115220 0.783515
vt 0.115220 0.804764
vt 0.660915 0.917739
vt 0.877526 0.021750
vt 0.890566 0.019291
vt 0.115317 0.660815
vt 0.114442 0.659039
vt 0.114661 0.654453
vt 0.115317 0.654132
vt 0.305287 0.624924
vt 0.304722 0.623776
vt 0.305287 0.611947
vt 0.115317 0.661876
vt 0.115317 0.664688
vt 0.114532 0.663374
vt 0.114967 0.661955
vt 0.948601 0.413160
vt 0.928411 0.413140
vt 0.937120 0.403571
vt 0.936838 0.390793
vt 0.948536 0.390816
vt 0.897643 0.018017
vt 0.898267 0.018219
vt 0.898186 0.019417
vt 0.896531 0.022180
vt 0.899362 0.021121
vt 0.115317 0.660815
vt 0.592255 0.926430
vt 0.903236 0.438869
vt 0.915561 0.426301
vt 0.915611 0.438895
vt 0.224582 0.449733
vt 0.227969 0.459673
vt 0.228899 0.466040
vt 0.919368 0.976650
vt 0.919607 0.992516
vt 0.918759 0.993494
vt 0.918737 0.994103
vt 0.110201 0.654132
vt 0.111504 0.650857
vt 0.401480 0.453621
vt 0.401163 0.452739
vt 0.401480 0.452171
vt 0.216410 0.989768
vt 0.206322 0.989768
vt 0.206388 0.989045
vt 0.209085 0.988263
vt 0.215443 0.961966
vt 0.216374 0.962462
vt 0.209946 0.973687
vt 0.215075 0.961770
vt 0.210102 0.987968
vt 0.178536 0.578019
vt 0.183894 0.578947
vt 0.649100 0.923090
vt 0.650202 0.940414
vt 0.643310 0.938993
vt 0.998751 0.285779
vt 0.996796 0.281812
vt 0.997066 0.276160
vt 0.997425 0.275985
vt 0.997105 0.275337
vt 0.998073 0.255096
vt 0.998751 0.252414
vt 0.288439 0.842741
vt 0.287914 0.845661
vt 0.304841 0.848753
vt 0.304938 0.848443
vt 0.305041 0.848790
vt 0.318479 0.709570
vt 0.304918 0.845628
vt 0.304940 0.848787
vt 0.280090 0.689057
vt 0.282299 0.689062
vt 0.282299 0.691861
vt 0.280090 0.691712
vt 0.319806 0.708953
vt 0.320106 0.706204
vt 0.330382 0.701910
vt 0.329047 0.704655
vt 0.337149 0.699083
vt 0.336942 0.700983
vt 0.901568 0.000000
vt 0.111906 0.649822
vt 0.790202 0.962896
vt 0.778616 0.962780
vt 0.771337 0.957351
vt 0.779142 0.958976
vt 0.790207 0.959070
vt 0.515785 0.956201
vt 0.584996 0.869997
vt 0.818027 0.708382
vt 0.815772 0.708316
vt 0.808878 0.703230
vt 0.819648 0.708429
vt 0.816049 0.705478
vt 0.163946 0.559780
vt 0.154402 0.547802
vt 0.157917 0.558314
vt 0.150537 0.549052
vt 0.149929 0.548288
vt 0.918160 0.423639
vt 0.948704 0.438895
vt 0.818804 0.708252
vt 0.154590 0.994117
vt 0.147339 0.994037
vt 0.148078 0.975596
vt 0.144513 0.973803
vt 0.154590 0.974732
vt 0.291712 0.688395
vt 0.291712 0.692263
vt 0.290208 0.690754
vt 0.401496 0.451229
vt 0.401426 0.451161
vt 0.401496 0.451071
vt 0.277849 0.691748
vt 0.280090 0.689057
vt 0.280090 0.691952
vt 0.996007 0.772904
vt 0.998880 0.772005
vt 0.229915 0.472996
vt 0.244637 0.472209
vt 0.245202 0.482346
vt 0.218804 0.434026
vt 0.222688 0.450332
vt 0.943900 0.960623
vt 0.951816 0.946889
vt 0.954488 0.948556
vt 0.401514 0.433364
vt 0.401514 0.431394
vt 0.401514 0.425620
vt 0.000000 0.000000
vt 0.000000 0.000000
vt 0.000000 0.000000
vt 0.959458 0.986806
vt 0.959458 0.987613
vt 0.959458 0.954488
vt 0.959458 0.970857
vt 0.285342 0.681550
vt 0.292056 0.680238
vt 0.291818 0.688395
vt 0.285417 0.688395
vt 0.401140 0.442101
vt 0.401129 0.433526
vt 0.401140 0.433364
vt 0.285342 0.680238
vt 0.285342 0.689057
vt 0.277849 0.685831
vt 0.872985 0.570632
vt 0.874752 0.568841
vt 0.874752 0.575363
vt 0.159040 0.559053
vt 0.159637 0.560869
vt 0.158076 0.558949
vt 0.181067 0.581158
vt 0.936374 0.364680
vt 0.948489 0.364716
vt 0.401140 0.440955
vt 0.401408 0.440447
vt 0.401408 0.446801
vt 0.910456 0.714860
vt 0.650202 0.928881
vt 0.659223 0.907660
vt 0.661983 0.907421
vt 0.661282 0.917341
vt 0.657363 0.921423
vt 0.302129 0.844694
vt 0.910456 0.707347
vt 0.852634 0.026445
vt 0.863863 0.024327
vt 0.863155 0.022233
vt 0.876735 0.040466
vt 0.874891 0.832215
vt 0.876191 0.829757
vt 0.876191 0.860508
vt 0.158540 0.559239
vt 0.177069 0.581464
vt 0.174623 0.583124
vt 0.279342 0.843221
vt 0.288296 0.843063
vt 0.790207 0.988657
vt 0.778091 0.988548
vt 0.778123 0.987353
vt 0.778747 0.962881
vt 0.330278 0.842746
vt 0.305165 0.637697
vt 0.305287 0.638683
vt 0.304790 0.638683
vt 0.805388 0.686505
vt 0.804760 0.683493
vt 0.797317 0.677713
vt 0.807205 0.685392
vt 0.920076 0.348472
vt 0.925984 0.342483
vt 0.925984 0.364294
vt 0.879669 0.414325
vt 0.879669 0.427990
vt 0.879182 0.428535
vt 0.873001 0.419591
vt 0.854091 0.725768
vt 0.838823 0.725319
vt 0.833229 0.721193
vt 0.832820 0.719231
vt 0.823271 0.711400
vt 0.832150 0.884227
vt 0.831508 0.871285
vt 0.595274 0.808782
vt 0.592255 0.808461
vt 0.593538 0.802054
vt 0.592538 0.798178
vt 0.145433 0.542645
vt 0.138604 0.534075
vt 0.862800 0.297623
vt 0.862766 0.283840
vt 0.883493 0.283840
vt 0.888082 0.297625
vt 0.361725 0.906943
vt 0.355005 0.900412
vt 0.798067 0.791767
vt 0.797317 0.791137
vt 0.401120 0.440674
vt 0.401119 0.440041
vt 0.401120 0.433364
vt 0.901098 0.297913
vt 0.900819 0.291113
vt 0.903203 0.291484
vt 0.876058 0.947025
vt 0.346380 0.859821
vt 0.346380 0.859576
vt 0.355005 0.859621
vt 0.104830 0.895052
vt 0.819365 0.894233
vt 0.819381 0.894250
vt 0.819396 0.894569
vt 0.401408 0.446801
vt 0.401408 0.452171
vt 0.401163 0.447032
vt 0.953840 0.934121
vt 0.953230 0.932853
vt 0.949874 0.925871
vt 0.898037 0.307342
vt 0.899858 0.302887
vt 0.899858 0.310858
vt 0.959848 0.945109
vt 0.958740 0.944534
vt 0.401514 0.425620
vt 0.401514 0.425373
vt 0.401514 0.423276
vt 0.959848 0.946889
vt 0.363127 0.859663
vt 0.936391 0.909918
vt 0.931911 0.904623
vt 0.931716 0.904393
vt 0.304722 0.597747
vt 0.305399 0.597481
vt 0.305399 0.611947
vt 0.377401 0.852080
vt 0.375855 0.851988
vt 0.375578 0.845154
vt 0.377401 0.842741
vt 0.823636 0.891144
vt 0.824411 0.890583
vt 0.830669 0.885856
vt 0.831935 0.884899
vt 0.904541 0.287515
vt 0.903473 0.290662
vt 0.274446 0.970988
vt 0.273446 0.970531
vt 0.273855 0.971047
vt 0.271814 0.969785
vt 0.270632 0.969156
vt 0.797317 0.914569
vt 0.799248 0.912820
vt 0.799331 0.914496
vt 0.799181 0.911463
vt 0.798933 0.911061
vt 0.799152 0.910880
vt 0.089940 0.993200
vt 0.086501 0.995188
vt 0.084796 0.995188
vt 0.084786 0.981215
vt 0.084796 0.967243
vt 0.089940 0.967243
vt 0.089940 0.986559
vt 0.421998 0.912901
vt 0.414968 0.916966
vt 0.409251 0.907048
vt 0.401707 0.893961
vt 0.402613 0.891469
vt 0.406700 0.893307
vt 0.444559 0.899856
vt 0.450560 0.860245
vt 0.450560 0.896387
vt 0.444486 0.793778
vt 0.450560 0.797290
vt 0.450560 0.827213
vt 0.412595 0.879386
vt 0.408508 0.877548
vt 0.401514 0.867254
vt 0.432125 0.810259
vt 0.437359 0.797898
vt 0.429638 0.830158
vt 0.425296 0.829050
vt 0.410307 0.843057
vt 0.422271 0.839675
vt 0.426613 0.840783
vt 0.405905 0.855154
vt 0.080267 0.858073
vt 0.083367 0.859317
vt 0.084304 0.862124
vt 0.346380 0.875613
vt 0.897913 0.935583
vt 0.898014 0.934119
vt 0.378062 0.922820
vt 0.804192 0.906729
vt 0.812290 0.900059
vt 0.812982 0.913997
vt 0.799742 0.912373
vt 0.878290 0.933129
vt 0.810253 0.744292
vt 0.994660 0.164121
vt 0.996367 0.116539
vt 0.996466 0.116541
vt 0.996890 0.118231
vt 0.996890 0.166900
vt 0.050381 0.853908
vt 0.049138 0.854825
vt 0.048975 0.854266
vt 0.038951 0.862347
vt 0.044726 0.857264
vt 0.045211 0.857725
vt 0.401120 0.441609
vt 0.157080 0.510902
vt 0.947268 0.922773
vt 0.943588 0.918424
vt 0.075906 0.851282
vt 0.070898 0.847891
vt 0.401120 0.441272
vt 0.401120 0.436145
vt 0.401120 0.433364
vt 0.062280 0.850291
vt 0.190228 0.509926
vt 0.166017 0.510834
vt 0.165840 0.510175
vt 0.165147 0.507595
vt 0.157506 0.507338
vt 0.162470 0.496797
vt 0.994669 0.515259
vt 0.994824 0.515226
vt 0.994824 0.575942
vt 0.992597 0.573161
vt 0.812146 0.734361
vt 0.346380 0.891238
vt 0.824719 0.838728
vt 0.824291 0.830098
vt 0.862834 0.311409
vt 0.883561 0.311409
vt 0.996021 0.359649
vt 0.996520 0.359543
vt 0.996520 0.410713
vt 0.994293 0.407932
vt 0.907736 0.917652
vt 0.114442 0.761251
vt 0.109547 0.761251
vt 0.110770 0.751643
vt 0.401119 0.938786
vt 0.400970 0.938642
vt 0.997246 0.464778
vt 0.995097 0.462651
vt 0.363739 0.849866
vt 0.363739 0.854633
vt 0.361429 0.851819
vt 0.264502 0.709435
vt 0.832084 0.884787
vt 0.823747 0.813339
vt 0.819158 0.809484
vt 0.348251 0.893847
vt 0.346380 0.892029
vt 0.036026 0.863175
vt 0.035718 0.862180
vt 0.027871 0.864012
vt 0.025404 0.862263
vt 0.704638 0.984426
vt 0.704638 0.980713
vt 0.707216 0.977555
vt 0.724111 0.977429
vt 0.724111 0.984349
vt 0.148944 0.938599
vt 0.146050 0.934764
vt 0.144513 0.932456
vt 0.373554 0.842741
vt 0.375293 0.842816
vt 0.375293 0.851958
vt 0.373181 0.849709
vt 0.951270 0.590684
vt 0.949775 0.592345
vt 0.954826 0.599169
vt 0.164430 0.939048
vt 0.164430 0.962421
vt 0.162762 0.965128
vt 0.149312 0.965163
vt 0.149312 0.958666
vt 0.149312 0.939086
vt 0.943900 0.962014
vt 0.933187 0.962094
vt 0.932478 0.961315
vt 0.931426 0.961323
vt 0.924427 0.952851
vt 0.924427 0.947034
vt 0.943900 0.946889
vt 0.796432 0.964174
vt 0.796432 0.991478
vt 0.793959 0.989015
vt 0.793931 0.988988
vt 0.793933 0.988988
vt 0.792015 0.986988
vt 0.793466 0.985490
vt 0.793552 0.965988
vt 0.790713 0.964201
vt 0.401119 0.446424
vt 0.401119 0.436239
vt 0.401119 0.433364
vt 0.948631 0.348618
vt 0.958394 0.328354
vt 0.958394 0.357326
vt 0.951648 0.590266
vt 0.703162 0.983983
vt 0.704051 0.982249
vt 0.703850 0.982340
vt 0.796948 0.962007
vt 0.795772 0.962618
vt 0.793159 0.964174
vt 0.301691 0.672459
vt 0.300765 0.670925
vt 0.301691 0.669100
vt 0.540693 0.872687
vt 0.542208 0.869997
vt 0.711246 0.878419
vt 0.717239 0.877278
vt 0.721876 0.879173
vt 0.724111 0.880086
vt 0.956120 0.616121
vt 0.957528 0.634571
vt 0.091623 0.904236
vt 0.091849 0.903924
vt 0.091834 0.904191
vt 0.155811 0.682008
vt 0.401119 0.460270
vt 0.401119 0.446248
vt 0.401119 0.433364
vt 0.180123 0.655533
vt 0.188575 0.654132
vt 0.992917 0.040792
vt 0.992330 0.040717
vt 0.989985 0.002013
vt 0.992917 0.000000
vt 0.718520 0.963701
vt 0.719634 0.962337
vt 0.724111 0.962304
vt 0.401496 0.449706
vt 0.401430 0.449703
vt 0.401496 0.448325
vt 0.206959 0.933178
vt 0.214371 0.940165
vt 0.216823 0.961770
vt 0.609134 0.857940
vt 0.608877 0.857883
vt 0.606670 0.845136
vt 0.606622 0.841680
vt 0.995907 0.949521
vt 0.996644 0.949857
vt 0.996644 0.996444
vt 0.994229 0.993379
vt 0.876371 0.545457
vt 0.877768 0.531646
vt 0.879964 0.546963
vt 0.957576 0.635192
vt 0.960752 0.676795
vt 0.942905 0.661736
vt 0.879741 0.567284
vt 0.879964 0.568841
vt 0.879216 0.568528
vt 0.943900 0.973876
vt 0.401496 0.448325
vt 0.401457 0.444615
vt 0.401496 0.443629
vt 0.919996 0.951156
vt 0.723043 0.958159
vt 0.724111 0.958930
vt 0.157432 0.973783
vt 0.149313 0.973803
vt 0.538663 0.875232
vt 0.540177 0.872542
vt 0.874407 0.551854
vt 0.877728 0.553245
vt 0.088416 0.904931
vt 0.091049 0.905026
vt 0.091112 0.916866
vt 0.927853 0.262152
vt 0.927462 0.261611
vt 0.929427 0.242132
vt 0.960752 0.579726
vt 0.791552 0.986324
vt 0.791656 0.986123
vt 0.401480 0.454722
vt 0.401480 0.455518
vt 0.401296 0.455118
vt 0.091400 0.957081
vt 0.401130 0.453789
vt 0.401480 0.453621
vt 0.401480 0.454722
vt 0.930079 0.235668
vt 0.930947 0.227072
vt 0.068029 0.919925
vt 0.081288 0.909895
vt 0.084311 0.907608
vt 0.085283 0.906225
vt 0.088386 0.904930
vt 0.216823 0.921975
vt 0.213388 0.925471
vt 0.144844 0.918934
vt 0.872985 0.565917
vt 0.062724 0.923938
vt 0.066723 0.920913
vt 0.876714 0.040845
vt 0.847188 0.925244
vt 0.846668 0.916676
vt 0.816097 0.975465
vt 0.816097 0.986041
vt 0.808856 0.986018
vt 0.812447 0.975454
vt 0.523181 0.742444
vt 0.515171 0.738291
vt 0.512632 0.743197
vt 0.502863 0.738133
vt 0.478459 0.719254
vt 0.485303 0.710574
vt 0.000000 0.000000
vt 0.000000 0.000000
vt 0.000000 0.000000
vt 0.493096 0.733067
vt 0.495635 0.728161
vt 0.473281 0.716569
vt 0.959801 0.119177
vt 0.959420 0.128057
vt 0.959350 0.129706
vt 0.468342 0.726112
vt 0.965647 0.306575
vt 0.977971 0.306417
vt 0.849444 0.962426
vt 0.849256 0.959335
vt 0.709996 0.877278
vt 0.709996 0.901838
vt 0.699790 0.901844
vt 0.401120 0.451152
vt 0.401120 0.442258
vt 0.401120 0.433364
vt 0.401129 0.454173
vt 0.401129 0.445373
vt 0.401129 0.436573
vt 0.847708 0.933812
vt 0.848228 0.942380
vt 0.661994 0.877310
vt 0.699790 0.950249
vt 0.661994 0.950275
vt 0.401129 0.433364
vt 0.699790 0.929040
vt 0.592255 0.843527
vt 0.523294 0.807928
vt 0.523294 0.822717
vt 0.970951 0.145880
vt 0.971139 0.142677
vt 0.958826 0.141918
vt 0.959040 0.136936
vt 0.464950 0.732666
vt 0.462613 0.737181
vt 0.816097 0.996617
vt 0.812447 0.996605
vt 0.759010 0.957351
vt 0.771337 0.958182
vt 0.968883 0.181207
vt 0.522665 0.969669
vt 0.522665 0.980538
vt 0.512182 0.980511
vt 0.515773 0.969652
vt 0.802835 0.975431
vt 0.802835 0.970645
vt 0.802835 0.951592
vt 0.797319 0.951588
vt 0.797317 0.940572
vt 0.802835 0.914569
vt 0.797319 0.929556
vt 0.802835 0.929560
vt 0.592255 0.822375
vt 0.523294 0.844454
vt 0.522665 0.991406
vt 0.515773 0.991389
vt 0.848742 0.950858
vt 0.968363 0.190086
vt 0.938533 0.515672
vt 0.938533 0.537052
vt 0.725302 0.921025
vt 0.903236 0.311729
vt 0.903088 0.372861
vt 0.881664 0.372151
vt 0.881847 0.311875
vt 0.905523 0.245128
vt 0.905114 0.198668
vt 0.925296 0.199355
vt 0.925699 0.245086
vt 0.959923 0.900589
vt 0.960206 0.846294
vt 0.981584 0.845797
vt 0.981584 0.898995
vt 0.377401 0.635148
vt 0.378457 0.566683
vt 0.399486 0.565676
vt 0.398811 0.633717
vt 0.379479 0.501934
vt 0.380581 0.433887
vt 0.401119 0.433364
vt 0.400367 0.501233
vt 0.904681 0.148256
vt 0.925190 0.149878
vt 0.052205 0.903924
vt 0.052205 0.967738
vt 0.378122 0.686758
vt 0.399559 0.684622
vt 0.091922 0.917898
vt 0.091849 0.903924
vt 0.113585 0.905835
vt 0.113585 0.919509
vt 0.902917 0.436298
vt 0.881495 0.434535
vt 0.904954 0.097208
vt 0.925804 0.099227
vt 0.959848 0.915034
vt 0.981584 0.913143
vt 0.092208 0.973408
vt 0.113585 0.973852
vt 0.336139 0.370006
vt 0.301203 0.432309
vt 0.249075 0.433364
vt 0.401119 0.530159
vt 0.401119 0.481761
vt 0.401119 0.433364
vt 0.152426 0.433364
vt 0.100297 0.432308
vt 0.065366 0.370006
vt 0.033129 0.310517
vt 0.000000 0.247419
vt 0.033223 0.187937
vt 0.065471 0.131998
vt 0.096975 0.077871
vt 0.401514 0.247419
vt 0.368380 0.310518
vt 0.339086 0.137263
vt 0.371331 0.193202
vt 0.304552 0.077871
vt 0.098321 0.011727
vt 0.098507 0.002273
vt 0.112574 0.001815
vt 0.288326 0.001795
vt 0.303024 0.002273
vt 0.303211 0.011727
vt 0.168455 0.000000
vt 0.168460 0.007377
vt 0.168473 0.028747
vt 0.233072 0.007377
vt 0.233077 0.000000
vt 0.233057 0.028747
vt 0.906384 0.341408
vt 0.905933 0.291588
vt 0.926103 0.290817
vt 0.926865 0.339755
vt 0.379517 0.781801
vt 0.378827 0.735092
vt 0.400252 0.732155
vt 0.400725 0.778255
vt 0.379349 0.855557
vt 0.379370 0.846332
vt 0.401070 0.845385
vt 0.401119 0.855041
vt 0.905224 0.049539
vt 0.905519 0.000000
vt 0.926865 0.003235
vt 0.926203 0.052131
vn 0.0000 0.0000 1.0000
vn -0.7007 0.7134 0.0000
vn -0.7001 0.7128 -0.0418
vn -0.6647 0.7106 0.2308
vn 0.2955 -0.3668 0.8821
vn 0.2976 -0.3679 0.8810
vn -1.0000 0.0000 0.0000
vn -0.8375 -0.5464 0.0000
vn -0.6211 -0.5809 -0.5261
vn 0.3352 -0.3584 0.8713
vn 0.5527 0.7864 0.2760
vn 0.5419 0.7881 0.2918
vn 0.3104 -0.9506 0.0000
vn 1.0000 0.0000 0.0000
vn -0.6831 0.7303 0.0000
vn -0.7303 -0.6831 0.0000
vn 0.5750 0.8182 0.0000
vn -0.6843 0.7292 0.0000
vn 0.0114 -0.3694 -0.9292
vn -0.6660 0.7459 0.0000
vn 0.0113 -0.3694 -0.9292
vn 0.0113 -0.3660 -0.9306
vn 0.7007 0.7134 0.0000
vn 0.6647 0.7106 0.2308
vn 0.7001 0.7128 -0.0418
vn -0.2976 -0.3679 0.8810
vn -0.2955 -0.3668 0.8821
vn 0.8375 -0.5464 0.0000
vn 0.6211 -0.5809 -0.5261
vn -0.3352 -0.3584 0.8713
vn -0.5419 0.7881 0.2918
vn -0.5527 0.7864 0.2760
vn -0.3104 -0.9506 0.0000
vn 0.6831 0.7303 0.0000
vn 0.7303 -0.6831 0.0000
vn -0.5750 0.8182 0.0000
vn 0.6843 0.7292 0.0000
vn -0.0114 -0.3694 -0.9292
vn -0.0113 -0.3693 -0.9292
vn 0.6660 0.7459 0.0000
vn -0.0113 -0.3660 -0.9306
vn -0.0000 0.0000 -1.0000
vn -0.6647 0.7106 -0.2308
vn -0.7001 0.7128 0.0418
vn 0.2976 -0.3679 -0.8810
vn 0.2955 -0.3668 -0.8821
vn -0.6211 -0.5809 0.5261
vn 0.3352 -0.3584 -0.8713
vn 0.5419 0.7881 -0.2918
vn 0.5527 0.7864 -0.2760
vn 0.0114 -0.3694 0.9292
vn 0.0112 -0.3660 0.9306
vn 0.7001 0.7128 0.0418
vn 0.6647 0.7106 -0.2308
vn -0.2955 -0.3668 -0.8821
vn -0.2976 -0.3679 -0.8810
vn 0.6211 -0.5809 0.5261
vn -0.3352 -0.3584 -0.8713
vn -0.5527 0.7864 -0.2760
vn -0.5419 0.7881 -0.2918
vn -0.0114 -0.3694 0.9292
vn -0.0112 -0.3660 0.9306
vn 0.0000 0.7134 -0.7007
vn -0.0766 0.7113 -0.6987
vn -0.1668 0.7201 -0.6735
vn 0.4037 -0.6250 -0.6682
vn -0.2007 0.8015 0.5633
vn -0.2127 0.8051 0.5536
vn -0.0000 0.7303 -0.6831
vn 0.0000 -0.6831 -0.7303
vn 0.0000 0.8182 0.5750
vn 0.0000 0.7292 -0.6843
vn 0.8734 -0.4867 0.0150
vn 0.0000 0.7459 -0.6660
vn 0.8756 -0.4829 0.0150
vn 0.8756 -0.4828 0.0148
vn 0.8757 -0.4827 0.0147
vn 0.0000 0.7134 0.7007
vn -0.1668 0.7201 0.6735
vn 0.0298 0.7131 0.7004
vn -0.7988 -0.4677 -0.3784
vn -0.8006 -0.4666 -0.3760
vn 0.4037 -0.6250 0.6682
vn -0.7849 -0.4526 -0.4233
vn -0.2127 0.8051 -0.5536
vn -0.2007 0.8015 -0.5633
vn 0.0000 0.7303 0.6831
vn 0.0000 -0.6831 0.7303
vn 0.0000 0.8182 -0.5750
vn 0.0000 0.7292 0.6843
vn 0.0000 0.7459 0.6660
vn 0.8734 -0.4867 -0.0150
vn -0.0001 -0.6830 -0.7305
vn 0.0002 -0.6833 -0.7302
vn 0.0001 -0.6832 -0.7303
vn 0.0000 -0.6831 -0.7304
vn 0.0000 0.7302 0.6832
vn -0.7004 0.7131 -0.0298
vn -0.6735 0.7201 0.1668
vn 0.3760 -0.4666 0.8005
vn 0.3784 -0.4677 0.7988
vn -0.6682 -0.6250 -0.4037
vn 0.4233 -0.4526 0.7849
vn 0.5633 0.8015 0.2007
vn 0.5536 0.8051 0.2127
vn 0.0150 -0.4867 -0.8734
vn 0.6735 0.7201 0.1668
vn 0.7006 0.7133 0.0171
vn -0.3784 -0.4677 0.7988
vn -0.3760 -0.4666 0.8005
vn 0.6682 -0.6250 -0.4037
vn -0.5536 0.8051 0.2127
vn -0.5633 0.8015 0.2007
vn -0.5750 0.8181 0.0000
vn -0.0150 -0.4867 -0.8734
vn 0.6661 0.7459 0.0000
vn -0.0148 -0.4828 -0.8756
vn -0.0149 -0.4828 -0.8756
vn -0.0149 -0.4828 0.8756
vn -0.0000 -0.0124 -0.9999
vn 0.8839 0.0963 -0.4577
vn 0.8801 0.1133 -0.4610
vn 0.8564 0.1490 0.4944
vn 0.0830 0.9956 0.0445
vn 0.1433 0.9873 0.0687
vn -0.0364 0.9991 0.0210
vn -0.8564 0.1490 0.4944
vn -0.8853 0.0786 -0.4584
vn -0.8842 0.0607 -0.4632
vn 0.7613 0.4767 0.4395
vn 0.7611 0.4766 0.4399
vn 0.6614 0.7141 0.2294
vn 0.7975 0.5217 -0.3031
vn 0.0364 0.9991 0.0210
vn -0.0364 0.9991 -0.0195
vn -0.0334 0.9993 -0.0193
vn 0.0000 0.9991 0.0420
vn 0.0319 0.9993 -0.0171
vn 0.0287 0.9994 -0.0166
vn 0.0300 0.9994 -0.0163
vn -0.0000 0.4235 -0.9059
vn 0.7769 0.4418 -0.4486
vn -0.7769 0.4418 -0.4486
vn -0.9555 0.2839 -0.0804
vn -0.9275 0.0190 0.3732
vn 0.0000 0.0235 0.9997
vn 0.0000 0.0573 -0.9984
vn 0.9965 0.0829 0.0048
vn 0.9965 0.0840 0.0030
vn -0.9517 -0.3048 -0.0362
vn -0.0000 0.2364 0.9716
vn 0.0000 0.9996 -0.0274
vn -0.9593 -0.0058 -0.2825
vn -0.9592 -0.0058 -0.2825
vn -0.9593 -0.0057 -0.2825
vn 0.0000 -0.0509 -0.9987
vn -0.9359 0.0179 0.3518
vn -0.7975 0.5217 -0.3031
vn 0.0000 0.9999 -0.0124
vn 0.0000 0.9999 -0.0125
vn -0.0905 0.9958 -0.0122
vn -0.0983 0.9951 -0.0095
vn 0.0068 0.9995 0.0317
vn -0.9966 0.0826 -0.0010
vn -0.9965 0.0839 0.0011
vn 0.0000 0.9997 -0.0235
vn -0.0074 0.9972 -0.0742
vn -0.9966 0.0828 0.0030
vn -0.9965 0.0840 0.0048
vn -0.9966 0.0827 0.0010
vn -0.9965 0.0840 0.0030
vn 0.9966 0.0827 0.0010
vn 0.9965 0.0839 -0.0010
vn 0.9966 0.0828 0.0030
vn 0.9965 0.0839 0.0011
vn -0.8809 0.0780 -0.4667
vn -0.8799 0.0602 -0.4714
vn -0.8831 0.0783 -0.4626
vn -0.8820 0.0605 -0.4673
vn -0.0843 -0.9954 -0.0447
vn -0.0769 -0.9962 -0.0404
vn -0.1290 -0.9888 0.0745
vn -0.1422 -0.9865 0.0814
vn 0.8818 0.0958 -0.4619
vn 0.8780 0.1128 -0.4652
vn 0.0843 0.9954 0.0447
vn 0.1437 0.9869 0.0735
vn 0.9996 -0.0280 0.0007
vn 0.0000 -0.0573 0.9984
vn 0.0000 0.9984 0.0573
vn 0.0000 1.0000 0.0000
vn 0.1422 -0.9864 0.0821
vn 0.1293 -0.9888 0.0741
vn -0.8801 0.1133 -0.4610
vn -0.8796 0.0954 -0.4660
vn -0.0000 -0.9999 0.0124
vn -0.0000 -0.9999 0.0125
vn -0.1466 -0.9861 -0.0785
vn -0.0925 -0.9946 -0.0474
vn -0.8796 0.0955 -0.4660
vn -0.8788 0.0777 -0.4708
vn -0.0319 0.9993 -0.0171
vn -0.0287 0.9994 -0.0166
vn -0.0340 0.9993 -0.0182
vn -0.0309 0.9994 -0.0178
vn -0.0329 0.9993 -0.0167
vn -0.0300 0.9994 -0.0177
vn -0.0203 0.9996 -0.0185
vn 0.7613 0.4768 0.4395
vn 0.7613 0.4768 0.4394
vn 0.7613 0.4770 0.4392
vn -0.8822 0.1138 -0.4568
vn -0.8817 0.0959 -0.4619
vn -0.8839 0.0963 -0.4577
vn 0.4946 0.0387 -0.8683
vn 0.1772 0.0299 -0.9837
vn -0.4606 -0.0855 -0.8835
vn -0.9996 -0.0280 0.0007
vn -0.0000 0.0509 0.9987
vn 0.0001 0.0509 0.9987
vn -0.8660 -0.0099 -0.5000
vn 0.0000 0.9972 -0.0745
vn 0.0000 -0.0125 -0.9999
vn -0.9993 0.0375 -0.0005
vn 0.8831 0.0783 -0.4626
vn 0.8796 0.0954 -0.4660
vn 0.8820 0.0605 -0.4673
vn 0.8788 0.0777 -0.4708
vn 0.8809 0.0780 -0.4667
vn 0.8775 0.0951 -0.4701
vn -0.7613 0.4767 0.4395
vn 0.0340 0.9993 -0.0182
vn 0.0364 0.9991 -0.0210
vn 0.0334 0.9993 -0.0193
vn 0.0315 0.9994 -0.0173
vn 0.0279 0.9995 -0.0175
vn 0.8864 0.0609 -0.4590
vn 0.8853 0.0786 -0.4584
vn 0.8817 0.0959 -0.4619
vn 0.5068 -0.0592 -0.8600
vn 0.0000 0.9993 0.0382
vn -0.0021 0.9999 -0.0124
vn -0.4628 -0.0458 -0.8853
vn -0.8593 -0.0021 -0.5115
vn -0.7775 0.4409 -0.4484
vn 0.8657 0.0000 0.5005
vn -0.7770 0.4417 -0.4486
vn -0.9615 0.2747 0.0000
vn -0.7769 0.4417 -0.4486
vn 0.0000 -0.9997 0.0235
vn -0.9955 0.0922 0.0197
vn -0.9953 0.0942 0.0239
vn -0.0000 0.9951 -0.0987
vn 0.0073 0.9973 -0.0734
vn 0.1290 0.9888 -0.0745
vn 0.1087 0.9923 -0.0597
vn 0.0679 0.9970 0.0364
vn 0.0839 0.9956 0.0428
vn 0.0323 0.9993 0.0173
vn 0.0695 0.9970 0.0333
vn -0.1290 0.9888 -0.0745
vn -0.1431 0.9864 -0.0806
vn 0.1431 0.9862 -0.0826
vn 0.1299 0.9888 -0.0730
vn -0.0679 0.9970 0.0364
vn -0.0366 0.9992 0.0149
vn 0.1225 0.9924 -0.0122
vn 0.0983 0.9951 -0.0095
vn -0.0830 0.9956 0.0445
vn -0.0688 0.9970 0.0347
vn -0.1079 0.9922 -0.0623
vn -0.1304 0.9888 -0.0720
vn -0.1433 0.9867 0.0768
vn -0.0860 0.9955 0.0389
vn 0.0000 0.9994 0.0355
vn -0.0060 0.9999 -0.0124
vn 0.0323 0.9993 -0.0167
vn 0.9403 -0.0063 -0.3403
vn -0.8880 -0.0092 -0.4598
vn 0.3266 -0.0182 -0.9450
vn -0.0323 0.9993 -0.0167
vn -0.0301 0.9994 -0.0161
vn -0.8660 0.0094 0.5000
vn -0.7890 0.5458 0.2820
vn -0.6683 0.6965 -0.2611
vn -0.9403 -0.0069 -0.3403
vn -0.6541 0.0144 0.7562
vn -0.0364 0.9992 -0.0188
vn 0.7890 0.5458 0.2820
vn 0.9403 -0.0173 -0.3400
vn 0.0000 -0.0193 -0.9998
vn 0.0342 0.9993 -0.0177
vn 0.0364 0.9991 -0.0195
vn -0.0342 0.9993 -0.0177
vn 0.0306 0.9994 -0.0159
vn 0.8880 -0.0086 -0.4598
vn 0.0000 0.0193 0.9998
vn 0.8660 0.0099 0.5000
vn -0.8817 0.0089 0.4717
vn -0.8817 0.0088 0.4717
vn -0.9274 0.0070 0.3741
vn -0.9274 0.0069 0.3741
vn 0.9857 -0.0030 -0.1683
vn 0.2936 0.0186 0.9558
vn -0.6271 -0.0152 -0.7788
vn 0.7991 -0.0114 -0.6011
vn -0.4697 0.0169 0.8827
vn 0.8658 0.0099 0.5003
vn -0.9840 0.0031 0.1781
vn 0.8660 -0.0094 -0.5000
vn 0.0007 -0.0193 -0.9998
vn 0.8817 0.0094 0.4717
vn 0.9840 0.0037 0.1781
vn -0.9359 -0.0071 -0.3521
vn -0.4697 -0.0172 -0.8826
vn 0.0007 0.0193 0.9998
vn 0.7991 0.0119 0.6011
vn 0.0959 0.9953 -0.0122
vn 0.0935 0.9956 -0.0094
vn -0.9966 0.0803 0.0203
vn -0.9954 0.0924 0.0239
vn 0.9762 -0.2169 0.0000
vn 0.9972 0.0754 0.0027
vn 0.9972 0.0751 0.0009
vn 0.9966 0.0826 -0.0010
vn -0.9972 0.0751 0.0009
vn -0.9972 0.0754 0.0027
vn -0.9965 0.0829 0.0048
vn -0.9972 0.0748 -0.0009
vn -0.0959 0.9953 -0.0122
vn -0.1231 0.9923 -0.0101
vn 0.9971 0.0757 0.0043
vn 0.0000 0.9969 -0.0785
vn 0.0059 0.9997 -0.0235
vn 0.0000 0.9968 -0.0794
vn -0.0079 0.9958 -0.0912
vn -0.8590 0.1490 0.4899
vn -0.8585 0.1506 0.4902
vn 0.8830 0.0961 -0.4595
vn 0.8768 0.1239 -0.4647
vn 0.0069 -0.0122 -0.9999
vn 0.0000 0.0062 -1.0000
vn -0.8810 0.0780 -0.4667
vn -0.8800 0.1118 -0.4617
vn -0.8795 0.0954 -0.4662
vn 0.8851 0.0412 -0.4636
vn 0.8786 0.0777 -0.4712
vn 0.8573 0.1417 0.4950
vn 0.8574 0.1490 0.4926
vn 0.8584 0.1411 0.4932
vn 0.8585 0.1489 0.4907
vn 0.1290 -0.9888 0.0745
vn 0.1429 0.9863 -0.0825
vn 0.1293 0.9888 -0.0740
vn 0.0340 -0.9993 -0.0180
vn 0.0617 -0.9976 -0.0317
vn 0.0770 0.9962 0.0403
vn 0.0916 -0.9946 -0.0491
vn 0.1466 -0.9863 -0.0761
vn 0.9972 0.0749 -0.0009
vn 0.8592 0.0033 0.5116
vn -0.4578 0.0852 0.8850
vn -0.4592 0.0852 0.8842
vn -0.0614 0.9976 0.0322
vn 0.5064 0.0546 0.8606
vn 0.4600 -0.0656 -0.8855
vn 0.4600 -0.0655 -0.8855
vn -0.5110 0.1076 0.8528
vn -0.5111 0.1076 0.8528
vn -0.5007 -0.0057 -0.8656
vn 0.4606 -0.0855 -0.8835
vn 0.4592 -0.0852 -0.8842
vn -0.1680 0.9818 0.0890
vn -0.0929 0.9946 0.0466
vn 0.4611 0.0656 0.8849
vn -0.5068 0.0592 0.8600
vn -0.5013 0.0103 0.8652
vn 0.9993 0.0375 -0.0005
vn 0.7660 0.0000 0.6428
vn 0.5595 -0.6831 0.4694
vn 0.5594 -0.6831 0.4695
vn 0.5233 0.7303 0.4391
vn 0.5232 0.7304 0.4391
vn 0.5242 0.7292 0.4399
vn 0.5368 0.7134 0.4504
vn 0.6074 0.7033 0.3694
vn -0.6060 -0.3693 0.7045
vn 0.5102 0.7459 0.4281
vn -0.6068 -0.3660 0.7056
vn -0.5595 -0.6831 -0.4694
vn -0.5233 0.7303 -0.4391
vn -0.5242 0.7292 -0.4399
vn -0.5368 0.7134 -0.4504
vn -0.9407 -0.1881 0.2822
vn -0.5886 -0.3693 0.7191
vn -0.5102 0.7459 -0.4281
vn -0.5896 -0.3659 0.7201
vn -0.8108 0.0000 -0.5853
vn 0.3608 0.7106 0.6040
vn 0.5632 0.7128 0.4180
vn -0.7943 -0.3679 0.4835
vn -0.7934 -0.3668 0.4858
vn -0.6428 0.0000 0.7660
vn 0.8139 -0.5809 -0.0038
vn -0.6027 0.7881 -0.1248
vn -0.6008 0.7864 -0.1438
vn -0.8653 0.0000 -0.5013
vn -0.6709 -0.5051 0.5430
vn -0.9972 0.0002 -0.0744
vn -0.9973 0.0000 -0.0738
vn -0.4405 0.8181 -0.3696
vn -0.4405 0.8182 -0.3696
vn 0.5368 0.7134 0.4505
vn 0.5367 0.7134 0.4505
vn 0.5883 -0.3696 -0.7192
vn -0.6428 0.0000 0.7661
vn -0.6427 0.0001 0.7661
vn 0.5886 -0.3694 -0.7191
vn -0.5095 0.7128 -0.4820
vn -0.6575 0.7106 -0.2505
vn -0.3406 -0.3668 0.8657
vn -0.3383 -0.3679 0.8662
vn -0.1376 -0.5809 -0.8022
vn 0.2460 0.7864 0.5667
vn 0.2276 0.7881 0.5719
vn -0.3884 0.9215 -0.0051
vn -0.4183 -0.5051 0.7550
vn -0.4182 -0.5051 0.7550
vn 0.2459 0.0000 0.9693
vn 0.2464 0.0002 0.9692
vn -0.5595 -0.6831 -0.4695
vn 0.4405 0.8182 0.3696
vn 0.4405 0.8181 0.3696
vn 0.6060 -0.3694 -0.7045
vn -0.5102 0.7461 -0.4279
vn -0.5102 0.7459 -0.4282
vn 0.6440 0.0000 0.7651
vn 0.0725 0.9215 0.3817
vn 0.2862 -0.7489 0.5977
vn -0.6383 -0.7489 -0.1781
vn -0.6314 -0.0157 0.7753
vn -0.6983 0.0000 -0.7159
vn -0.6021 0.0000 0.7984
vn -0.6957 0.0000 0.7183
vn 0.8108 0.0000 0.5853
vn 0.7865 0.2429 0.5678
vn 0.7865 0.2430 0.5678
vn -0.6868 0.1800 -0.7042
vn 0.6982 0.0000 0.7159
vn -0.6432 0.0003 0.7657
vn -0.7661 0.0000 -0.6427
vn -0.7660 0.0000 -0.6428
vn -0.6424 0.0000 0.7664
vn -0.6429 0.0003 0.7660
vn -0.9789 -0.2040 0.0128
vn -0.5005 -0.2040 -0.8413
vn 0.4784 -0.2040 -0.8541
vn 0.9789 -0.2040 -0.0128
vn -0.4886 0.0000 0.8725
vn 0.5005 -0.2040 0.8413
vn -0.4784 -0.2040 0.8541
vn -0.4774 0.2130 0.8524
vn -0.4774 0.2130 0.8525
vn 0.4995 0.2130 0.8397
vn 0.9770 0.2130 -0.0128
vn 0.4774 0.2130 -0.8525
vn -0.4995 0.2130 -0.8397
vn -0.9770 0.2130 0.0128
vn 0.9999 0.0000 -0.0131
vn -0.5113 0.0000 -0.8594
vn 0.5113 0.0000 0.8594
vn -0.9999 0.0000 0.0131
vn 0.4886 0.0000 -0.8725
vn 0.0051 0.9999 0.0087
vn 0.0054 1.0000 0.0081
vn 0.0048 1.0000 0.0067
vn 0.0053 1.0000 0.0080
vn -0.0098 1.0000 0.0001
vn -0.0060 1.0000 -0.0003
vn -0.0057 0.9999 -0.0095
vn -0.0058 0.9999 -0.0092
vn -0.0055 1.0000 -0.0079
vn -0.0046 1.0000 0.0082
vn -0.0030 1.0000 0.0049
vn -0.1043 0.9790 -0.1753
vn -0.8629 0.0384 0.5040
vn -0.4774 0.2131 0.8524
vn 0.4995 0.2131 0.8397
vn 0.2130 0.9770 -0.0028
vn -0.8381 0.2930 0.4602
vn -0.8476 0.1227 0.5162
vn 0.0185 0.1443 -0.9894
vn 0.0131 -0.0000 0.9999
vn 0.0131 0.1193 -0.9928
vn 0.0130 0.1193 -0.9928
vn -0.2130 -0.9770 0.0028
vn -0.8632 -0.0400 0.5033
vn -0.1089 -0.9770 -0.1831
vn 0.1089 0.9770 0.1831
vn 0.8663 0.1193 -0.4851
vn 0.1533 0.1587 -0.9754
vn 0.8198 0.2411 0.5194
vn 0.2649 0.8403 -0.4730
vn -0.8725 -0.0000 -0.4886
vn -0.1041 0.9770 0.1859
vn 0.8533 0.1193 0.5077
vn -0.2130 0.9770 0.0028
vn 0.9198 0.1579 -0.3591
vn -0.0425 0.2528 0.9666
vn 0.5056 0.8627 -0.0066
vn -0.0043 -0.0400 -0.9992
vn -0.0131 0.1193 0.9928
vn -0.0130 0.1193 0.9928
vn 0.2130 -0.9770 -0.0028
vn 0.8629 -0.0366 -0.5041
vn 0.8629 -0.0366 -0.5040
vn -0.1089 0.9770 -0.1831
vn -0.8663 0.1193 0.4851
vn 0.1089 -0.9770 0.1831
vn 0.8760 0.0397 0.4807
vn 0.1041 0.9770 -0.1859
vn -0.8787 0.1193 -0.4623
vn 0.8725 -0.0000 0.4886
vn 0.8725 -0.0000 0.4887
vn 0.1041 -0.9770 -0.1859
vn -0.0390 0.1193 -0.9921
vn 0.0218 -0.0400 0.9990
vn 0.8867 0.3229 0.3309
vn 0.5056 0.8628 -0.0066
vn -0.8397 0.1193 0.5298
vn 0.8542 -0.0400 -0.5183
vn -0.8542 0.0400 0.5183
vn -0.8543 0.0400 0.5183
vn -0.4996 0.2131 -0.8397
vn -0.1935 0.3320 -0.9232
vn -0.2494 0.8729 -0.4193
vn 0.2131 0.9770 -0.0028
vn 0.4995 0.2129 0.8398
vn 0.4996 0.2130 0.8396
vn 0.4994 0.2126 0.8399
vn 0.4996 0.2131 0.8396
vn 0.8397 0.1193 -0.5298
vn 0.0586 0.2967 0.9532
vn 0.2197 0.9030 0.3691
vn 0.2197 0.9030 0.3693
vn 0.1043 -0.9790 0.1753
vn 0.2040 0.9790 -0.0027
vn -0.0050 0.0384 -0.9992
vn -0.2040 -0.9790 0.0027
vn 0.8547 0.0384 -0.5178
vn 0.0211 0.0384 0.9990
vn 0.0210 0.0384 0.9990
vn 0.5286 0.0026 0.8489
vn 0.5285 0.0027 0.8489
vn 0.5285 0.0026 0.8489
vn -0.0059 1.0000 0.0001
vn -0.0095 1.0000 0.0006
vn 0.5285 -0.0001 0.8489
vn 0.4278 0.0003 -0.9039
vn 0.8573 0.2805 0.4317
vn 0.9712 0.2273 -0.0707
vn 0.8574 0.2804 0.4316
vn 0.9981 0.0031 0.0616
vn 0.9770 0.2042 0.0615
vn 0.9359 0.0841 0.3421
vn 0.8632 0.0400 -0.5033
vn 0.8632 0.0400 -0.5034
vn -0.0131 -0.0000 -0.9999
vn 0.6428 0.0000 -0.7660
vn 0.6428 0.0000 -0.7661
vn 0.9999 0.0026 -0.0131
vn -0.5242 0.7292 -0.4398
vn 0.9665 -0.2444 0.0782
vn 0.9997 0.0001 0.0238
vn -0.0030 1.0000 0.0053
vn -0.0026 1.0000 0.0051
vn -0.5427 0.0027 -0.8400
vn -0.5427 0.0026 -0.8400
vn -0.5426 0.0027 -0.8400
vn 0.8846 0.0093 0.4663
vn 0.1041 0.9771 -0.1858
vn 0.4404 0.8183 0.3695
vn -0.8532 0.1193 -0.5077
vn -0.8533 0.1193 -0.5077
vn -0.4161 0.9093 0.0054
vn 0.4660 0.0026 -0.8848
vn -0.7661 0.0000 -0.6428
vn -0.9770 0.2131 0.0127
vn 0.9997 0.0027 0.0238
vn 0.9997 0.0026 0.0238
vn 0.9997 0.0027 0.0239
vn -0.5886 -0.3694 0.7191
vn 0.0103 0.9999 -0.0001
vn 0.0111 0.9999 0.0002
vn -0.4775 0.2127 0.8525
vn 0.0000 -1.0000 0.0000
vn 0.7602 -0.4738 -0.4445
vn 0.5252 0.7303 0.4367
vn 0.5252 0.7303 0.4368
vn 0.9987 0.0027 -0.0500
vn 0.9987 0.0026 -0.0500
vn -0.4404 0.8182 -0.3695
vn -0.4405 0.8181 -0.3697
vn 0.5110 0.0027 -0.8596
vn 0.5106 0.0026 -0.8598
vn 0.5110 0.0026 -0.8596
vn -0.6059 -0.3693 0.7046
vn -0.9770 0.2131 0.0128
vn 0.7661 0.0000 0.6428
vn 0.7659 0.0000 0.6429
vn -0.0007 0.0005 1.0000
vn -0.0682 -0.9098 -0.4094
vn -0.3530 0.8368 -0.4184
vn 0.8801 0.0000 0.4748
vn 0.4685 0.6247 0.6247
vn 0.6416 -0.5464 0.5383
vn 0.6427 -0.5452 0.5383
vn -0.7304 -0.6830 0.0002
vn -0.6660 0.7460 -0.0000
vn 0.7660 0.0001 0.6428
vn -0.4233 -0.4526 0.7849
vn 0.5895 -0.3660 -0.7201
vn -0.8169 -0.3584 0.4520
vn -0.8168 -0.3581 0.4524
vn -0.8169 -0.3583 0.4520
vn -0.2628 -0.8409 -0.4730
vn 0.5102 0.7460 0.4281
vn -0.6550 -0.0173 0.7555
vn -0.6548 -0.0170 0.7556
vn -0.6549 -0.0172 0.7555
vn 0.1252 -0.7666 0.6297
vn 0.0007 0.0000 1.0000
vn -0.0002 0.0005 1.0000
vn 0.5886 -0.3693 -0.7191
vn 0.2592 0.8639 0.4319
vn -0.0152 -0.4871 -0.8732
vn 0.6416 -0.5464 0.5384
vn 0.0001 -0.5465 0.8375
vn 0.0000 -0.5464 0.8375
vn -0.7992 -0.4680 0.3771
vn -0.8001 -0.4664 0.3773
vn -0.7992 -0.4681 0.3771
vn -0.9999 0.0027 -0.0127
vn -0.9999 -0.0112 0.0006
vn -0.9999 0.0026 -0.0127
vn -0.9999 0.0026 -0.0138
vn -0.3556 -0.8889 0.2889
vn -0.7849 -0.4525 0.4233
vn -0.6416 -0.5464 -0.5383
vn -0.6416 -0.5463 -0.5384
vn 0.8735 -0.4866 0.0149
vn -0.3033 -0.3584 0.8829
vn -0.1443 -0.7215 -0.6773
vn 0.6068 -0.3660 -0.7056
vn 0.6426 0.0003 -0.7662
vn -0.5895 -0.3660 0.7201
vn 0.6413 0.5467 0.5384
vn 0.0000 -0.5464 -0.8375
vn 0.0001 0.7292 -0.6843
vn -0.6020 0.0000 0.7985
vn -0.8696 -0.4931 0.0259
vn -0.8757 -0.4827 0.0148
vn -0.8757 -0.4826 0.0147
vn -0.0000 0.7464 -0.6655
vn 0.0000 0.8181 0.5750
vn -0.0001 0.0000 -1.0000
vn 0.0001 0.0003 -1.0000
vn 0.9662 0.2577 0.0000
vn 0.8517 -0.5241 0.0000
vn 0.1240 -0.9923 0.0000
vn 0.8824 -0.4706 0.0000
vn 0.0002 0.0000 1.0000
vn -0.0001 0.0003 1.0000
vn -0.0002 0.0003 1.0000
vn -0.8637 0.1489 0.4816
vn -0.8638 0.1518 0.4805
vn -0.0324 0.0244 0.9992
vn -0.0299 0.0177 0.9994
vn 0.8810 0.0957 -0.4633
vn 0.8817 0.1114 -0.4585
vn 0.8701 0.0639 -0.4887
vn 0.8711 0.0766 -0.4851
vn -0.0202 -0.0155 -0.9997
vn -0.0187 -0.0117 -0.9998
vn 0.8626 0.1517 0.4825
vn 0.8635 0.1488 0.4819
vn 0.0325 0.0162 0.9993
vn 0.0299 0.0176 0.9994
vn -0.8694 0.0764 -0.4882
vn -0.8719 0.0641 -0.4854
vn -0.0325 0.0179 0.9993
vn -0.0299 0.0159 0.9994
vn 0.0324 0.0178 0.9993
vn 0.0298 0.0243 0.9993
vn 0.0202 -0.0117 -0.9997
vn 0.0187 -0.0156 -0.9997
vn 0.8543 0.1492 0.4980
vn 0.8549 0.1472 0.4975
vn 0.8762 0.0773 -0.4756
vn 0.8775 0.0950 -0.4701
vn 0.9955 0.0922 0.0197
vn 0.9953 0.0942 0.0239
vn -0.8547 0.1473 0.4978
vn -0.8548 0.1492 0.4971
vn -0.8796 0.1109 -0.4626
vn -0.8831 0.0961 -0.4592
vn 0.9966 0.0803 0.0203
vn 0.9954 0.0924 0.0239
vn -0.8749 0.0946 -0.4749
usemtl None
s off
f 1/1/1 2/2/1 3/3/1
f 3/3/1 4/4/1 5/5/1
f 6/6/1 1/1/1 3/3/1
f 3/3/1 5/5/1 6/6/1
f 7/7/2 8/8/2 9/9/2
f 9/9/3 8/8/3 10/10/3
f 10/11/4 11/12/4 9/13/4
f 3/3/5 12/14/5 13/15/5
f 13/15/6 14/16/6 3/3/6
f 15/17/7 16/18/7 10/19/7
f 10/19/7 17/20/7 15/17/7
f 14/16/1 13/15/1 18/21/1
f 18/21/1 11/22/1 14/16/1
f 19/23/8 4/24/8 16/18/8
f 16/18/8 15/17/8 19/23/8
f 9/25/9 11/26/9 20/27/9
f 20/27/9 21/28/9 9/25/9
f 16/29/1 14/16/1 11/22/1
f 11/22/1 10/30/1 16/29/1
f 4/4/10 3/3/10 14/16/10
f 14/16/10 16/29/10 4/4/10
f 18/31/11 22/32/11 23/33/11
f 23/33/12 24/34/12 18/31/12
f 25/35/1 12/14/1 3/3/1
f 3/3/1 2/2/1 25/35/1
f 25/36/13 2/37/13 26/38/13
f 26/38/13 27/39/13 25/36/13
f 2/40/14 28/41/14 29/42/14
f 29/42/14 26/43/14 2/40/14
f 23/44/4 21/45/4 20/46/4
f 20/46/4 24/47/4 23/44/4
f 30/48/15 31/49/15 21/50/15
f 21/50/15 23/33/15 30/48/15
f 7/51/16 9/52/16 21/53/16
f 21/53/16 31/54/16 7/51/16
f 11/22/1 18/21/1 24/55/1
f 24/55/1 20/56/1 11/22/1
f 32/57/16 33/58/16 34/59/16
f 34/59/16 35/60/16 32/57/16
f 33/58/16 36/61/16 37/62/16
f 37/62/16 34/59/16 33/58/16
f 36/61/16 7/51/16 31/54/16
f 31/54/16 37/62/16 36/61/16
f 22/32/17 38/63/17 30/48/17
f 30/48/17 23/33/17 22/32/17
f 38/63/17 39/64/17 40/65/17
f 40/65/17 30/48/17 38/63/17
f 39/64/17 41/66/17 42/67/17
f 42/67/17 40/65/17 39/64/17
f 41/66/17 43/68/17 44/69/17
f 44/69/17 42/67/17 41/66/17
f 44/69/15 35/70/15 34/71/15
f 34/71/15 42/67/15 44/69/15
f 42/67/15 34/71/15 37/72/15
f 37/72/15 40/65/15 42/67/15
f 40/65/15 37/72/15 31/49/15
f 31/49/15 30/48/15 40/65/15
f 45/73/8 46/74/8 47/75/8
f 47/75/8 48/76/8 45/73/8
f 46/74/8 49/77/8 50/78/8
f 50/78/8 47/75/8 46/74/8
f 49/77/8 19/23/8 15/17/8
f 15/17/8 50/78/8 49/77/8
f 8/8/18 51/79/18 17/80/18
f 17/80/18 10/10/18 8/8/18
f 51/79/18 52/81/18 53/82/18
f 53/82/18 17/80/18 51/79/18
f 52/81/18 54/83/18 55/84/18
f 55/84/18 53/82/18 52/81/18
f 54/83/18 56/85/18 57/86/18
f 57/86/18 55/84/18 54/83/18
f 48/76/7 47/75/7 55/87/7
f 55/87/7 57/88/7 48/76/7
f 47/75/7 50/78/7 53/89/7
f 53/89/7 55/87/7 47/75/7
f 50/78/7 15/17/7 17/20/7
f 17/20/7 53/89/7 50/78/7
f 32/90/2 54/91/2 33/92/2
f 33/93/2 52/94/2 36/95/2
f 36/96/2 51/97/2 7/98/2
f 7/99/1 51/100/1 58/101/1
f 51/102/19 36/103/19 59/104/19
f 36/105/1 52/106/1 59/107/1
f 52/108/19 33/109/19 60/110/19
f 33/111/1 54/112/1 60/113/1
f 61/114/20 56/85/20 54/83/20
f 60/115/20 54/83/20 52/81/20
f 59/116/20 52/81/20 51/79/20
f 51/79/20 8/8/20 58/117/20
f 8/118/21 7/119/21 58/120/21
f 54/121/22 32/122/22 61/123/22
f 62/124/1 63/125/1 64/126/1
f 64/126/1 65/127/1 66/128/1
f 66/128/1 67/129/1 68/130/1
f 68/130/1 62/124/1 64/126/1
f 64/126/1 66/128/1 68/130/1
f 69/131/23 70/132/23 71/133/23
f 70/132/24 72/134/24 73/135/24
f 73/135/25 71/133/25 70/132/25
f 62/124/26 74/136/26 13/15/26
f 13/15/27 12/14/27 62/124/27
f 75/137/14 76/138/14 73/139/14
f 73/139/14 77/140/14 75/137/14
f 74/136/1 72/141/1 18/21/1
f 18/21/1 13/15/1 74/136/1
f 78/142/28 75/137/28 77/140/28
f 77/140/28 68/143/28 78/142/28
f 70/144/29 79/145/29 80/146/29
f 80/146/29 72/147/29 70/144/29
f 77/148/1 73/149/1 72/141/1
f 72/141/1 74/136/1 77/148/1
f 68/130/30 77/148/30 74/136/30
f 74/136/30 62/124/30 68/130/30
f 18/31/31 81/150/31 82/151/31
f 82/151/32 22/32/32 18/31/32
f 25/35/1 63/125/1 62/124/1
f 62/124/1 12/14/1 25/35/1
f 25/36/33 27/39/33 83/152/33
f 83/152/33 63/153/33 25/36/33
f 63/154/7 83/155/7 84/156/7
f 84/156/7 85/157/7 63/154/7
f 82/151/24 81/150/24 80/158/24
f 80/158/24 79/159/24 82/151/24
f 86/160/34 82/151/34 79/159/34
f 79/159/34 87/161/34 86/160/34
f 69/162/35 87/163/35 79/145/35
f 79/145/35 70/144/35 69/162/35
f 72/141/1 80/164/1 81/165/1
f 81/165/1 18/21/1 72/141/1
f 88/166/35 89/167/35 90/168/35
f 90/168/35 91/169/35 88/166/35
f 91/169/35 90/168/35 92/170/35
f 92/170/35 93/171/35 91/169/35
f 93/171/35 92/170/35 87/163/35
f 87/163/35 69/162/35 93/171/35
f 22/32/36 82/151/36 86/160/36
f 86/160/36 38/63/36 22/32/36
f 38/63/36 86/160/36 94/172/36
f 94/172/36 39/64/36 38/63/36
f 39/64/36 94/172/36 95/173/36
f 95/173/36 41/66/36 39/64/36
f 41/66/36 95/173/36 96/174/36
f 96/174/36 43/68/36 41/66/36
f 96/174/34 95/173/34 90/175/34
f 90/175/34 89/176/34 96/174/34
f 95/173/34 94/172/34 92/177/34
f 92/177/34 90/175/34 95/173/34
f 94/172/34 86/160/34 87/161/34
f 87/161/34 92/177/34 94/172/34
f 97/178/28 98/179/28 99/180/28
f 99/180/28 100/181/28 97/178/28
f 100/181/28 99/180/28 101/182/28
f 101/182/28 102/183/28 100/181/28
f 102/183/28 101/182/28 75/137/28
f 75/137/28 78/142/28 102/183/28
f 71/133/37 73/135/37 76/184/37
f 76/184/37 103/185/37 71/133/37
f 103/185/37 76/184/37 104/186/37
f 104/186/37 105/187/37 103/185/37
f 105/187/37 104/186/37 106/188/37
f 106/188/37 107/189/37 105/187/37
f 107/189/37 106/188/37 108/190/37
f 108/190/37 109/191/37 107/189/37
f 98/179/14 108/192/14 106/193/14
f 106/193/14 99/180/14 98/179/14
f 99/180/14 106/193/14 104/194/14
f 104/194/14 101/182/14 99/180/14
f 101/182/14 104/194/14 76/138/14
f 76/138/14 75/137/14 101/182/14
f 88/195/23 91/196/23 107/197/23
f 91/198/23 93/199/23 105/200/23
f 93/201/23 69/202/23 103/203/23
f 69/204/1 110/205/1 103/206/1
f 103/207/38 111/208/38 93/209/38
f 93/210/1 111/211/1 105/212/1
f 105/213/39 112/214/39 91/215/39
f 91/216/1 112/217/1 107/218/1
f 113/219/40 107/189/40 109/191/40
f 112/220/40 105/187/40 107/189/40
f 111/221/40 103/185/40 105/187/40
f 103/185/40 110/222/40 71/133/40
f 71/223/38 110/224/38 69/225/38
f 107/226/41 113/227/41 88/228/41
f 114/229/42 115/230/42 116/231/42
f 117/232/42 118/233/42 119/234/42
f 114/229/42 116/231/42 117/232/42
f 117/232/42 119/234/42 114/229/42
f 120/235/2 121/236/2 122/237/2
f 121/236/43 123/238/43 124/239/43
f 124/239/44 122/237/44 121/236/44
f 114/229/45 125/240/45 126/241/45
f 126/241/46 127/242/46 114/229/46
f 128/243/7 129/244/7 124/245/7
f 124/245/7 130/246/7 128/243/7
f 125/240/42 123/247/42 131/248/42
f 131/248/42 126/241/42 125/240/42
f 132/249/8 128/243/8 130/246/8
f 130/246/8 119/250/8 132/249/8
f 121/251/47 133/252/47 134/253/47
f 134/253/47 123/254/47 121/251/47
f 130/255/42 124/256/42 123/247/42
f 123/247/42 125/240/42 130/255/42
f 119/234/48 130/255/48 125/240/48
f 125/240/48 114/229/48 119/234/48
f 131/257/49 135/258/49 136/259/49
f 136/259/50 137/260/50 131/257/50
f 138/261/42 115/230/42 114/229/42
f 114/229/42 127/242/42 138/261/42
f 138/262/13 139/263/13 140/264/13
f 140/264/13 115/265/13 138/262/13
f 115/266/14 140/267/14 141/268/14
f 141/268/14 142/269/14 115/266/14
f 136/259/43 135/258/43 134/270/43
f 134/270/43 133/271/43 136/259/43
f 143/272/15 136/259/15 133/271/15
f 133/271/15 144/273/15 143/272/15
f 120/274/16 144/275/16 133/276/16
f 133/276/16 121/277/16 120/274/16
f 123/247/42 134/278/42 135/279/42
f 135/279/42 131/248/42 123/247/42
f 32/57/16 35/60/16 145/280/16
f 145/280/16 146/281/16 32/57/16
f 146/281/16 145/280/16 147/282/16
f 147/282/16 148/283/16 146/281/16
f 148/283/16 147/282/16 144/275/16
f 144/275/16 120/274/16 148/283/16
f 137/260/17 136/259/17 143/272/17
f 143/272/17 149/284/17 137/260/17
f 149/284/17 143/272/17 150/285/17
f 150/285/17 151/286/17 149/284/17
f 151/286/17 150/285/17 152/287/17
f 152/287/17 153/288/17 151/286/17
f 153/288/17 152/287/17 44/69/17
f 44/69/17 43/68/17 153/288/17
f 44/69/15 152/287/15 145/289/15
f 145/289/15 35/70/15 44/69/15
f 152/287/15 150/285/15 147/290/15
f 147/290/15 145/289/15 152/287/15
f 150/285/15 143/272/15 144/273/15
f 144/273/15 147/290/15 150/285/15
f 45/73/8 48/76/8 154/291/8
f 154/291/8 155/292/8 45/73/8
f 155/292/8 154/291/8 156/293/8
f 156/293/8 157/294/8 155/292/8
f 157/294/8 156/293/8 128/243/8
f 128/243/8 132/249/8 157/294/8
f 122/237/18 124/239/18 129/295/18
f 129/295/18 158/296/18 122/237/18
f 158/296/18 129/295/18 159/297/18
f 159/297/18 160/298/18 158/296/18
f 160/298/18 159/297/18 161/299/18
f 161/299/18 162/300/18 160/298/18
f 162/300/18 161/299/18 57/86/18
f 57/86/18 56/85/18 162/300/18
f 48/76/7 57/88/7 161/301/7
f 161/301/7 154/291/7 48/76/7
f 154/291/7 161/301/7 159/302/7
f 159/302/7 156/293/7 154/291/7
f 156/293/7 159/302/7 129/244/7
f 129/244/7 128/243/7 156/293/7
f 32/303/2 146/304/2 162/305/2
f 146/306/2 148/307/2 160/308/2
f 148/309/2 120/310/2 158/311/2
f 120/312/42 163/313/42 158/314/42
f 158/315/51 164/316/51 148/317/51
f 148/318/42 164/319/42 160/320/42
f 160/321/51 165/322/51 146/323/51
f 146/324/42 165/325/42 162/326/42
f 61/114/20 162/300/20 56/85/20
f 165/327/20 160/298/20 162/300/20
f 164/328/20 158/296/20 160/298/20
f 158/296/20 163/329/20 122/237/20
f 122/330/51 163/331/51 120/332/51
f 162/333/52 61/334/52 32/335/52
f 166/336/42 167/337/42 168/338/42
f 168/338/42 169/339/42 170/340/42
f 171/341/42 166/336/42 168/338/42
f 168/338/42 170/340/42 171/341/42
f 172/342/23 173/343/23 174/344/23
f 174/344/53 173/343/53 175/345/53
f 175/345/54 176/346/54 174/344/54
f 168/338/55 127/242/55 126/241/55
f 126/241/56 177/347/56 168/338/56
f 178/348/14 179/349/14 175/350/14
f 175/350/14 180/351/14 178/348/14
f 177/347/42 126/241/42 131/248/42
f 131/248/42 176/352/42 177/347/42
f 181/353/28 169/354/28 179/349/28
f 179/349/28 178/348/28 181/353/28
f 174/355/57 176/356/57 182/357/57
f 182/357/57 183/358/57 174/355/57
f 179/359/42 177/347/42 176/352/42
f 176/352/42 175/360/42 179/359/42
f 169/339/58 168/338/58 177/347/58
f 177/347/58 179/359/58 169/339/58
f 131/257/59 137/260/59 184/361/59
f 184/361/60 185/362/60 131/257/60
f 138/261/42 127/242/42 168/338/42
f 168/338/42 167/337/42 138/261/42
f 138/262/33 167/363/33 186/364/33
f 186/364/33 139/263/33 138/262/33
f 167/365/7 187/366/7 188/367/7
f 188/367/7 186/368/7 167/365/7
f 184/361/54 183/369/54 182/370/54
f 182/370/54 185/362/54 184/361/54
f 189/371/34 190/372/34 183/369/34
f 183/369/34 184/361/34 189/371/34
f 172/373/35 174/374/35 183/375/35
f 183/375/35 190/376/35 172/373/35
f 176/352/42 131/248/42 185/377/42
f 185/377/42 182/378/42 176/352/42
f 88/166/35 191/379/35 192/380/35
f 192/380/35 89/167/35 88/166/35
f 191/379/35 193/381/35 194/382/35
f 194/382/35 192/380/35 191/379/35
f 193/381/35 172/373/35 190/376/35
f 190/376/35 194/382/35 193/381/35
f 137/260/36 149/284/36 189/371/36
f 189/371/36 184/361/36 137/260/36
f 149/284/36 151/286/36 195/383/36
f 195/383/36 189/371/36 149/284/36
f 151/286/36 153/288/36 196/384/36
f 196/384/36 195/383/36 151/286/36
f 153/288/36 43/68/36 96/174/36
f 96/174/36 196/384/36 153/288/36
f 96/174/34 89/176/34 192/385/34
f 192/385/34 196/384/34 96/174/34
f 196/384/34 192/385/34 194/386/34
f 194/386/34 195/383/34 196/384/34
f 195/383/34 194/386/34 190/372/34
f 190/372/34 189/371/34 195/383/34
f 97/178/28 197/387/28 198/388/28
f 198/388/28 98/179/28 97/178/28
f 197/387/28 199/389/28 200/390/28
f 200/390/28 198/388/28 197/387/28
f 199/389/28 181/353/28 178/348/28
f 178/348/28 200/390/28 199/389/28
f 173/343/37 201/391/37 180/392/37
f 180/392/37 175/345/37 173/343/37
f 201/391/37 202/393/37 203/394/37
f 203/394/37 180/392/37 201/391/37
f 202/393/37 204/395/37 205/396/37
f 205/396/37 203/394/37 202/393/37
f 204/395/37 109/191/37 108/190/37
f 108/190/37 205/396/37 204/395/37
f 98/179/14 198/388/14 205/397/14
f 205/397/14 108/192/14 98/179/14
f 198/388/14 200/390/14 203/398/14
f 203/398/14 205/397/14 198/388/14
f 200/390/14 178/348/14 180/351/14
f 180/351/14 203/398/14 200/390/14
f 88/399/23 204/400/23 191/401/23
f 191/402/23 202/403/23 193/404/23
f 193/405/23 201/406/23 172/407/23
f 172/408/42 201/409/42 206/410/42
f 201/411/61 193/412/61 207/413/61
f 193/414/42 202/415/42 207/416/42
f 202/417/61 191/418/61 208/419/61
f 191/420/42 204/421/42 208/422/42
f 113/219/40 109/191/40 204/395/40
f 208/423/40 204/395/40 202/393/40
f 207/424/40 202/393/40 201/391/40
f 201/391/40 173/343/40 206/425/40
f 173/426/61 172/427/61 206/428/61
f 204/429/62 88/430/62 113/431/62
f 209/432/63 210/433/63 211/434/63
f 212/435/63 213/436/63 209/432/63
f 211/434/63 212/435/63 209/432/63
f 209/432/64 213/436/64 214/437/64
f 214/437/65 215/438/65 209/432/65
f 216/439/7 217/440/7 218/441/7
f 218/441/7 215/442/7 216/439/7
f 209/443/66 215/444/66 219/445/66
f 219/445/66 220/446/66 209/443/66
f 218/447/67 221/448/67 222/449/67
f 222/449/68 223/450/68 218/447/68
f 222/449/65 220/451/65 219/452/65
f 219/452/65 223/450/65 222/449/65
f 224/453/69 225/454/69 220/451/69
f 220/451/69 222/449/69 224/453/69
f 210/455/70 209/456/70 220/457/70
f 220/457/70 225/458/70 210/455/70
f 215/442/7 218/441/7 223/459/7
f 223/459/7 219/460/7 215/442/7
f 226/461/70 227/462/70 228/463/70
f 228/463/70 229/464/70 226/461/70
f 227/462/70 230/465/70 231/466/70
f 231/466/70 228/463/70 227/462/70
f 230/465/70 210/455/70 225/458/70
f 225/458/70 231/466/70 230/465/70
f 221/448/71 232/467/71 224/453/71
f 224/453/71 222/449/71 221/448/71
f 232/467/71 233/468/71 234/469/71
f 234/469/71 224/453/71 232/467/71
f 233/468/71 235/470/71 236/471/71
f 236/471/71 234/469/71 233/468/71
f 235/470/71 237/472/71 238/473/71
f 238/473/71 236/471/71 235/470/71
f 238/473/69 229/474/69 228/475/69
f 228/475/69 236/471/69 238/473/69
f 236/471/69 228/475/69 231/476/69
f 231/476/69 234/469/69 236/471/69
f 234/469/69 231/476/69 225/454/69
f 225/454/69 224/453/69 234/469/69
f 239/477/72 240/478/72 241/479/72
f 242/480/72 243/481/72 244/482/72
f 239/477/72 241/479/72 242/480/72
f 239/477/72 242/480/72 244/482/72
f 240/478/72 245/483/72 246/484/72
f 246/484/72 241/479/72 240/478/72
f 226/485/63 240/486/63 227/487/63
f 227/488/63 239/489/63 230/490/63
f 230/491/63 247/492/63 248/493/63
f 248/493/63 210/494/63 230/491/63
f 210/495/7 248/496/7 249/497/7
f 249/497/7 250/498/7 210/495/7
f 230/499/7 239/500/7 251/501/7
f 239/502/73 227/503/73 252/504/73
f 227/505/7 240/506/7 252/507/7
f 252/508/74 240/478/74 239/477/74
f 251/509/74 239/477/74 253/510/74
f 253/510/74 254/511/74 251/509/74
f 240/512/75 226/513/75 255/514/75
f 256/515/76 257/516/76 240/512/76
f 240/512/77 255/514/77 256/515/77
f 258/517/78 259/518/78 260/519/78
f 259/518/79 261/520/79 262/521/79
f 262/521/80 260/519/80 259/518/80
f 263/522/81 264/523/81 217/440/81
f 217/440/82 265/524/82 263/522/82
f 266/525/1 267/526/1 262/527/1
f 262/527/1 268/528/1 266/525/1
f 264/523/7 261/529/7 218/441/7
f 218/441/7 217/440/7 264/523/7
f 259/530/83 269/531/83 270/532/83
f 270/532/83 261/533/83 259/530/83
f 268/534/7 262/535/7 261/529/7
f 261/529/7 264/523/7 268/534/7
f 271/536/84 268/537/84 264/538/84
f 264/538/84 263/539/84 271/536/84
f 218/447/85 272/540/85 273/541/85
f 273/541/86 221/448/86 218/447/86
f 273/541/79 272/540/79 270/542/79
f 270/542/79 269/543/79 273/541/79
f 274/544/87 273/541/87 269/543/87
f 269/543/87 275/545/87 274/544/87
f 258/546/88 275/547/88 269/531/88
f 269/531/88 259/530/88 258/546/88
f 261/529/7 270/548/7 272/549/7
f 272/549/7 218/441/7 261/529/7
f 276/550/88 277/551/88 275/547/88
f 275/547/88 258/546/88 276/550/88
f 221/448/89 273/541/89 274/544/89
f 274/544/89 232/467/89 221/448/89
f 232/467/89 274/544/89 278/552/89
f 278/552/89 233/468/89 232/467/89
f 233/468/89 278/552/89 279/553/89
f 279/553/89 235/470/89 233/468/89
f 235/470/89 279/553/89 280/554/89
f 280/554/89 237/472/89 235/470/89
f 281/555/87 280/554/87 279/553/87
f 282/556/87 283/557/87 284/558/87
f 285/559/87 286/560/87 281/555/87
f 279/553/87 282/556/87 284/558/87
f 285/559/87 281/555/87 279/553/87
f 279/553/87 284/558/87 285/559/87
f 282/556/87 279/553/87 278/552/87
f 278/552/87 277/561/87 287/562/87
f 278/552/87 287/562/87 282/556/87
f 278/552/87 274/544/87 275/545/87
f 275/545/87 277/561/87 278/552/87
f 288/563/90 260/519/90 262/521/90
f 262/521/90 267/564/90 289/565/90
f 290/566/90 288/563/90 262/521/90
f 262/521/90 289/565/90 290/566/90
f 291/567/78 276/568/78 258/569/78
f 258/569/78 292/570/78 293/571/78
f 294/572/78 291/567/78 258/569/78
f 258/569/78 293/571/78 294/572/78
f 258/573/7 295/574/7 296/575/7
f 296/575/7 292/576/7 258/573/7
f 276/577/7 297/578/7 298/579/7
f 298/579/7 299/580/7 276/577/7
f 297/581/91 300/582/91 301/583/91
f 301/583/91 298/584/91 297/581/91
f 260/585/92 295/586/92 258/587/92
f 302/588/70 226/461/70 229/464/70
f 303/589/93 304/590/93 305/591/93
f 306/592/94 307/593/94 308/594/94
f 229/464/70 303/589/70 305/591/70
f 306/592/95 308/594/95 302/588/95
f 229/464/96 305/591/96 306/592/96
f 229/464/70 306/592/70 302/588/70
f 229/474/69 238/473/69 309/595/69
f 310/596/69 311/597/69 303/598/69
f 229/474/69 309/595/69 310/596/69
f 310/596/69 303/598/69 229/474/69
f 226/599/63 302/600/63 312/601/63
f 280/554/87 281/555/87 313/602/87
f 313/602/97 314/603/97 280/554/97
f 315/604/1 316/605/1 317/606/1
f 317/606/1 318/607/1 319/608/1
f 317/606/1 319/608/1 315/604/1
f 320/609/2 321/610/2 322/611/2
f 320/609/2 322/611/2 323/612/2
f 324/613/2 325/614/2 326/615/2
f 320/609/2 323/612/2 324/613/2
f 324/613/2 326/615/2 320/609/2
f 320/609/98 326/615/98 327/616/98
f 327/616/99 328/617/99 320/609/99
f 317/606/100 329/618/100 330/619/100
f 330/619/101 331/620/101 317/606/101
f 332/621/7 333/622/7 327/623/7
f 327/623/7 334/624/7 332/621/7
f 331/620/1 330/619/1 335/625/1
f 335/625/1 328/626/1 331/620/1
f 336/627/8 318/628/8 333/622/8
f 333/622/8 332/621/8 336/627/8
f 320/629/102 328/630/102 337/631/102
f 337/631/102 338/632/102 320/629/102
f 333/633/1 331/620/1 328/626/1
f 328/626/1 327/634/1 333/633/1
f 318/607/103 317/606/103 331/620/103
f 331/620/103 333/633/103 318/607/103
f 335/635/104 339/636/104 340/637/104
f 340/637/105 341/638/105 335/635/105
f 342/639/1 329/618/1 317/606/1
f 317/606/1 316/605/1 342/639/1
f 342/640/13 316/641/13 343/642/13
f 343/642/13 344/643/13 342/640/13
f 343/644/14 316/645/14 345/646/14
f 345/646/14 346/647/14 347/648/14
f 345/646/14 347/648/14 343/644/14
f 340/637/99 338/649/99 337/650/99
f 337/650/99 341/638/99 340/637/99
f 348/651/15 349/652/15 338/649/15
f 338/649/15 340/637/15 348/651/15
f 321/653/16 320/629/16 338/632/16
f 338/632/16 349/654/16 321/653/16
f 328/626/1 335/625/1 341/655/1
f 341/655/1 337/656/1 328/626/1
f 339/636/17 350/657/17 348/651/17
f 348/651/17 340/637/17 339/636/17
f 350/657/17 351/658/17 352/659/17
f 352/659/17 348/651/17 350/657/17
f 351/658/17 353/660/17 354/661/17
f 354/661/17 352/659/17 351/658/17
f 354/661/17 353/660/17 355/662/17
f 356/663/17 357/664/17 354/661/17
f 355/662/17 356/663/17 354/661/17
f 352/659/15 354/661/15 358/665/15
f 359/666/15 360/667/15 361/668/15
f 352/659/15 358/665/15 359/666/15
f 359/666/15 361/668/15 352/659/15
f 348/651/15 352/659/15 361/668/15
f 361/668/15 362/669/15 363/670/15
f 363/670/15 364/671/15 349/652/15
f 349/652/15 348/651/15 361/668/15
f 361/668/15 363/670/15 349/652/15
f 326/615/18 365/672/18 334/673/18
f 334/673/18 327/616/18 326/615/18
f 334/673/18 365/672/18 366/674/18
f 366/674/18 367/675/18 368/676/18
f 366/674/18 368/676/18 334/673/18
f 369/677/7 332/621/7 334/624/7
f 334/624/7 368/678/7 369/677/7
f 370/679/7 371/680/7 336/627/7
f 336/627/7 372/681/7 373/682/7
f 373/683/7 374/684/7 370/685/7
f 336/627/7 373/682/7 370/679/7
f 321/686/1 375/687/1 376/688/1
f 376/688/1 377/689/1 321/686/1
f 365/690/106 378/691/106 379/692/106
f 380/693/20 365/672/20 326/615/20
f 326/615/20 381/694/20 382/695/20
f 326/615/20 382/695/20 380/693/20
f 326/696/106 325/697/106 381/698/106
f 383/699/1 384/700/1 385/701/1
f 385/701/1 386/702/1 383/699/1
f 387/703/23 388/704/23 389/705/23
f 389/705/23 390/706/23 387/703/23
f 388/704/107 391/707/107 392/708/107
f 392/708/108 389/705/108 388/704/108
f 386/702/109 393/709/109 330/619/109
f 330/619/110 329/618/110 386/702/110
f 393/709/1 391/710/1 335/625/1
f 335/625/1 330/619/1 393/709/1
f 388/711/111 394/712/111 395/713/111
f 395/713/111 391/714/111 388/711/111
f 335/635/112 396/715/112 397/716/112
f 397/716/113 339/636/113 335/635/113
f 342/639/1 383/699/1 386/702/1
f 386/702/1 329/618/1 342/639/1
f 342/640/33 344/643/33 398/717/33
f 398/717/33 383/718/33 342/640/33
f 399/719/7 383/720/7 398/721/7
f 398/721/7 400/722/7 401/723/7
f 401/723/7 402/724/7 399/719/7
f 398/721/7 401/723/7 399/719/7
f 397/716/107 396/715/107 395/725/107
f 395/725/107 394/726/107 397/716/107
f 403/727/34 397/716/34 394/726/34
f 394/726/34 404/728/34 403/727/34
f 387/729/35 404/730/35 394/712/35
f 394/712/35 388/711/35 387/729/35
f 391/710/1 395/731/1 396/732/1
f 396/732/1 335/625/1 391/710/1
f 405/733/35 406/734/35 407/735/35
f 407/735/35 408/736/35 405/733/35
f 408/736/35 407/735/35 404/730/35
f 404/730/35 387/729/35 408/736/35
f 339/636/114 397/716/114 403/727/114
f 403/727/114 350/657/114 339/636/114
f 350/657/114 403/727/114 409/737/114
f 409/737/114 351/658/114 350/657/114
f 351/658/114 409/737/114 410/738/114
f 410/738/114 353/660/114 351/658/114
f 355/662/114 353/660/114 410/738/114
f 410/738/36 411/739/36 412/740/36
f 412/740/114 413/741/114 414/742/114
f 415/743/36 355/662/36 410/738/36
f 412/740/36 414/742/36 415/743/36
f 410/738/114 412/740/114 415/743/114
f 411/739/34 410/738/34 406/744/34
f 406/744/34 416/745/34 411/739/34
f 410/738/34 409/737/34 407/746/34
f 407/746/34 406/744/34 410/738/34
f 409/737/34 403/727/34 404/728/34
f 404/728/34 407/746/34 409/737/34
f 417/747/28 418/748/28 419/749/28
f 419/749/28 420/750/28 417/747/28
f 421/751/28 420/750/28 419/749/28
f 419/749/28 422/752/28 423/753/28
f 419/749/28 423/753/28 421/751/28
f 421/751/28 423/753/28 424/754/28
f 425/755/37 426/756/37 427/757/37
f 427/757/37 428/758/37 429/759/37
f 427/757/37 429/759/37 425/755/37
f 425/755/37 429/759/37 430/760/37
f 430/760/37 431/761/37 425/755/37
f 431/761/37 430/760/37 432/762/37
f 432/762/37 433/763/37 431/761/37
f 418/748/14 432/764/14 430/765/14
f 430/765/14 419/749/14 418/748/14
f 422/752/14 419/749/14 430/765/14
f 430/765/14 429/766/14 434/767/14
f 430/765/14 434/767/14 422/752/14
f 405/768/23 408/769/23 425/770/23
f 408/771/23 387/772/23 426/773/23
f 387/774/1 435/775/1 426/776/1
f 426/777/115 436/778/115 408/779/115
f 408/780/1 436/781/1 425/782/1
f 425/783/115 437/784/115 405/785/115
f 405/786/1 437/787/1 431/788/1
f 437/789/40 425/755/40 431/761/40
f 436/790/40 426/756/40 425/755/40
f 426/756/40 435/791/40 438/792/40
f 438/792/116 439/793/116 426/756/116
f 431/794/117 440/795/117 441/796/117
f 441/796/118 442/797/118 431/794/118
f 411/739/34 416/745/34 443/798/34
f 443/798/34 444/799/34 411/739/34
f 417/747/28 445/800/28 446/801/28
f 446/801/28 418/748/28 417/747/28
f 445/800/28 447/802/28 448/803/28
f 448/803/28 446/801/28 445/800/28
f 448/803/28 447/802/28 449/804/28
f 450/805/28 451/806/28 448/803/28
f 449/804/28 450/805/28 448/803/28
f 452/807/37 433/763/37 432/762/37
f 432/762/37 453/808/37 452/807/37
f 418/748/14 446/801/14 453/809/14
f 453/809/14 432/764/14 418/748/14
f 446/801/14 448/803/14 454/810/14
f 454/810/14 453/809/14 446/801/14
f 454/810/14 448/803/14 451/806/14
f 451/806/14 455/811/14 456/812/14
f 451/806/14 456/812/14 454/810/14
f 457/813/14 447/802/14 445/800/14
f 445/800/14 458/814/14 457/813/14
f 458/814/14 445/800/14 417/747/14
f 417/747/14 459/815/14 458/814/14
f 452/816/119 460/817/119 461/818/119
f 462/819/120 463/820/120 464/821/120
f 464/821/120 465/822/120 462/819/120
f 466/823/121 467/824/121 468/825/121
f 468/825/122 469/826/122 466/823/122
f 470/827/123 471/828/123 472/829/123
f 472/829/123 473/830/123 470/827/123
f 474/831/124 475/832/124 476/833/124
f 476/833/125 477/834/125 474/831/125
f 478/835/126 479/836/126 480/837/126
f 480/837/126 481/838/126 478/835/126
f 482/839/127 483/840/127 484/841/127
f 484/841/127 485/842/127 482/839/127
f 486/843/128 487/844/128 488/845/128
f 488/845/129 489/846/129 486/843/129
f 490/847/130 491/848/130 492/849/130
f 492/849/130 493/850/130 494/851/130
f 492/849/130 494/851/130 495/852/130
f 496/853/130 490/847/130 492/849/130
f 492/849/131 495/852/131 496/853/131
f 497/854/132 464/855/132 498/856/132
f 498/857/133 499/858/133 497/859/133
f 500/860/134 501/861/134 502/862/134
f 502/862/134 503/863/134 500/860/134
f 504/864/135 505/865/135 492/866/135
f 492/866/136 491/867/136 504/864/136
f 506/868/137 507/869/137 508/870/137
f 508/870/137 509/871/137 506/868/137
f 510/872/138 511/873/138 497/874/138
f 497/874/139 512/875/139 513/876/139
f 497/874/140 513/876/140 510/872/140
f 514/877/141 509/878/141 508/879/141
f 508/879/141 515/880/141 399/881/141
f 399/881/141 402/882/141 516/883/141
f 514/877/141 508/879/141 399/881/141
f 399/881/141 516/883/141 514/877/141
f 481/884/142 480/885/142 517/886/142
f 517/886/142 518/887/142 481/884/142
f 519/888/143 503/889/143 502/890/143
f 502/890/143 520/891/143 521/892/143
f 502/890/143 521/892/143 519/888/143
f 522/893/144 523/894/144 524/895/144
f 524/895/145 525/896/145 522/893/145
f 526/897/146 527/898/146 528/899/146
f 528/899/146 529/900/146 526/897/146
f 530/901/147 531/902/147 532/903/147
f 532/903/147 533/904/147 530/901/147
f 534/905/148 535/906/148 536/907/148
f 536/907/149 537/908/149 534/905/149
f 522/893/150 538/909/150 539/910/150
f 522/893/150 539/910/150 540/911/150
f 242/912/150 523/894/150 522/893/150
f 522/893/150 540/911/150 243/913/150
f 522/893/150 243/913/150 242/912/150
f 541/914/151 542/915/151 523/916/151
f 523/916/151 242/917/151 241/918/151
f 246/919/151 541/914/151 523/916/151
f 523/916/151 241/918/151 246/919/151
f 543/920/152 544/921/152 525/922/152
f 525/922/152 545/923/152 543/920/152
f 546/924/153 547/925/153 548/926/153
f 548/926/154 549/927/154 550/928/154
f 550/928/155 551/929/155 546/924/155
f 548/926/154 550/928/154 546/924/154
f 552/930/156 488/845/156 553/931/156
f 553/931/156 554/932/156 552/930/156
f 555/933/157 522/893/157 525/896/157
f 525/896/158 544/934/158 555/933/158
f 556/935/159 557/936/159 558/937/159
f 558/937/160 559/938/160 556/935/160
f 560/939/161 561/940/161 562/941/161
f 562/941/162 563/942/162 560/939/162
f 564/943/159 556/935/159 559/938/159
f 559/938/163 565/944/163 564/943/163
f 566/945/164 567/946/164 568/947/164
f 568/947/165 569/948/165 566/945/165
f 570/949/166 571/950/166 572/951/166
f 572/951/167 573/952/167 570/949/167
f 574/953/168 575/954/168 529/955/168
f 529/955/169 528/956/169 574/953/169
f 575/954/170 566/945/170 569/948/170
f 569/948/171 529/955/171 575/954/171
f 560/957/172 576/958/172 577/959/172
f 577/959/173 561/960/173 560/957/173
f 576/958/174 534/905/174 537/908/174
f 537/908/175 577/959/175 576/958/175
f 578/961/146 579/962/146 569/963/146
f 569/963/146 568/964/146 578/961/146
f 579/962/146 526/897/146 529/900/146
f 529/900/146 569/963/146 579/962/146
f 580/965/176 581/966/176 582/967/176
f 582/967/177 564/968/177 580/965/177
f 581/966/178 486/843/178 489/846/178
f 489/846/179 582/967/179 581/966/179
f 581/969/180 583/970/180 584/971/180
f 584/971/181 585/972/181 581/969/181
f 586/973/127 482/839/127 485/842/127
f 485/842/127 587/974/127 586/973/127
f 588/975/159 589/976/159 590/977/159
f 590/977/159 591/978/159 588/975/159
f 592/979/123 470/827/123 473/830/123
f 473/830/123 593/980/123 592/979/123
f 474/981/182 594/982/182 595/983/182
f 595/983/183 596/984/183 474/981/183
f 597/985/184 466/823/184 469/826/184
f 469/826/185 598/986/185 597/985/185
f 587/987/186 583/988/186 584/989/186
f 584/989/187 599/990/187 587/987/187
f 600/991/120 462/819/120 465/822/120
f 465/822/120 601/992/120 600/991/120
f 602/993/146 603/994/146 604/995/146
f 604/995/146 605/996/146 602/993/146
f 606/997/188 607/998/188 608/999/188
f 608/999/188 609/1000/188 606/997/188
f 570/1001/146 602/993/146 605/996/146
f 605/996/146 571/1002/146 570/1001/146
f 607/998/188 610/1003/188 611/1004/188
f 611/1004/188 608/999/188 607/998/188
f 610/1003/188 612/1005/188 613/1006/188
f 613/1006/188 611/1004/188 610/1003/188
f 527/898/189 614/1007/189 615/1008/189
f 615/1008/189 616/1009/189 527/898/189
f 617/1010/190 618/1011/190 614/1012/190
f 614/1012/190 619/1013/190 617/1010/190
f 603/994/146 620/1014/146 619/1015/146
f 619/1015/146 604/995/146 603/994/146
f 604/995/146 619/1015/146 614/1007/146
f 614/1007/146 606/1016/146 604/995/146
f 621/1017/141 622/1018/141 623/1019/141
f 623/1019/141 624/1020/141 621/1017/141
f 623/1019/141 622/1018/141 625/1021/141
f 625/1021/141 626/1022/141 315/1023/141
f 319/1024/191 627/1025/191 628/1026/191
f 625/1021/141 315/1023/141 319/1027/141
f 319/1027/141 628/1028/141 623/1019/141
f 625/1021/141 319/1027/141 623/1019/141
f 621/1029/137 629/1030/137 630/1031/137
f 630/1032/7 631/1033/7 118/1034/7
f 117/1035/137 622/1036/137 621/1029/137
f 621/1029/137 630/1031/137 118/1037/137
f 118/1037/137 117/1035/137 621/1029/137
f 632/1038/127 633/1039/127 634/1040/127
f 634/1040/127 635/1041/127 632/1038/127
f 594/982/182 636/1042/182 637/1043/182
f 637/1043/182 595/983/182 594/982/182
f 638/1044/127 632/1038/127 635/1041/127
f 635/1041/127 636/1045/127 638/1044/127
f 639/1046/192 640/1047/192 641/1048/192
f 641/1048/193 642/1049/193 639/1046/193
f 492/849/142 643/1050/142 644/1051/142
f 644/1051/142 493/850/142 492/849/142
f 643/1050/142 481/884/142 518/887/142
f 518/887/142 644/1051/142 643/1050/142
f 633/1039/127 645/1052/127 646/1053/127
f 646/1053/127 634/1040/127 633/1039/127
f 634/1040/127 646/1053/127 483/840/127
f 483/840/127 482/839/127 634/1040/127
f 505/865/126 647/1054/126 643/1055/126
f 643/1055/126 492/866/126 505/865/126
f 647/1054/126 478/835/126 481/838/126
f 481/838/126 643/1055/126 647/1054/126
f 587/1056/194 485/1057/194 648/1058/194
f 648/1058/195 583/1059/195 587/1056/195
f 649/1060/196 557/1061/196 650/1062/196
f 650/1062/197 651/1063/197 649/1060/197
f 475/1064/198 474/981/198 596/984/198
f 596/984/199 652/1065/199 475/1064/199
f 475/1066/200 583/1059/200 581/966/200
f 581/966/201 580/965/201 475/1066/201
f 555/1067/202 653/1068/202 654/1069/202
f 654/1069/203 522/1070/203 555/1067/203
f 653/1068/204 504/864/204 491/867/204
f 491/867/136 655/1071/136 656/1072/136
f 491/867/136 656/1072/136 657/1073/136
f 212/435/205 654/1069/205 653/1068/205
f 213/436/206 212/435/206 653/1068/206
f 653/1068/207 491/867/207 657/1073/207
f 214/437/202 213/436/202 653/1068/202
f 653/1068/208 657/1073/208 214/437/208
f 522/1074/209 654/1075/209 658/1076/209
f 658/1076/130 249/1077/130 248/1078/130
f 247/1079/210 254/1080/210 253/1081/210
f 522/1074/130 658/1076/130 248/1078/130
f 247/1079/211 253/1081/211 659/1082/211
f 522/1074/130 248/1078/130 247/1079/130
f 660/1083/130 538/1084/130 522/1074/130
f 661/1085/209 660/1083/209 522/1074/209
f 522/1074/130 247/1079/130 659/1082/130
f 662/1086/130 661/1085/130 522/1074/130
f 522/1074/209 659/1082/209 662/1086/209
f 654/1075/209 212/1087/209 211/1088/209
f 211/1088/130 663/1089/130 658/1076/130
f 654/1075/130 211/1088/130 658/1076/130
f 485/1057/212 484/1090/212 664/1091/212
f 664/1091/213 648/1058/213 485/1057/213
f 648/1058/214 664/1091/214 487/844/214
f 487/844/178 486/843/178 648/1058/178
f 582/967/120 489/846/120 665/1092/120
f 665/1092/120 588/1093/120 582/967/120
f 588/1093/120 665/1092/120 666/1094/120
f 666/1094/120 589/1095/120 588/1093/120
f 557/1061/196 556/1096/196 667/1097/196
f 667/1097/196 650/1062/196 557/1061/196
f 564/968/120 582/967/120 588/1093/120
f 588/1093/120 556/1098/120 564/968/120
f 598/1099/215 469/1100/215 668/1101/215
f 668/1101/216 669/1102/216 598/1099/216
f 670/1103/217 597/1104/217 671/1105/217
f 671/1105/217 672/1106/217 670/1103/217
f 571/1107/218 673/1108/218 674/1109/218
f 674/1109/218 572/1110/218 571/1107/218
f 523/916/219 542/915/219 675/1111/219
f 675/1111/219 524/1112/219 523/916/219
f 675/1111/219 542/915/219 676/1113/219
f 677/1114/220 678/1115/220 679/1116/220
f 675/1111/219 676/1113/219 677/1114/219
f 680/1117/219 681/1118/219 675/1111/219
f 682/1119/219 683/1120/219 680/1117/219
f 679/1116/219 684/1121/219 682/1119/219
f 675/1111/219 677/1114/219 679/1116/219
f 682/1119/219 680/1117/219 675/1111/219
f 679/1116/219 682/1119/219 675/1111/219
f 464/821/156 463/820/156 685/1122/156
f 685/1122/156 498/1123/156 464/821/156
f 463/820/156 686/1124/156 687/1125/156
f 687/1125/156 685/1122/156 463/820/156
f 686/1124/156 552/930/156 554/932/156
f 554/932/156 687/1125/156 686/1124/156
f 500/1126/221 688/1127/221 689/1128/221
f 689/1128/221 690/1129/221 500/1126/221
f 548/1130/222 547/1131/222 691/1132/222
f 691/1132/222 681/1133/222 692/1134/222
f 693/1135/222 694/1136/222 548/1130/222
f 691/1132/222 692/1134/222 693/1135/222
f 691/1132/222 693/1135/222 548/1130/222
f 691/1132/222 545/923/222 675/1137/222
f 675/1137/222 681/1133/222 691/1132/222
f 499/1138/152 695/1139/152 547/1131/152
f 547/1131/152 696/1140/152 499/1138/152
f 695/1139/152 697/1141/152 691/1132/152
f 691/1132/152 547/1131/152 695/1139/152
f 697/1141/152 543/920/152 545/923/152
f 545/923/152 691/1132/152 697/1141/152
f 489/846/120 488/845/120 552/930/120
f 552/930/120 665/1092/120 489/846/120
f 665/1092/120 552/930/120 686/1124/120
f 686/1124/223 666/1094/223 665/1092/223
f 666/1094/223 686/1124/223 463/820/223
f 463/820/120 462/819/120 666/1094/120
f 556/1142/224 588/1143/224 591/1144/224
f 591/1144/224 667/1145/224 556/1142/224
f 698/1146/225 699/1147/225 466/823/225
f 466/823/226 597/985/226 698/1146/226
f 700/1148/227 601/1149/227 698/1146/227
f 698/1146/228 701/1150/228 700/1148/228
f 701/1150/229 698/1146/229 597/985/229
f 597/985/230 670/1151/230 701/1150/230
f 520/1152/231 502/1153/231 702/1154/231
f 702/1154/231 703/1155/231 704/1156/231
f 705/1157/231 706/1158/231 520/1152/231
f 702/1154/231 704/1156/231 705/1157/231
f 702/1154/231 705/1157/231 520/1152/231
f 702/1154/231 707/1159/231 708/1160/231
f 708/1160/231 703/1155/231 702/1154/231
f 501/861/232 709/1161/232 702/1162/232
f 702/1162/233 502/862/233 501/861/233
f 702/1162/232 709/1161/232 511/873/232
f 511/873/138 510/872/138 710/1163/138
f 711/1164/234 707/1165/234 702/1162/234
f 511/873/235 710/1163/235 711/1164/235
f 511/873/236 711/1164/236 702/1162/236
f 465/1166/237 464/1167/237 712/1168/237
f 712/1168/225 699/1147/225 465/1166/225
f 699/1147/238 712/1168/238 467/824/238
f 467/824/239 466/823/239 699/1147/239
f 713/1169/240 592/1170/240 714/1171/240
f 714/1171/240 715/1172/240 713/1169/240
f 600/1173/241 601/1174/241 716/1175/241
f 716/1175/242 717/1176/242 600/1173/242
f 601/992/243 465/822/243 718/1177/243
f 718/1177/244 716/1178/244 601/992/244
f 639/1179/123 719/1180/123 592/1181/123
f 592/1181/123 713/1182/123 639/1179/123
f 720/1183/143 721/1184/143 428/1185/143
f 720/1183/143 428/1185/143 427/1186/143
f 384/1187/143 515/880/143 508/879/143
f 722/1188/143 385/1189/143 384/1187/143
f 722/1188/143 384/1187/143 508/879/143
f 508/879/143 720/1183/143 427/1186/143
f 439/1190/245 438/1191/245 390/1192/245
f 508/879/143 427/1186/143 439/1193/143
f 392/1194/143 722/1188/143 508/879/143
f 439/1195/246 390/1196/246 389/1197/246
f 389/1198/143 392/1194/143 508/879/143
f 508/879/247 439/1193/247 389/1198/247
f 721/1184/143 720/1183/143 503/889/143
f 503/889/143 519/888/143 723/1199/143
f 723/1200/248 724/1201/248 725/1202/248
f 725/1203/143 424/1204/143 423/1205/143
f 725/1203/143 423/1205/143 422/1206/143
f 503/889/143 723/1199/143 725/1203/143
f 434/1207/143 721/1184/143 503/889/143
f 503/889/143 725/1203/143 422/1206/143
f 503/889/249 422/1206/249 434/1207/249
f 507/869/134 688/1208/134 720/1209/134
f 720/1209/134 508/870/134 507/869/134
f 688/1208/134 500/860/134 503/863/134
f 503/863/134 720/1209/134 688/1208/134
f 469/826/123 468/825/123 726/1210/123
f 726/1210/123 727/1211/123 469/826/123
f 727/1211/123 726/1210/123 471/828/123
f 471/828/123 470/827/123 727/1211/123
f 728/1212/147 533/904/147 729/1213/147
f 729/1213/147 730/1214/147 728/1212/147
f 615/1215/14 731/1216/14 732/1217/14
f 732/1217/14 733/1218/14 615/1215/14
f 620/1014/189 536/1219/189 734/1220/189
f 734/1220/189 735/1221/189 620/1014/189
f 617/1222/7 619/1223/7 736/1224/7
f 736/1224/7 737/1225/7 617/1222/7
f 738/1226/147 645/1227/147 739/1228/147
f 739/1228/147 740/1229/147 738/1226/147
f 535/906/14 472/829/14 728/1230/14
f 728/1230/14 741/1231/14 535/906/14
f 574/953/7 528/956/7 742/1232/7
f 742/1232/7 743/1233/7 574/953/7
f 731/1216/14 618/1234/14 744/1235/14
f 1/1236/14 6/1237/14 731/1216/14
f 744/1235/14 1/1236/14 731/1216/14
f 745/1238/146 746/1239/146 609/1240/146
f 609/1240/146 608/1241/146 745/1238/146
f 747/1242/146 745/1238/146 608/1241/146
f 608/1241/146 611/1243/146 747/1242/146
f 604/1244/250 606/1245/250 609/1246/250
f 609/1246/250 746/1247/250 604/1244/250
f 571/1107/218 605/1248/218 745/1249/218
f 745/1249/218 747/1250/218 571/1107/218
f 605/1248/218 604/1251/218 746/1252/218
f 746/1252/218 745/1249/218 605/1248/218
f 748/1253/251 749/1254/251 750/1255/251
f 750/1255/252 751/1256/252 748/1253/252
f 578/1257/253 568/1258/253 751/1259/253
f 751/1259/254 752/1260/254 578/1257/254
f 557/936/159 649/1261/159 753/1262/159
f 753/1262/160 558/937/160 557/936/160
f 638/1263/255 636/1264/255 754/1265/255
f 754/1265/256 755/1266/256 638/1263/256
f 475/832/257 580/1267/257 756/1268/257
f 756/1268/258 476/833/258 475/832/258
f 580/1267/259 564/943/259 565/944/259
f 565/944/260 756/1268/260 580/1267/260
f 640/1269/261 639/1270/261 757/1271/261
f 757/1271/262 758/1272/262 640/1269/262
f 636/1264/255 594/1273/255 759/1274/255
f 759/1274/255 754/1265/255 636/1264/255
f 594/1273/263 474/831/263 477/834/263
f 477/834/264 759/1274/264 594/1273/264
f 700/1275/265 701/1276/265 760/1277/265
f 760/1277/266 761/1278/266 700/1275/266
f 639/1270/261 713/1279/261 762/1280/261
f 762/1280/261 757/1271/261 639/1270/261
f 567/1281/267 638/1263/267 755/1266/267
f 755/1266/268 748/1282/268 567/1281/268
f 701/1276/269 670/1283/269 763/1284/269
f 763/1284/270 760/1277/270 701/1276/270
f 713/1279/271 764/1285/271 765/1286/271
f 765/1286/272 762/1280/272 713/1279/272
f 670/1283/273 640/1269/273 758/1272/273
f 758/1272/274 763/1284/274 670/1283/274
f 649/1261/275 700/1275/275 761/1278/275
f 761/1278/276 753/1262/276 649/1261/276
f 472/1287/134 471/1288/134 688/1208/134
f 688/1208/134 507/869/134 472/1287/134
f 467/1289/277 712/1290/277 511/873/277
f 511/873/232 709/1161/232 467/1289/232
f 499/858/278 498/857/278 766/1291/278
f 766/1291/278 767/1292/278 499/858/278
f 687/1293/152 554/1294/152 543/920/152
f 543/920/152 697/1141/152 687/1293/152
f 685/1295/152 687/1293/152 697/1141/152
f 697/1141/152 695/1139/152 685/1295/152
f 487/844/279 664/1091/279 768/1296/279
f 768/1296/279 769/1297/279 487/844/279
f 726/1298/280 500/1126/280 690/1129/280
f 690/1129/280 770/1299/280 726/1298/280
f 488/1300/281 487/1301/281 653/1068/281
f 653/1068/282 555/1067/282 488/1300/282
f 483/1302/126 646/1303/126 478/835/126
f 478/835/126 647/1054/126 483/1302/126
f 484/841/283 483/840/283 771/1304/283
f 771/1304/283 772/1305/283 484/841/283
f 629/1030/137 738/1306/137 773/1307/137
f 773/1308/7 774/1309/7 630/1032/7
f 773/1307/137 630/1031/137 629/1030/137
f 488/1310/284 555/933/284 544/934/284
f 544/1311/285 553/1312/285 488/1313/285
f 553/1314/286 544/1315/286 775/1316/286
f 775/1316/286 776/1317/286 553/1314/286
f 688/1318/287 471/1319/287 777/1320/287
f 777/1320/287 689/1321/287 688/1318/287
f 530/1322/137 472/1287/137 507/869/137
f 507/869/137 506/868/137 530/1322/137
f 664/1323/288 484/1324/288 505/865/288
f 505/865/204 504/864/204 664/1323/204
f 726/1325/134 468/1326/134 501/861/134
f 501/861/134 500/860/134 726/1325/134
f 512/1327/289 497/859/289 499/858/289
f 499/858/290 696/1328/290 512/1327/290
f 545/1329/291 525/1330/291 778/1331/291
f 778/1331/291 779/1332/291 545/1329/291
f 779/1333/222 778/1334/222 780/1335/222
f 780/1335/222 781/1336/222 779/1333/222
f 782/1337/222 783/1338/222 546/1339/222
f 546/1339/222 551/1340/222 784/1341/222
f 784/1341/222 785/1342/222 782/1337/222
f 546/1339/222 784/1341/222 782/1337/222
f 777/1343/134 770/1344/134 690/1345/134
f 690/1345/134 689/1346/134 777/1343/134
f 786/1347/292 787/1348/292 788/1349/292
f 788/1349/293 789/1350/293 786/1347/293
f 766/1351/152 790/1352/152 791/1353/152
f 791/1353/152 767/1354/152 766/1351/152
f 769/1355/294 768/1356/294 792/1357/294
f 792/1357/202 793/1358/202 769/1355/202
f 772/1359/126 771/1360/126 794/1361/126
f 794/1361/126 795/1362/126 772/1359/126
f 796/1363/152 776/1364/152 775/1365/152
f 775/1365/152 797/1366/152 796/1363/152
f 798/1367/295 799/1368/295 800/1369/295
f 800/1369/138 801/1370/138 798/1367/138
f 802/1371/126 803/1372/126 804/1373/126
f 804/1373/126 805/1374/126 802/1371/126
f 712/1168/296 464/1167/296 799/1375/296
f 799/1375/296 798/1376/296 712/1168/296
f 544/1377/297 543/1378/297 797/1379/297
f 797/1379/297 775/1380/297 544/1377/297
f 468/825/296 467/824/296 787/1381/296
f 787/1381/296 786/1382/296 468/825/296
f 524/1112/297 675/1111/297 781/1383/297
f 781/1383/297 780/1384/297 524/1112/297
f 471/828/298 726/1210/298 770/1385/298
f 770/1385/298 777/1386/298 471/828/298
f 497/1387/299 511/1388/299 801/1389/299
f 801/1389/300 800/1390/300 497/1387/300
f 525/896/301 524/895/301 780/1391/301
f 780/1391/302 778/1392/302 525/896/302
f 675/1393/303 545/1394/303 779/1395/303
f 779/1395/303 781/1396/303 675/1393/303
f 483/1397/304 647/1398/304 794/1399/304
f 794/1399/304 771/1400/304 483/1397/304
f 709/1401/300 501/1402/300 789/1403/300
f 789/1403/300 788/1404/300 709/1401/300
f 478/1405/305 646/1406/305 802/1407/305
f 802/1407/305 805/1408/305 478/1405/305
f 653/1409/306 487/1410/306 769/1411/306
f 769/1411/306 793/1412/306 653/1409/306
f 664/1413/307 504/1414/307 792/1415/307
f 792/1415/307 768/1416/307 664/1413/307
f 645/1417/308 479/1418/308 804/1419/308
f 804/1419/308 803/1420/308 645/1417/308
f 695/1421/297 499/1422/297 767/1423/297
f 767/1423/297 791/1424/297 695/1421/297
f 685/1425/309 695/1426/309 791/1427/309
f 791/1427/309 790/1428/309 685/1425/309
f 479/1418/310 478/1429/310 805/1430/310
f 805/1430/310 804/1419/310 479/1418/310
f 505/1431/311 484/1432/311 772/1433/311
f 772/1433/311 795/1434/311 505/1431/311
f 504/1435/312 653/1409/312 793/1412/312
f 793/1412/312 792/1436/312 504/1435/312
f 498/1123/291 685/1122/291 790/1437/291
f 790/1437/291 766/1438/291 498/1123/291
f 543/1439/313 554/1440/313 796/1441/313
f 796/1441/313 797/1442/313 543/1439/313
f 464/1443/314 497/1387/314 800/1390/314
f 800/1390/314 799/1444/314 464/1443/314
f 646/1053/283 645/1052/283 803/1445/283
f 803/1445/283 802/1446/283 646/1053/283
f 467/1447/315 709/1448/315 788/1449/315
f 788/1449/315 787/1450/315 467/1447/315
f 501/1451/316 468/1452/316 786/1453/316
f 786/1453/316 789/1454/316 501/1451/316
f 647/1455/310 505/1456/310 795/1457/310
f 795/1457/310 794/1458/310 647/1455/310
f 554/932/291 553/931/291 776/1459/291
f 776/1459/291 796/1460/291 554/932/291
f 696/1461/291 547/1462/291 546/1463/291
f 546/1463/291 783/1464/291 696/1461/291
f 511/1465/317 712/1466/317 798/1467/317
f 798/1467/317 801/1468/317 511/1465/317
f 568/1258/318 567/1281/318 748/1282/318
f 748/1282/319 751/1259/319 568/1258/319
f 755/1469/320 806/1470/320 749/1254/320
f 749/1254/321 748/1253/321 755/1469/321
f 614/1471/14 618/1234/14 731/1216/14
f 731/1216/14 615/1215/14 614/1471/14
f 645/1052/7 574/953/7 743/1233/7
f 743/1233/7 739/1472/7 645/1052/7
f 536/907/14 535/906/14 741/1231/14
f 741/1231/14 734/1473/14 536/907/14
f 807/1474/190 533/1475/190 532/1476/190
f 807/1474/190 532/1476/190 808/1477/190
f 66/1478/190 737/1479/190 807/1474/190
f 67/1480/190 66/1478/190 807/1474/190
f 807/1474/190 808/1477/190 809/1481/190
f 809/1482/322 810/1483/322 811/1484/322
f 812/1485/190 67/1480/190 807/1474/190
f 807/1474/190 809/1481/190 811/1486/190
f 811/1486/190 812/1485/190 807/1474/190
f 737/1225/7 736/1224/7 813/1487/7
f 813/1487/7 814/1488/7 737/1225/7
f 593/980/323 473/830/323 534/905/323
f 534/905/172 576/958/172 593/980/172
f 764/1489/324 593/980/324 576/958/324
f 576/958/325 560/957/325 764/1489/325
f 633/1039/326 632/1038/326 566/945/326
f 566/945/168 575/954/168 633/1039/168
f 645/1052/327 633/1039/327 575/954/327
f 575/954/328 574/953/328 645/1052/328
f 632/1038/329 638/1044/329 567/946/329
f 567/946/170 566/945/170 632/1038/170
f 764/1285/330 560/939/330 563/942/330
f 563/942/331 765/1286/331 764/1285/331
f 473/830/332 472/829/332 535/906/332
f 535/906/174 534/905/174 473/830/174
f 645/1490/137 738/1306/137 629/1030/137
f 629/1030/137 479/836/137 645/1490/137
f 610/1491/333 578/1257/333 752/1260/333
f 752/1260/334 815/1492/334 610/1491/334
f 616/1009/189 615/1008/189 733/1493/189
f 733/1493/189 816/1494/189 616/1009/189
f 479/836/137 629/1030/137 621/1029/137
f 621/1029/137 480/837/137 479/836/137
f 480/1495/141 621/1017/141 624/1020/141
f 624/1020/141 517/1496/141 480/1495/141
f 528/899/189 527/898/189 616/1009/189
f 616/1009/189 742/1497/189 528/899/189
f 607/1498/146 606/1016/146 526/897/146
f 526/897/146 579/962/146 607/1498/146
f 610/1499/146 607/1498/146 579/962/146
f 579/962/146 578/961/146 610/1499/146
f 606/1016/146 614/1007/146 527/898/146
f 527/898/146 526/897/146 606/1016/146
f 736/1500/189 735/1221/189 817/1501/189
f 817/1501/189 813/1502/189 736/1500/189
f 619/1015/189 620/1014/189 735/1221/189
f 735/1221/189 736/1500/189 619/1015/189
f 533/1503/7 807/1504/7 818/1505/7
f 818/1505/7 729/1506/7 533/1503/7
f 537/1507/146 536/1219/146 620/1014/146
f 620/1014/146 603/994/146 537/1507/146
f 561/1508/146 577/1509/146 602/993/146
f 602/993/146 570/1001/146 561/1508/146
f 577/1509/146 537/1507/146 603/994/146
f 603/994/146 602/993/146 577/1509/146
f 561/940/335 570/949/335 573/952/335
f 573/952/336 562/941/336 561/940/336
f 472/1510/147 530/901/147 533/904/147
f 533/904/147 728/1212/147 472/1510/147
f 626/1022/141 625/1021/141 509/878/141
f 509/878/141 514/877/141 346/1511/141
f 345/1512/141 626/1022/141 509/878/141
f 509/878/141 346/1511/141 345/1512/141
f 819/1513/190 820/1514/190 821/1515/190
f 821/1515/190 816/1516/190 819/1513/190
f 818/1517/190 814/1518/190 813/1519/190
f 813/1519/190 817/1520/190 818/1517/190
f 822/1521/190 823/1522/190 820/1514/190
f 820/1514/190 819/1513/190 822/1521/190
f 732/1523/190 819/1513/190 816/1516/190
f 816/1516/190 733/1524/190 732/1523/190
f 730/1525/190 729/1526/190 818/1517/190
f 818/1517/190 824/1527/190 730/1525/190
f 824/1527/190 818/1517/190 817/1520/190
f 817/1520/190 825/1528/190 824/1527/190
f 743/1233/7 742/1232/7 821/1529/7
f 821/1529/7 820/1530/7 743/1233/7
f 735/1221/189 734/1220/189 825/1531/189
f 825/1531/189 817/1501/189 735/1221/189
f 807/1532/147 737/1533/147 814/1534/147
f 814/1534/147 818/1535/147 807/1532/147
f 734/1473/14 741/1231/14 824/1536/14
f 824/1536/14 825/1537/14 734/1473/14
f 731/1538/147 826/1539/147 819/1540/147
f 819/1540/147 732/1541/147 731/1538/147
f 739/1472/7 743/1233/7 820/1530/7
f 820/1530/7 823/1542/7 739/1472/7
f 740/1229/147 739/1228/147 823/1543/147
f 823/1543/147 822/1544/147 740/1229/147
f 826/1545/14 740/1546/14 822/1547/14
f 822/1547/14 819/1548/14 826/1545/14
f 741/1231/14 728/1230/14 730/1549/14
f 730/1549/14 824/1536/14 741/1231/14
f 742/1497/189 616/1009/189 816/1494/189
f 816/1494/189 821/1550/189 742/1497/189
f 595/1551/337 827/1552/337 599/1553/337
f 599/1553/338 596/1554/338 595/1551/338
f 715/1555/123 714/1556/123 828/1557/123
f 828/1557/123 829/1558/123 715/1555/123
f 672/1559/339 671/1560/339 669/1561/339
f 669/1561/340 641/1562/340 672/1559/340
f 651/1563/341 717/1564/341 716/1565/341
f 716/1565/342 830/1566/342 651/1563/342
f 831/1567/127 832/1568/127 833/1569/127
f 833/1569/127 827/1552/127 831/1567/127
f 637/1570/127 831/1567/127 827/1552/127
f 827/1552/127 595/1551/127 637/1570/127
f 584/1571/213 834/1572/213 835/1573/213
f 835/1573/343 585/1574/343 584/1571/343
f 596/1575/344 599/1576/344 584/1571/344
f 584/1571/345 652/1577/345 596/1575/345
f 590/1578/120 836/1579/120 837/1580/120
f 837/1580/120 717/1564/120 590/1578/120
f 667/1581/120 591/1582/120 590/1578/120
f 590/1578/120 650/1583/120 667/1581/120
f 650/1583/120 590/1578/120 717/1564/120
f 717/1564/120 651/1563/120 650/1583/120
f 716/1584/346 718/1585/346 838/1586/346
f 838/1586/347 839/1587/347 716/1584/347
f 669/1561/348 668/1588/348 840/1589/348
f 840/1589/349 841/1590/349 669/1561/349
f 841/1590/123 840/1589/123 842/1591/123
f 842/1591/123 714/1592/123 841/1590/123
f 641/1562/350 669/1561/350 841/1590/350
f 841/1590/351 642/1593/351 641/1562/351
f 764/1594/352 713/1595/352 715/1596/352
f 715/1596/352 829/1597/352 764/1594/352
f 586/1598/353 587/987/353 599/990/353
f 599/990/354 827/1599/354 586/1598/354
f 698/1600/355 601/1601/355 716/1602/355
f 716/1602/356 839/1603/356 698/1600/356
f 592/1604/352 719/1605/352 841/1606/352
f 841/1606/352 714/1607/352 592/1604/352
f 648/1608/357 486/1609/357 835/1610/357
f 835/1610/357 834/1611/357 648/1608/357
f 640/1047/358 670/1612/358 672/1613/358
f 672/1613/359 641/1048/359 640/1047/359
f 601/1149/360 700/1148/360 830/1614/360
f 830/1614/361 716/1615/361 601/1149/361
f 469/1616/261 727/1617/261 840/1618/261
f 840/1618/261 668/1619/261 469/1616/261
f 634/1620/255 482/1621/255 833/1622/255
f 833/1622/255 832/1623/255 634/1620/255
f 583/1624/362 648/1625/362 834/1626/362
f 834/1626/363 584/1627/363 583/1624/363
f 700/1628/197 649/1060/197 651/1063/197
f 651/1063/196 830/1629/196 700/1628/196
f 592/1630/261 593/1631/261 828/1632/261
f 828/1632/261 714/1633/261 592/1630/261
f 465/1634/364 699/1635/364 838/1636/364
f 838/1636/364 718/1637/364 465/1634/364
f 727/1617/261 470/1638/261 842/1639/261
f 842/1639/261 840/1618/261 727/1617/261
f 666/1640/159 462/1641/159 837/1642/159
f 837/1642/159 836/1643/159 666/1640/159
f 635/1644/365 634/1645/365 832/1646/365
f 832/1646/365 831/1647/365 635/1644/365
f 486/843/366 581/966/366 585/1574/366
f 585/1574/367 835/1573/367 486/843/367
f 593/1648/368 764/1649/368 829/1650/368
f 829/1650/369 828/1651/369 593/1648/369
f 482/1652/370 586/1653/370 827/1654/370
f 827/1654/370 833/1655/370 482/1652/370
f 583/1059/371 475/1066/371 652/1577/371
f 652/1577/372 584/1571/372 583/1059/372
f 597/1656/373 598/1657/373 669/1658/373
f 669/1658/374 671/1659/374 597/1656/374
f 699/1660/375 698/1661/375 839/1662/375
f 839/1662/375 838/1663/375 699/1660/375
f 470/1664/376 592/1665/376 714/1666/376
f 714/1666/376 842/1667/376 470/1664/376
f 589/1668/7 666/1669/7 836/1670/7
f 836/1670/7 590/1671/7 589/1668/7
f 636/1672/365 635/1644/365 831/1647/365
f 831/1647/365 637/1673/365 636/1672/365
f 719/1674/377 639/1675/377 642/1676/377
f 642/1676/377 841/1677/377 719/1674/377
f 462/1678/378 600/1679/378 717/1680/378
f 717/1680/378 837/1681/378 462/1678/378
f 843/1682/379 844/1683/379 845/1684/379
f 845/1684/379 846/1685/379 843/1682/379
f 847/1686/380 848/1687/380 849/1688/380
f 849/1688/381 850/1689/381 851/1690/381
f 849/1688/380 851/1690/380 847/1686/380
f 852/1691/382 853/1692/382 847/1693/382
f 847/1693/382 851/1694/382 854/1695/382
f 847/1693/383 854/1695/383 855/1696/383
f 856/1697/382 857/1698/382 852/1691/382
f 847/1693/382 855/1696/382 856/1697/382
f 847/1693/382 856/1697/382 852/1691/382
f 852/1691/382 857/1698/382 858/1699/382
f 858/1699/382 859/1700/382 852/1691/382
f 860/1701/384 861/1702/384 862/1703/384
f 862/1703/384 846/1704/384 860/1701/384
f 861/1702/384 863/1705/384 864/1706/384
f 864/1706/384 862/1703/384 861/1702/384
f 863/1705/384 865/1707/384 866/1708/384
f 866/1708/384 864/1706/384 863/1705/384
f 867/1709/379 843/1682/379 846/1685/379
f 846/1685/379 862/1710/379 867/1709/379
f 863/1711/385 868/1712/385 869/1713/385
f 870/1714/386 871/1715/386 849/1716/386
f 848/1717/385 863/1711/385 869/1713/385
f 870/1714/385 849/1716/385 848/1717/385
f 848/1717/385 869/1713/385 870/1714/385
f 872/1718/379 450/1719/379 449/1720/379
f 449/1720/379 873/1721/379 872/1718/379
f 860/1722/387 874/1723/387 875/1724/387
f 861/1725/387 876/1726/387 877/1727/387
f 878/1728/388 879/1729/388 444/799/388
f 443/798/388 880/1730/388 865/1707/388
f 878/1728/388 444/799/388 443/798/388
f 443/798/388 865/1707/388 863/1705/388
f 878/1728/388 443/798/388 863/1705/388
f 860/1701/388 881/1731/388 882/1732/388
f 863/1733/389 848/1734/389 878/1735/389
f 883/1736/390 884/1737/390 885/1738/390
f 885/1738/390 886/1739/390 887/1740/390
f 885/1738/390 887/1740/390 883/1736/390
f 888/1741/391 889/1742/391 890/1743/391
f 888/1741/391 890/1743/391 891/1744/391
f 892/1745/391 886/1746/391 885/1747/391
f 893/1748/391 894/1749/391 892/1745/391
f 888/1741/391 891/1744/391 893/1748/391
f 893/1748/391 892/1745/391 885/1747/391
f 888/1741/391 893/1748/391 885/1747/391
f 895/1750/392 896/1751/392 897/1752/392
f 897/1752/392 898/1753/392 895/1750/392
f 308/1754/392 898/1753/392 897/1752/392
f 897/1752/392 256/1755/392 255/1756/392
f 312/601/392 302/600/392 308/1754/392
f 897/1752/392 255/1756/392 312/601/392
f 897/1752/392 312/601/392 308/1754/392
f 899/1757/393 884/1758/393 883/1759/393
f 883/1760/394 900/1761/394 901/1762/394
f 901/1763/393 310/596/393 309/595/393
f 309/595/393 899/1757/393 883/1759/393
f 883/1759/393 901/1763/393 309/595/393
f 895/1764/395 902/1765/395 903/1766/395
f 904/1767/396 905/1768/396 906/1769/396
f 314/603/396 313/602/396 904/1767/396
f 904/1767/396 906/1769/396 314/603/396
f 898/1770/397 307/1771/397 306/1772/397
f 907/1773/398 908/1774/398 909/1775/398
f 909/1775/398 910/1776/398 907/1773/398
f 911/1777/385 912/1778/385 913/1779/385
f 912/1778/399 914/1780/399 915/1781/399
f 915/1781/400 913/1779/400 912/1778/400
f 916/1782/401 917/1783/401 918/1784/401
f 918/1784/402 919/1785/402 916/1782/402
f 917/1783/403 914/1786/403 920/1787/403
f 920/1787/403 918/1784/403 917/1783/403
f 912/1788/404 921/1789/404 922/1790/404
f 922/1790/404 914/1791/404 912/1788/404
f 920/1792/405 923/1793/405 924/1794/405
f 924/1794/406 925/1795/406 920/1792/406
f 907/1773/407 916/1796/407 926/1797/407
f 926/1797/407 927/1798/407 907/1773/407
f 928/1799/408 929/1800/408 930/1801/408
f 930/1801/408 907/1802/408 928/1799/408
f 907/1802/409 930/1801/409 931/1803/409
f 931/1803/410 908/1804/410 907/1802/410
f 924/1794/399 923/1793/399 922/1805/399
f 922/1805/399 921/1806/399 924/1794/399
f 932/1807/382 924/1794/382 921/1806/382
f 921/1806/382 933/1808/382 932/1807/382
f 911/1809/380 933/1810/380 921/1811/380
f 921/1811/380 912/1812/380 911/1809/380
f 914/1786/403 922/1813/403 923/1814/403
f 923/1814/403 920/1787/403 914/1786/403
f 848/1687/380 847/1686/380 934/1815/380
f 934/1815/380 935/1816/380 848/1687/380
f 935/1816/380 934/1815/380 936/1817/380
f 936/1817/380 937/1818/380 935/1816/380
f 937/1818/380 936/1817/380 933/1810/380
f 933/1810/380 911/1809/380 937/1818/380
f 925/1795/411 924/1794/411 932/1807/411
f 932/1807/412 938/1819/412 925/1795/412
f 938/1819/412 932/1807/412 939/1820/412
f 939/1820/412 940/1821/412 938/1819/412
f 940/1821/412 939/1820/412 941/1822/412
f 941/1822/412 942/1823/412 940/1821/412
f 942/1823/412 941/1822/412 853/1692/412
f 853/1692/412 943/1824/412 942/1823/412
f 853/1692/382 941/1822/382 934/1825/382
f 934/1825/382 847/1693/382 853/1692/382
f 941/1822/382 939/1820/382 936/1826/382
f 936/1826/382 934/1825/382 941/1822/382
f 939/1820/382 932/1807/382 933/1808/382
f 933/1808/382 936/1826/382 939/1820/382
f 944/1827/384 913/1779/384 915/1781/384
f 915/1781/384 323/612/384 322/611/384
f 322/611/384 945/1828/384 376/1829/384
f 375/1830/384 946/1831/384 944/1827/384
f 322/611/384 376/1829/384 375/1830/384
f 944/1827/384 915/1781/384 322/611/384
f 322/611/384 375/1830/384 944/1827/384
f 944/1827/384 946/1831/384 947/1832/384
f 947/1832/384 948/1833/384 944/1827/384
f 415/743/385 848/1834/385 935/1835/385
f 935/1835/385 356/663/385 355/662/385
f 935/1835/385 355/662/385 415/743/385
f 949/1836/385 935/1835/385 937/1837/385
f 937/1837/385 359/666/385 358/665/385
f 937/1837/413 358/665/413 949/1836/413
f 363/670/385 937/1837/385 911/1838/385
f 944/1839/413 950/1840/413 364/671/413
f 364/671/385 363/670/385 911/1838/385
f 911/1838/414 944/1839/414 364/671/414
f 911/1841/403 951/1842/403 944/1843/403
f 944/1844/415 952/1845/415 950/1846/415
f 937/1847/403 953/1848/403 360/1849/403
f 360/1849/403 359/1850/403 937/1847/403
f 356/1851/416 935/1852/416 954/1853/416
f 954/1853/403 955/1854/403 357/1855/403
f 954/1853/417 357/1855/417 356/1851/417
f 879/1729/388 878/1728/388 956/1856/388
f 956/1856/388 413/741/388 412/740/388
f 956/1856/388 412/740/388 879/1729/388
f 954/1857/388 957/1858/388 955/1859/388
f 953/1860/388 362/669/388 361/668/388
f 361/668/388 360/667/388 953/1860/388
f 944/1827/388 951/1861/388 913/1779/388
f 913/1862/418 951/1863/418 911/1864/418
f 958/1865/393 959/1866/393 960/1867/393
f 960/1867/419 959/1866/419 961/1868/419
f 961/1868/420 962/1869/420 960/1867/420
f 963/1870/421 919/1871/421 918/1872/421
f 918/1872/422 964/1873/422 963/1870/422
f 964/1874/403 918/1784/403 920/1787/403
f 920/1787/403 962/1875/403 964/1874/403
f 960/1876/423 962/1877/423 965/1878/423
f 965/1878/423 966/1879/423 960/1876/423
f 967/1880/403 964/1874/403 962/1875/403
f 962/1875/403 961/1881/403 967/1880/403
f 920/1792/424 925/1795/424 968/1882/424
f 968/1882/425 969/1883/425 920/1792/425
f 970/1884/426 928/1885/426 971/1886/426
f 971/1886/426 972/1887/426 970/1884/426
f 916/1796/398 907/1773/398 910/1776/398
f 910/1776/398 973/1888/398 916/1796/398
f 928/1889/427 970/1890/427 974/1891/427
f 974/1891/428 929/1892/428 928/1889/428
f 970/1890/429 975/1893/429 976/1894/429
f 976/1894/430 974/1891/430 970/1890/430
f 968/1882/420 966/1895/420 965/1896/420
f 965/1896/420 969/1883/420 968/1882/420
f 977/1897/391 978/1898/391 966/1895/391
f 966/1895/391 968/1882/391 977/1897/391
f 958/1899/390 960/1900/390 966/1901/390
f 966/1901/390 978/1902/390 958/1899/390
f 962/1875/403 920/1787/403 969/1903/403
f 969/1903/403 965/1904/403 962/1875/403
f 884/1737/390 979/1905/390 980/1906/390
f 980/1906/390 885/1738/390 884/1737/390
f 979/1905/431 981/1907/431 982/1908/431
f 982/1908/390 980/1906/390 979/1905/390
f 981/1907/390 958/1899/390 978/1902/390
f 978/1902/390 982/1908/390 981/1907/390
f 925/1795/432 938/1819/432 977/1897/432
f 977/1897/432 968/1882/432 925/1795/432
f 938/1819/432 940/1821/432 983/1909/432
f 983/1909/432 977/1897/432 938/1819/432
f 940/1821/432 942/1823/432 984/1910/432
f 984/1910/432 983/1909/432 940/1821/432
f 942/1823/433 943/1824/433 888/1741/433
f 888/1741/432 984/1910/432 942/1823/432
f 888/1741/391 885/1747/391 980/1911/391
f 980/1911/391 984/1910/391 888/1741/391
f 984/1910/391 980/1911/391 982/1912/391
f 982/1912/391 983/1909/391 984/1910/391
f 983/1909/391 982/1912/391 978/1898/391
f 978/1898/391 977/1897/391 983/1909/391
f 959/1866/392 985/1913/392 986/1914/392
f 986/1914/392 961/1868/392 959/1866/392
f 986/1914/392 985/1913/392 987/1915/392
f 987/1915/392 301/583/392 300/582/392
f 291/567/392 294/572/392 986/1914/392
f 987/1915/392 300/582/392 291/567/392
f 987/1915/392 291/567/392 986/1914/392
f 987/1915/392 988/1916/392 989/1917/392
f 299/1918/392 298/584/392 301/583/392
f 987/1915/392 989/1917/392 299/1918/392
f 987/1915/392 299/1918/392 301/583/392
f 884/1758/393 285/559/393 284/558/393
f 284/558/393 979/1919/393 884/1758/393
f 979/1920/393 987/1921/393 981/1922/393
f 981/1923/393 985/1924/393 958/1925/393
f 958/1926/403 985/1927/403 990/1928/403
f 985/1929/434 981/1930/434 991/1931/434
f 981/1932/403 987/1933/403 991/1934/403
f 987/1935/434 979/1936/434 992/1937/434
f 979/1938/416 284/1939/416 283/1940/416
f 283/1940/403 992/1941/403 979/1938/403
f 904/1767/396 313/602/396 281/555/396
f 281/555/396 286/560/396 904/1767/396
f 987/1915/396 992/1942/396 283/557/396
f 987/1915/435 283/557/435 282/556/435
f 287/562/396 988/1916/396 987/1915/396
f 282/556/436 287/562/436 987/1915/436
f 991/1943/396 987/1915/396 985/1913/396
f 985/1913/396 959/1866/396 990/1944/396
f 959/1945/434 958/1946/434 990/1947/434
f 971/1948/403 927/1949/403 926/1950/403
f 926/1950/403 993/1951/403 971/1948/403
f 971/1948/403 993/1951/403 994/1952/403
f 994/1952/403 972/1953/403 971/1948/403
f 963/1954/437 970/1890/437 972/1955/437
f 972/1955/437 994/1956/437 963/1954/437
f 928/1885/438 907/1957/438 927/1958/438
f 927/1958/438 971/1886/438 928/1885/438
f 919/1959/439 963/1960/439 994/1961/439
f 994/1961/439 993/1962/439 919/1959/439
f 916/1963/440 919/1959/440 993/1962/440
f 993/1962/440 926/1964/440 916/1963/440
f 995/1965/403 374/1966/403 373/682/403
f 373/682/403 996/1967/403 995/1965/403
f 997/1968/403 998/1969/403 999/1970/403
f 999/1970/403 1000/1971/403 997/1968/403
f 963/1972/441 1001/1973/441 1002/1974/441
f 1003/1975/441 1004/1976/441 999/1970/441
f 963/1972/441 1002/1974/441 1003/1975/441
f 999/1970/441 998/1969/441 963/1972/441
f 963/1972/441 1003/1975/441 999/1970/441
f 997/1977/442 1005/1978/442 1006/1979/442
f 1006/1979/442 1007/1980/442 997/1977/442
f 910/1981/443 909/1982/443 1008/1983/443
f 1008/1983/443 1009/1984/443 910/1981/443
f 973/1985/443 910/1981/443 1009/1984/443
f 1009/1984/443 1010/1986/443 973/1985/443
f 1011/1987/444 1012/1988/444 1013/1989/444
f 1013/1989/444 1007/1990/444 1011/1987/444
f 995/1991/445 996/1992/445 1010/1993/445
f 1010/1993/445 1009/1994/445 995/1991/445
f 998/1995/442 997/1977/442 1007/1980/442
f 1007/1980/442 1013/1996/442 998/1995/442
f 1010/1993/446 996/1992/446 1014/1997/446
f 1015/1998/447 1016/1999/447 916/2000/447
f 1010/1993/447 1014/1997/447 1015/1998/447
f 916/2000/447 973/2001/447 1010/1993/447
f 1015/1998/447 916/2000/447 1010/1993/447
f 963/2002/448 998/1995/448 1013/1996/448
f 1013/1996/448 1012/2003/448 963/2002/448
f 970/1890/449 963/1954/449 1012/2004/449
f 1012/2004/449 1011/2005/449 970/1890/449
f 995/1965/403 1017/2006/403 1018/2007/403
f 1018/2008/7 370/685/7 374/684/7
f 1018/2007/403 374/1966/403 995/1965/403
f 1019/2009/403 1005/2010/403 997/1968/403
f 997/1968/403 1000/1971/403 1019/2009/403
f 1006/2011/444 1020/2012/444 1011/1987/444
f 1011/1987/444 1007/1990/444 1006/2011/444
f 1021/2013/392 682/2014/392 684/2015/392
f 684/2015/392 1022/2016/392 1023/2017/392
f 684/2015/392 1023/2017/392 1021/2013/392
f 1024/2018/379 1025/2019/379 1026/2020/379
f 1026/2020/379 872/1718/379 1024/2018/379
f 1008/2021/445 1017/2022/445 995/1991/445
f 995/1991/445 1009/1994/445 1008/2021/445
f 1027/2023/450 931/1803/450 930/1801/450
f 930/1801/403 929/1800/403 1027/2023/403
f 1020/2024/449 975/1893/449 970/1890/449
f 970/1890/449 1011/2005/449 1020/2024/449
f 677/2025/451 676/2026/451 1028/2027/451
f 1028/2027/452 1029/2028/452 677/2025/452
f 976/2029/453 1027/2023/453 929/1800/453
f 929/1800/454 974/2030/454 976/2029/454
f 1030/2031/455 1031/2032/455 1032/2033/455
f 1032/2033/455 1033/2034/455 1030/2031/455
f 1034/2035/456 1035/2036/456 1036/2037/456
f 1036/2037/456 1037/2038/456 1034/2035/456
f 1038/2039/457 1039/2040/457 1040/2041/457
f 1040/2041/457 1041/2042/457 1038/2039/457
f 1042/2043/458 1043/2044/458 1044/2045/458
f 1044/2045/458 1045/2046/458 1042/2043/458
f 1046/2047/459 1047/2048/459 1048/2049/459
f 1048/2049/459 1049/2050/459 1046/2047/459
f 1050/2051/460 1051/2052/460 1047/2048/460
f 1047/2048/460 1052/2053/460 1050/2051/460
f 1053/2054/461 1046/2047/461 1054/2055/461
f 1054/2055/461 1055/2056/461 1053/2054/461
f 858/2057/462 1056/2058/462 1053/2054/462
f 1055/2056/463 1057/2059/463 890/2060/463
f 889/2061/463 1058/2062/463 1059/2063/463
f 1055/2056/463 890/2060/463 889/2061/463
f 859/2064/463 858/2057/463 1053/2054/463
f 889/2061/463 1059/2063/463 859/2064/463
f 1053/2054/463 1055/2056/463 889/2061/463
f 1053/2054/463 889/2061/463 859/2064/463
f 1060/2065/464 1050/2051/464 1052/2053/464
f 1052/2053/464 1061/2066/464 1060/2065/464
f 1062/2067/465 1042/2043/465 1045/2046/465
f 1045/2046/465 1063/2068/465 1062/2067/465
f 1064/2069/466 1038/2039/466 1041/2042/466
f 1041/2042/466 1065/2070/466 1064/2069/466
f 1066/2071/467 1034/2035/467 1037/2038/467
f 1037/2038/467 1067/2072/467 1066/2071/467
f 1068/2073/468 1030/2031/468 1033/2034/468
f 1033/2034/468 1069/2074/468 1068/2073/468
f 1049/2075/191 1048/2076/191 1070/2077/191
f 1070/2077/191 1071/2078/191 1049/2075/191
f 1072/2079/469 1040/2080/469 1073/2081/469
f 1073/2081/469 1074/2082/469 1072/2079/469
f 1075/2083/470 1032/2084/470 1076/2085/470
f 1076/2085/470 1077/2086/470 1075/2083/470
f 1051/2052/471 1044/2087/471 1078/2088/471
f 1078/2088/471 1079/2089/471 1051/2052/471
f 1031/2032/472 1054/2090/472 1080/2091/472
f 1080/2091/472 1081/2092/472 1031/2032/472
f 1039/2040/473 1036/2037/473 1082/2093/473
f 1082/2093/473 1083/2094/473 1039/2040/473
f 1084/2095/470 1085/2096/470 1086/2097/470
f 1086/2097/470 1087/2098/470 1084/2095/470
f 1074/2099/191 1073/2100/191 1088/2101/191
f 1088/2101/191 1089/2102/191 1074/2099/191
f 1077/2103/191 1076/2104/191 1090/2105/191
f 1090/2105/191 1091/2106/191 1077/2103/191
f 1078/2107/473 1085/2096/473 1092/2108/473
f 1092/2108/473 1093/2109/473 1078/2107/473
f 1094/2110/459 1088/2111/459 1095/2112/459
f 1095/2112/459 1096/2113/459 1094/2110/459
f 1081/2092/472 1080/2091/472 1097/2114/472
f 1097/2114/472 1098/2115/472 1081/2092/472
f 1099/2116/191 1100/2117/191 1101/2118/191
f 1101/2118/191 1102/2119/191 1103/2120/191
f 1103/2120/191 1104/2121/191 1087/2122/191
f 1087/2122/191 1086/2123/191 1105/2124/191
f 1106/2125/191 1107/2126/191 1108/2127/191
f 1087/2122/191 1105/2124/191 1106/2125/191
f 1101/2118/191 1103/2120/191 1087/2122/191
f 1109/2128/191 1099/2116/191 1101/2118/191
f 1108/2127/191 1110/2129/191 1109/2128/191
f 1087/2122/191 1106/2125/191 1108/2127/191
f 1109/2128/191 1101/2118/191 1087/2122/191
f 1087/2122/191 1108/2127/191 1109/2128/191
f 1094/2110/459 1111/2130/459 1110/2131/459
f 1110/2131/459 1108/2132/459 1094/2110/459
f 1112/2133/469 1113/2134/469 1102/2135/469
f 1102/2135/469 1101/2136/469 1112/2133/469
f 1071/2137/473 1070/2138/473 1104/2139/473
f 1104/2139/473 1103/2140/473 1071/2137/473
f 1089/2141/472 1088/2142/472 1107/2143/472
f 1107/2143/472 1106/2144/472 1089/2141/472
f 1091/2145/471 1090/2146/471 1100/2147/471
f 1100/2147/471 1099/2148/471 1091/2145/471
f 1114/2149/191 1093/2150/191 1092/2151/191
f 1092/2151/191 1115/2152/191 1114/2149/191
f 1116/2153/191 1117/2154/191 1118/2155/191
f 1118/2155/191 1096/2156/191 1116/2153/191
f 1098/2157/191 1097/2158/191 1119/2159/191
f 1119/2159/191 1120/2160/191 1098/2157/191
f 1079/2089/471 1078/2088/471 1093/2161/471
f 1093/2161/471 1114/2162/471 1079/2089/471
f 1070/2163/472 1048/2164/472 1121/2165/472
f 1121/2165/472 1122/2166/472 1070/2163/472
f 1090/2167/473 1076/2168/473 1123/2169/473
f 1123/2169/473 1124/2170/473 1090/2167/473
f 1112/2133/469 1090/2171/469 1124/2172/469
f 1124/2172/469 1120/2173/469 1112/2133/469
f 1083/2094/473 1082/2093/473 1117/2174/473
f 1117/2174/473 1116/2175/473 1083/2094/473
f 1080/2176/471 1113/2177/471 1119/2178/471
f 1119/2178/471 1097/2179/471 1080/2176/471
f 1084/2095/470 1070/2138/470 1122/2180/470
f 1122/2180/470 1115/2181/470 1084/2095/470
f 1082/2182/472 1111/2183/472 1118/2184/472
f 1118/2184/472 1117/2185/472 1082/2182/472
f 1088/2111/471 1073/2186/471 1125/2187/471
f 1125/2187/471 1095/2112/471 1088/2111/471
f 1126/2188/474 1127/2189/474 1128/2190/474
f 1022/2016/475 684/2015/475 679/2191/475
f 1126/2188/476 1128/2190/476 1022/2016/476
f 1022/2016/477 679/2191/477 1126/2188/477
f 1129/2192/478 1130/2193/478 1131/2194/478
f 1131/2194/479 1132/2195/479 1129/2192/479
f 1133/2196/468 1134/2197/468 1135/2198/468
f 1135/2198/468 1136/2199/468 1133/2196/468
f 1137/2200/466 1138/2201/466 1139/2202/466
f 1139/2202/466 1140/2203/466 1137/2200/466
f 1138/2201/466 1064/2069/466 1065/2070/466
f 1065/2070/466 1139/2202/466 1138/2201/466
f 1141/2204/465 1142/2205/465 1143/2206/465
f 1143/2206/465 1144/2207/465 1141/2204/465
f 1145/2208/465 1062/2067/465 1063/2068/465
f 1063/2068/465 1146/2209/465 1145/2208/465
f 1147/2210/464 1060/2065/464 1061/2066/464
f 1061/2066/464 1148/2211/464 1147/2210/464
f 1131/2194/480 1130/2193/480 1149/2212/480
f 1150/2213/481 1151/2214/481 1131/2194/481
f 1149/2212/482 1150/2213/482 1131/2194/482
f 1073/2215/473 1083/2094/473 1116/2175/473
f 1116/2175/473 1125/2216/473 1073/2215/473
f 1125/2217/191 1116/2153/191 1096/2156/191
f 1096/2156/191 1095/2218/191 1125/2217/191
f 1088/2111/459 1094/2110/459 1108/2132/459
f 1108/2132/459 1107/2219/459 1088/2111/459
f 1111/2130/459 1094/2110/459 1096/2113/459
f 1096/2113/459 1118/2220/459 1111/2130/459
f 1040/2041/473 1039/2040/473 1083/2094/473
f 1083/2094/473 1073/2215/473 1040/2041/473
f 1067/2072/466 1037/2038/466 1038/2039/466
f 1038/2039/466 1064/2069/466 1067/2072/466
f 1037/2038/457 1036/2037/457 1039/2040/457
f 1039/2040/457 1038/2039/457 1037/2038/457
f 1139/2221/465 1065/2222/465 1152/2223/465
f 1152/2223/465 1153/2224/465 1139/2221/465
f 1153/2224/465 1152/2223/465 1062/2067/465
f 1062/2067/465 1145/2208/465 1153/2224/465
f 1140/2225/465 1139/2221/465 1153/2224/465
f 1153/2224/465 1154/2226/465 1140/2225/465
f 1154/2226/465 1153/2224/465 1145/2208/465
f 1145/2208/465 1142/2205/465 1154/2226/465
f 1155/2227/465 1154/2226/465 1142/2205/465
f 1142/2205/465 1141/2204/465 1155/2227/465
f 1156/2228/483 1157/2229/483 1158/2230/483
f 1158/2230/484 1159/2231/484 1156/2228/484
f 1085/2232/472 1160/2233/472 1105/2234/472
f 1105/2234/472 1086/2235/472 1085/2232/472
f 1160/2233/472 1089/2141/472 1106/2144/472
f 1106/2144/472 1105/2234/472 1160/2233/472
f 1078/2236/191 1161/2237/191 1160/2238/191
f 1160/2238/191 1085/2239/191 1078/2236/191
f 1161/2237/191 1074/2099/191 1089/2102/191
f 1089/2102/191 1160/2238/191 1161/2237/191
f 1044/2045/469 1043/2044/469 1161/2240/469
f 1161/2240/469 1078/2241/469 1044/2045/469
f 1043/2044/469 1072/2079/469 1074/2082/469
f 1074/2082/469 1161/2240/469 1043/2044/469
f 1065/2222/465 1041/2242/465 1162/2243/465
f 1162/2243/465 1152/2223/465 1065/2222/465
f 1152/2223/465 1162/2243/465 1042/2043/465
f 1042/2043/465 1062/2067/465 1152/2223/465
f 1041/2242/458 1040/2080/458 1072/2079/458
f 1072/2079/458 1162/2243/458 1041/2242/458
f 1034/2244/485 1163/2245/485 1164/2246/485
f 1164/2246/485 1165/2247/485 1034/2244/485
f 1166/2248/467 1167/2249/467 1066/2071/467
f 1066/2071/467 1168/2250/467 1166/2248/467
f 1136/2251/467 1135/2252/467 1166/2248/467
f 1166/2248/467 1169/2253/467 1136/2251/467
f 1169/2253/467 1166/2248/467 1168/2250/467
f 1168/2250/467 1170/2254/467 1169/2253/467
f 1171/2255/467 1136/2251/467 1169/2253/467
f 1169/2253/467 1172/2256/467 1171/2255/467
f 1111/2130/471 1173/2257/471 1109/2258/471
f 1109/2258/471 1110/2131/471 1111/2130/471
f 1173/2257/471 1091/2145/471 1099/2148/471
f 1099/2148/471 1109/2258/471 1173/2257/471
f 1082/2259/191 1174/2260/191 1173/2261/191
f 1173/2261/191 1111/2262/191 1082/2259/191
f 1174/2260/191 1077/2103/191 1091/2106/191
f 1091/2106/191 1173/2261/191 1174/2260/191
f 1036/2037/470 1035/2036/470 1174/2263/470
f 1174/2263/470 1082/2093/470 1036/2037/470
f 1035/2036/470 1075/2083/470 1077/2086/470
f 1077/2086/470 1174/2263/470 1035/2036/470
f 1069/2264/467 1033/2265/467 1163/2266/467
f 1163/2266/467 1167/2249/467 1069/2264/467
f 1167/2249/467 1163/2266/467 1034/2035/467
f 1034/2035/467 1066/2071/467 1167/2249/467
f 1033/2265/456 1032/2084/456 1075/2083/456
f 1075/2083/456 1163/2266/456 1033/2265/456
f 1035/2267/486 1034/2268/486 1165/2269/486
f 1165/2269/486 1175/2270/486 1035/2267/486
f 1113/2134/469 1112/2133/469 1120/2173/469
f 1120/2173/469 1119/2271/469 1113/2134/469
f 1123/2272/191 1098/2157/191 1120/2160/191
f 1120/2160/191 1124/2273/191 1123/2272/191
f 1090/2171/469 1112/2133/469 1101/2136/469
f 1101/2136/469 1100/2274/469 1090/2171/469
f 1076/2275/472 1081/2092/472 1098/2115/472
f 1098/2115/472 1123/2276/472 1076/2275/472
f 1032/2033/472 1031/2032/472 1081/2092/472
f 1081/2092/472 1076/2275/472 1032/2033/472
f 1057/2277/468 1055/2278/468 1030/2031/468
f 1030/2031/468 1068/2073/468 1057/2277/468
f 1055/2278/455 1054/2090/455 1031/2032/455
f 1031/2032/455 1030/2031/455 1055/2278/455
f 871/2279/463 1148/2211/463 1061/2066/463
f 1061/2066/463 1056/2058/463 1176/2280/463
f 1061/2066/463 1176/2280/463 1177/2281/463
f 850/2282/463 849/2283/463 871/2279/463
f 871/2279/463 1061/2066/463 1177/2281/463
f 1177/2281/487 850/2282/487 871/2279/487
f 1178/2284/463 1148/2211/463 871/2279/463
f 871/2279/463 870/2285/463 1178/2284/463
f 1113/2286/473 1071/2137/473 1103/2140/473
f 1103/2140/473 1102/2287/473 1113/2286/473
f 1080/2288/191 1049/2075/191 1071/2078/191
f 1071/2078/191 1113/2289/191 1080/2288/191
f 1061/2066/463 1052/2053/463 1053/2054/463
f 1053/2054/463 1056/2058/463 1061/2066/463
f 1052/2053/461 1047/2048/461 1046/2047/461
f 1046/2047/461 1053/2054/461 1052/2053/461
f 1054/2055/459 1046/2047/459 1049/2050/459
f 1049/2050/459 1080/2290/459 1054/2055/459
f 1146/2291/464 1063/2292/464 1060/2065/464
f 1060/2065/464 1147/2210/464 1146/2291/464
f 1143/2293/464 1146/2291/464 1147/2210/464
f 1147/2210/464 1179/2294/464 1143/2293/464
f 1180/2295/464 1144/2296/464 1143/2293/464
f 1143/2293/464 1179/2294/464 1181/2297/464
f 1181/2297/488 1182/2298/488 1183/2299/488
f 1184/2300/464 1180/2295/464 1143/2293/464
f 1181/2297/464 1183/2299/464 1184/2300/464
f 1143/2293/464 1181/2297/464 1184/2300/464
f 1085/2096/470 1084/2095/470 1115/2181/470
f 1115/2181/470 1092/2108/470 1085/2096/470
f 1048/2049/471 1079/2089/471 1114/2162/471
f 1114/2162/471 1121/2301/471 1048/2049/471
f 1121/2302/191 1114/2149/191 1115/2152/191
f 1115/2152/191 1122/2303/191 1121/2302/191
f 1070/2138/470 1084/2095/470 1087/2098/470
f 1087/2098/470 1104/2139/470 1070/2138/470
f 1047/2048/471 1051/2052/471 1079/2089/471
f 1079/2089/471 1048/2049/471 1047/2048/471
f 1063/2292/464 1045/2304/464 1050/2051/464
f 1050/2051/464 1060/2065/464 1063/2292/464
f 1045/2304/460 1044/2087/460 1051/2052/460
f 1051/2052/460 1050/2051/460 1045/2304/460
f 1185/2305/489 1171/2306/489 1186/2307/489
f 1186/2307/489 1187/2308/489 1188/2309/489
f 1188/2309/489 1189/2310/489 1185/2305/489
f 1186/2307/489 1188/2309/489 1185/2305/489
f 1171/2311/490 1127/2312/490 1190/2313/490
f 1190/2314/491 1191/2315/491 1186/2316/491
f 1190/2317/492 1186/2318/492 1171/2319/492
f 1192/2320/468 1193/2321/468 1194/2322/468
f 1194/2322/468 1195/2323/468 1192/2320/468
f 1068/2324/493 1193/2325/493 1192/2326/493
f 1192/2326/493 1134/2327/493 1068/2324/493
f 1069/2328/489 1194/2329/489 1193/2330/489
f 1193/2330/489 1068/2331/489 1069/2328/489
f 1135/2332/494 1195/2333/494 1194/2334/494
f 1194/2334/495 1069/2335/495 1135/2332/495
f 1134/2336/496 1192/2337/496 1195/2338/496
f 1195/2338/496 1135/2339/496 1134/2336/496
f 550/2340/467 1196/2341/467 1197/2342/467
f 1197/2342/467 1198/2343/467 784/2344/467
f 551/2345/467 550/2340/467 1197/2342/467
f 1197/2342/467 784/2344/467 551/2345/467
f 1168/2346/497 1197/2347/497 1196/2348/497
f 1196/2348/497 1170/2349/497 1168/2346/497
f 1170/2350/498 1196/2351/498 550/2352/498
f 550/2352/498 549/2353/498 1170/2350/498
f 1197/2342/467 1199/2354/467 1200/2355/467
f 1200/2355/467 1198/2343/467 1197/2342/467
f 1066/2356/497 1199/2357/497 1197/2347/497
f 1197/2347/497 1168/2346/497 1066/2356/497
f 1067/2358/499 1200/2359/499 1199/2360/499
f 1199/2360/499 1066/2361/499 1067/2358/499
f 1201/2362/500 1198/2363/500 1200/2364/500
f 1200/2364/500 1067/2365/500 1201/2362/500
f 1202/2366/466 1203/2367/466 1204/2368/466
f 1204/2368/466 1205/2369/466 1202/2366/466
f 1157/2370/501 1205/2369/501 1204/2368/501
f 1204/2371/502 1206/2372/502 1157/2373/502
f 1156/2228/503 1202/2374/503 1205/2375/503
f 1205/2375/503 1157/2229/503 1156/2228/503
f 1203/2367/466 1207/2376/466 1208/2377/466
f 1208/2377/466 1204/2368/466 1203/2367/466
f 1137/2200/504 1207/2376/504 1203/2367/504
f 1203/2367/504 1209/2378/504 1137/2200/504
f 1140/2379/505 1208/2380/505 1207/2381/505
f 1207/2381/505 1137/2382/505 1140/2379/505
f 1206/2372/506 1204/2371/506 1208/2383/506
f 1208/2383/506 1140/2384/506 1206/2372/506
f 1210/2385/465 1211/2386/465 1212/2387/465
f 1212/2387/465 1213/2388/465 1210/2385/465
f 1144/2389/507 1212/2390/507 1211/2391/507
f 1211/2391/507 1141/2392/507 1144/2389/507
f 1130/2393/508 1213/2388/508 1212/2387/508
f 1212/2394/509 1144/2395/509 1130/2396/509
f 1129/2192/510 1210/2397/510 1213/2398/510
f 1213/2398/510 1130/2193/510 1129/2192/510
f 1214/2399/465 1215/2400/465 1216/2401/465
f 1216/2401/465 1217/2402/465 1214/2399/465
f 1145/2403/511 1215/2404/511 1214/2405/511
f 1214/2405/511 1142/2406/511 1145/2403/511
f 1146/2407/507 1216/2408/507 1215/2409/507
f 1215/2409/507 1145/2410/507 1146/2407/507
f 1143/2293/512 1217/2411/512 1216/2412/512
f 1216/2412/513 1146/2291/513 1143/2293/513
f 1142/2413/514 1214/2414/514 1217/2415/514
f 1217/2415/514 1143/2416/514 1142/2413/514
f 1218/2417/464 1219/2418/464 1220/2419/464
f 1220/2419/464 1221/2420/464 1218/2417/464
f 1147/2421/515 1219/2422/515 1218/2423/515
f 1218/2423/516 1179/2424/516 1147/2421/516
f 1148/2425/517 1220/2426/517 1219/2427/517
f 1219/2427/517 1147/2428/517 1148/2425/517
f 1178/2429/518 1221/2430/518 1220/2431/518
f 1220/2431/518 1148/2432/518 1178/2429/518
f 1179/2433/519 1218/2434/519 1221/2435/519
f 1221/2435/519 1178/2436/519 1179/2433/519
f 1176/2437/520 1056/2438/520 1222/2439/520
f 1222/2439/520 855/2440/520 854/2441/520
f 1222/2439/520 854/2441/520 1176/2437/520
f 1057/2442/521 1223/2443/521 891/1744/521
f 891/1744/521 890/1743/521 1057/2442/521
f 1224/2444/466 1225/2445/466 1226/2446/466
f 1226/2446/466 1227/2447/466 1224/2444/466
f 1067/2448/522 1225/2445/522 1224/2444/522
f 1224/2444/522 1201/2449/522 1067/2448/522
f 1064/2450/505 1226/2451/505 1225/2452/505
f 1225/2452/505 1067/2453/505 1064/2450/505
f 1138/2454/523 1227/2455/523 1226/2456/523
f 1226/2456/524 1064/2457/524 1138/2454/524
f 1201/2458/525 1224/2459/525 1227/2460/525
f 1227/2460/525 1138/2461/525 1201/2458/525
f 1209/2462/505 1203/2463/505 1228/2464/505
f 1228/2464/505 1229/2465/505 1209/2462/505
f 1230/2466/465 1231/2467/465 1232/2468/465
f 1232/2468/465 1233/2469/465 1230/2466/465
f 1140/2470/526 1231/2471/526 1230/2472/526
f 1230/2472/526 1206/2473/526 1140/2470/526
f 1154/2474/507 1232/2475/507 1231/2476/507
f 1231/2476/507 1140/2477/507 1154/2474/507
f 1155/2478/527 1233/2479/527 1232/2480/527
f 1232/2480/527 1154/2481/527 1155/2478/527
f 1234/2482/465 1230/2466/465 1233/2469/465
f 1233/2469/465 1235/2483/465 1234/2482/465
f 1206/2473/526 1230/2472/526 1234/2484/526
f 1234/2485/528 1157/2373/528 1206/2372/528
f 1157/2229/529 1234/2486/529 1235/2487/529
f 1235/2487/510 1236/2488/510 1157/2229/510
f 1235/2483/465 1233/2469/465 1211/2386/465
f 1211/2386/465 1210/2385/465 1235/2483/465
f 1141/2392/507 1211/2391/507 1233/2489/507
f 1233/2489/507 1155/2490/507 1141/2392/507
f 1236/2488/510 1235/2487/510 1210/2397/510
f 1210/2397/510 1129/2192/510 1236/2488/510
f 1237/2491/467 1238/2492/467 1239/2493/467
f 1239/2493/467 1240/2494/467 1237/2491/467
f 1069/2495/530 1238/2496/530 1237/2497/530
f 1237/2497/530 1135/2498/530 1069/2495/530
f 1167/2499/499 1239/2500/499 1238/2501/499
f 1238/2501/499 1069/2502/499 1167/2499/499
f 1166/2503/531 1240/2504/531 1239/2505/531
f 1239/2505/531 1167/2506/531 1166/2503/531
f 1135/2507/498 1237/2508/498 1240/2509/498
f 1240/2509/498 1166/2510/498 1135/2507/498
f 1172/2511/532 1169/2512/532 1241/2513/532
f 1241/2513/532 1242/2514/532 1243/2515/532
f 1241/2513/533 1243/2515/533 1172/2511/533
f 1170/2516/499 1196/2517/499 1241/2518/499
f 1241/2518/499 1169/2519/499 1170/2516/499
f 1244/2520/467 1245/2521/467 1246/2522/467
f 1246/2522/467 1247/2523/467 680/2524/467
f 680/2524/534 683/2525/534 1021/2526/534
f 1023/2527/467 1244/2520/467 1246/2522/467
f 680/2524/467 1021/2526/467 1023/2527/467
f 1246/2522/467 680/2524/467 1023/2527/467
f 1171/2528/530 1246/2529/530 1245/2530/530
f 1245/2531/535 1127/2532/535 1171/2533/535
f 1171/2534/499 1172/2535/499 1243/2536/499
f 1243/2536/499 1247/2537/499 1246/2538/499
f 1243/2536/499 1246/2538/499 1171/2534/499
f 1127/2189/536 1245/2539/536 1244/2540/536
f 1244/2540/536 1128/2190/536 1127/2189/536
f 1248/2541/489 1133/2542/489 1249/2543/489
f 1249/2543/537 1250/2544/537 1251/2545/537
f 1251/2545/489 1252/2546/489 1253/2547/489
f 1254/2548/489 1248/2541/489 1249/2543/489
f 1251/2545/489 1253/2547/489 1254/2548/489
f 1249/2543/489 1251/2545/489 1254/2548/489
f 1255/2549/464 875/2550/464 874/2551/464
f 1256/2552/488 882/2553/488 881/2554/488
f 1257/2555/464 1255/2549/464 874/2551/464
f 1256/2552/538 881/2554/538 1258/2556/538
f 1257/2555/464 874/2551/464 1256/2552/464
f 1259/2557/539 1260/2558/539 1261/2559/539
f 1256/2552/540 1258/2556/540 1259/2557/540
f 1259/2557/541 1261/2559/541 1257/2555/541
f 1257/2555/464 1256/2552/464 1259/2557/464
f 1144/2560/542 1257/2561/542 1261/2562/542
f 1261/2563/543 1130/2396/543 1144/2395/543
f 1130/2193/544 1261/2564/544 1260/2565/544
f 1262/2566/545 1149/2212/545 1130/2193/545
f 1130/2193/545 1260/2565/545 1262/2566/545
f 1263/2567/458 1264/2568/458 1265/2569/458
f 1265/2569/458 1266/2570/458 1263/2567/458
f 1164/2571/456 1267/2572/456 1175/2573/456
f 1175/2573/456 1165/2574/456 1164/2571/456
f 1075/2575/546 1035/2576/546 1175/2577/546
f 1175/2577/546 1267/2578/546 1075/2575/546
f 1042/2579/547 1162/2580/547 1263/2581/547
f 1263/2581/547 1266/2582/547 1042/2579/547
f 1043/2583/548 1042/2584/548 1266/2585/548
f 1266/2585/548 1265/2586/548 1043/2583/548
f 1072/2587/549 1043/2588/549 1265/2589/549
f 1265/2589/549 1264/2590/549 1072/2587/549
f 1163/2591/550 1075/2592/550 1267/2593/550
f 1267/2593/550 1164/2594/550 1163/2591/550
f 1162/2595/551 1072/2596/551 1264/2597/551
f 1264/2597/552 1263/2598/552 1162/2595/552
f 1131/2599/553 1151/2600/553 845/1684/553
f 844/1683/554 1268/2601/554 1269/2602/554
f 1131/2599/555 845/1684/555 844/1683/555
f 844/1683/555 1269/2602/555 1270/2603/555
f 1270/2603/555 1131/2599/555 844/1683/555
f 1157/2229/556 1236/2488/556 1271/2604/556
f 1271/2604/557 1158/2230/557 1157/2229/557
f 1236/2488/556 1129/2192/556 1132/2195/556
f 1132/2195/556 1271/2604/556 1236/2488/556
f 705/2605/558 1270/2603/558 1269/2602/558
f 1269/2606/559 1026/2607/559 1025/2608/559
f 1025/2019/558 706/2609/558 705/2605/558
f 1269/2602/558 1025/2019/558 705/2605/558
f 696/1328/560 1272/2610/560 1229/2611/560
f 1228/2612/561 1273/2613/561 1274/2614/561
f 696/1328/562 1229/2611/562 1228/2612/562
f 1275/2615/563 512/1327/563 696/1328/563
f 1228/2612/564 1274/2614/564 1276/2616/564
f 1276/2616/563 1275/2615/563 696/1328/563
f 1228/2612/565 1276/2616/565 696/1328/565
f 694/2617/566 693/2618/566 1196/2619/566
f 1196/2619/567 1170/2620/567 694/2617/567
f 1133/2621/568 1277/2622/568 903/2623/568
f 903/2623/568 902/2624/568 1278/2625/568
f 1249/2626/568 1133/2621/568 903/2623/568
f 903/2623/568 1278/2625/568 1249/2626/568
f 1279/2627/569 1280/2628/569 861/2629/569
f 1281/2630/396 1185/2305/396 1189/2310/396
f 1282/2631/396 1283/2632/396 895/1750/396
f 1284/2633/569 1281/2634/569 1189/2635/569
f 1189/2635/570 1188/2636/570 1284/2633/570
f 1285/2637/569 1282/2638/569 895/2639/569
f 1286/2640/392 678/2641/392 677/2642/392
f 677/2642/392 1029/2643/392 1286/2640/392
f 1132/2644/571 708/2645/571 707/2646/571
f 707/2646/571 711/2647/571 1271/2648/571
f 707/2646/571 1271/2648/571 1132/2644/571
f 895/1750/392 1283/2632/392 1191/2649/392
f 1191/2649/392 1190/2650/392 1287/2651/392
f 1288/2652/392 1289/2653/392 896/1751/392
f 1191/2649/572 1287/2651/572 1288/2652/572
f 1288/2652/392 896/1751/392 895/1750/392
f 1191/2649/392 1288/2652/392 895/1750/392
f 1290/2654/392 1286/2640/392 1029/2643/392
f 1022/2016/392 1128/2190/392 1244/2540/392
f 1244/2540/392 1023/2017/392 1022/2016/392
f 1275/2615/573 1291/2655/573 512/1327/573
f 705/2656/574 704/2657/574 1270/2658/574
f 1209/2378/466 1229/2659/466 1272/2660/466
f 1272/2660/466 1292/2661/466 1137/2200/466
f 1272/2660/466 1137/2200/466 1209/2378/466
f 1186/2316/468 1191/2315/468 1283/2662/468
f 1283/2662/468 1282/2663/468 1285/2664/468
f 1285/2664/468 1187/2665/468 1186/2316/468
f 1283/2662/468 1285/2664/468 1186/2316/468
f 1276/2666/575 1274/2667/575 1156/2228/575
f 1156/2228/576 1159/2231/576 1276/2666/576
f 1262/2668/569 1260/2669/569 1259/2670/569
f 1126/2671/577 679/2672/577 678/2673/577
f 1126/2671/578 678/2673/578 1286/2674/578
f 1293/2675/579 1294/2676/579 1126/2671/579
f 1295/2677/579 1296/2678/579 1293/2675/579
f 1126/2671/578 1286/2674/578 1290/2679/578
f 1290/2679/579 1295/2677/579 1293/2675/579
f 1290/2679/579 1293/2675/579 1126/2671/579
f 1150/2213/384 1258/2680/384 881/1731/384
f 881/1731/384 860/1701/384 846/1704/384
f 846/1704/384 845/2681/384 1151/2214/384
f 1151/2214/384 1150/2213/384 881/1731/384
f 881/1731/384 846/1704/384 1151/2214/384
f 783/2682/580 782/2683/580 1292/2684/580
f 1292/2684/580 1272/2610/580 696/1328/580
f 1292/2684/580 696/1328/580 783/2682/580
f 901/2685/569 1297/2686/569 1251/2687/569
f 1250/2688/570 1298/2689/570 311/2690/570
f 901/2685/569 1251/2687/569 1250/2688/569
f 311/2690/569 310/2691/569 901/2685/569
f 901/2685/569 1250/2688/569 311/2690/569
f 1056/2692/521 858/1699/521 857/1698/521
f 857/1698/521 856/1697/521 1222/2693/521
f 857/1698/521 1222/2693/521 1056/2692/521
f 1299/2694/581 1300/2695/581 1301/2696/581
f 870/2285/462 869/2697/462 1178/2284/462
f 1300/2695/432 1058/2698/432 889/1742/432
f 889/1742/433 888/1741/433 943/1824/433
f 943/1824/582 1302/2699/582 1301/2696/582
f 1301/2696/432 1300/2695/432 889/1742/432
f 889/1742/433 943/1824/433 1301/2696/433
f 894/2700/583 893/2701/583 1223/2702/583
f 1223/2702/584 1057/2703/584 894/2700/584
f 1178/2284/464 869/2697/464 868/2704/464
f 868/2704/464 1303/2705/464 877/2706/464
f 868/2704/464 877/2706/464 876/2707/464
f 1179/2294/464 1178/2284/464 868/2704/464
f 1279/2708/464 1181/2297/464 1179/2294/464
f 1280/2709/464 1279/2708/464 1179/2294/464
f 1179/2294/464 868/2704/464 876/2707/464
f 876/2707/464 1280/2709/464 1179/2294/464
f 1021/2013/396 683/2710/396 682/2014/396
f 1287/2651/585 1190/2650/585 1127/2189/585
f 1274/2667/503 1273/2711/503 1202/2374/503
f 1202/2374/503 1156/2228/503 1274/2667/503
f 1159/2712/586 1304/2713/586 1291/2714/586
f 1275/2715/586 1276/2716/586 1159/2712/586
f 1291/2714/586 1275/2715/586 1159/2712/586
f 1295/2677/452 1290/2679/452 1029/2028/452
f 1029/2028/587 1028/2027/587 1295/2677/587
f 850/1689/380 1177/2717/380 851/1690/380
f 1305/2718/431 887/1740/431 886/1739/431
f 1253/2719/468 1252/2720/468 1297/2721/468
f 901/1762/468 900/1761/468 1134/2197/468
f 1253/2719/468 1297/2721/468 901/1762/468
f 1133/2196/468 1248/2722/468 1306/2723/468
f 1306/2723/468 1253/2719/468 901/1762/468
f 901/1762/468 1134/2197/468 1133/2196/468
f 901/1762/588 1133/2196/588 1306/2723/588
f 860/1701/388 875/2724/388 1255/2725/388
f 1255/2725/388 1182/2726/388 1181/2727/388
f 861/1702/388 860/1701/388 1255/2725/388
f 1255/2725/388 1181/2727/388 1279/2728/388
f 1255/2725/388 1279/2728/388 861/1702/388
f 1270/2658/589 704/2657/589 703/2729/589
f 703/2729/590 708/2645/590 1132/2644/590
f 1132/2644/591 1131/2730/591 1270/2658/591
f 703/2729/590 1132/2644/590 1270/2658/590
f 1254/2731/592 1253/2719/592 1306/2723/592
f 1196/2732/467 693/2733/467 692/2734/467
f 692/2734/467 1242/2735/467 1241/2736/467
f 692/2734/467 1241/2736/467 1196/2732/467
f 1288/2652/593 1287/2651/593 1127/2189/593
f 1127/2189/594 1126/2188/594 1288/2652/594
f 893/2737/463 891/2738/463 1223/2739/463
f 1301/2740/595 1302/2741/595 1299/2742/595
f 856/2743/463 855/2744/463 1222/2745/463
f 785/2746/500 784/2747/500 1198/2363/500
f 1198/2363/500 1201/2362/500 785/2746/500
f 1137/2200/466 1292/2661/466 782/2748/466
f 782/2748/466 785/2749/466 1201/2750/466
f 1138/2201/466 1137/2200/466 782/2748/466
f 782/2748/466 1201/2750/466 1138/2201/466
f 1273/2751/466 1228/2752/466 1203/2367/466
f 1203/2367/466 1202/2366/466 1273/2751/466
f 520/2753/191 706/2754/191 1025/2755/191
f 1025/2756/596 1024/2757/596 1307/2758/596
f 1307/2759/1 1308/2760/1 1309/2761/1
f 1310/2762/191 521/2763/191 520/2753/191
f 1025/2755/191 1307/2764/191 1309/2765/191
f 1309/2765/191 1310/2762/191 520/2753/191
f 1025/2755/191 1309/2765/191 520/2753/191
f 549/2766/467 548/2767/467 694/2768/467
f 694/2768/467 1170/2769/467 549/2766/467
f 1291/2770/597 1304/2771/597 513/2772/597
f 513/2773/231 512/2774/231 1291/2775/231
f 1256/2776/385 874/2777/385 860/2778/385
f 1311/2779/385 1180/2780/385 1184/2781/385
f 1262/2566/598 1259/2782/598 1258/2680/598
f 1258/2680/599 1150/2213/599 1149/2212/599
f 1258/2680/598 1149/2212/598 1262/2566/598
f 711/2647/600 710/2783/600 1158/2784/600
f 1158/2784/601 1271/2648/601 711/2647/601
f 882/2785/569 1256/2786/569 860/2787/569
f 1306/2788/393 1248/2541/393 1254/2548/393
f 895/2789/393 903/2790/393 1277/2791/393
f 1277/2791/393 1284/2792/393 1188/2309/393
f 1187/2308/393 1285/2793/393 895/2789/393
f 1277/2791/393 1188/2309/393 1187/2308/393
f 1277/2791/393 1187/2308/393 895/2789/393
f 852/1691/411 1059/2794/411 1058/2698/411
f 1058/2698/602 1300/2695/602 1299/2694/602
f 1299/2694/603 1302/2699/603 943/1824/603
f 943/1824/412 853/1692/412 852/1691/412
f 852/1691/411 1058/2698/411 1299/2694/411
f 1299/2694/412 943/1824/412 852/1691/412
f 1297/2795/396 1252/2546/396 1251/2545/396
f 311/597/396 1298/2796/396 1278/2797/396
f 1278/2797/396 902/2798/396 895/1750/396
f 895/1750/396 898/1753/396 304/2799/396
f 303/598/396 311/597/396 1278/2797/396
f 895/1750/396 304/2799/396 303/598/396
f 1278/2797/396 895/1750/396 303/598/396
f 1303/2800/569 868/2801/569 863/2802/569
f 859/1700/411 1059/2794/411 852/1691/411
f 1183/2803/517 1182/2726/517 1255/2725/517
f 1255/2725/517 1257/2804/517 1144/2805/517
f 1144/2805/517 1180/2780/517 1311/2779/517
f 1311/2779/517 1183/2803/517 1255/2725/517
f 1255/2725/517 1144/2805/517 1311/2779/517
f 1177/2806/382 1176/2807/382 854/1695/382
f 854/1695/382 851/1694/382 1177/2806/382
f 1158/2808/604 710/2809/604 510/2810/604
f 513/2811/605 1304/2713/605 1159/2712/605
f 1158/2808/604 510/2810/604 513/2811/604
f 513/2811/606 1159/2712/606 1158/2808/606
f 892/1745/391 1305/2812/391 886/1746/391
f 1184/2813/607 1183/2814/607 1311/2815/607
f 1134/2197/608 900/1761/608 883/1760/608
f 1134/2197/468 883/1760/468 887/2816/468
f 1057/2277/468 1068/2073/468 1134/2197/468
f 892/2817/468 894/2818/468 1057/2277/468
f 1134/2197/468 887/2816/468 1305/2819/468
f 1305/2819/588 892/2817/588 1057/2277/588
f 1305/2819/468 1057/2277/468 1134/2197/468
f 1280/2820/385 876/2821/385 861/2822/385
f 1278/2823/468 1298/2824/468 1250/2825/468
f 1250/2825/468 1249/2826/468 1278/2823/468
f 1171/2827/608 1185/2828/608 1281/2829/608
f 1284/2830/468 1277/2831/468 1133/2196/468
f 1171/2827/468 1281/2829/468 1284/2830/468
f 1133/2196/468 1136/2199/468 1171/2827/468
f 1284/2830/468 1133/2196/468 1171/2827/468
f 872/1718/379 1026/2020/379 1269/2602/379
f 1269/2602/379 1268/2601/379 455/2832/379
f 451/2833/609 450/1719/609 872/1718/609
f 1269/2602/379 455/2832/379 451/2833/379
f 1269/2602/610 451/2833/610 872/1718/610
f 681/1118/219 680/1117/219 1247/2834/219
f 1247/2834/219 1243/2835/219 1242/2836/219
f 1242/2836/219 692/2837/219 681/1118/219
f 1247/2834/219 1242/2836/219 681/1118/219
f 877/2838/388 1303/2839/388 863/1705/388
f 863/1705/388 861/1702/388 877/2838/388
f 1312/2840/611 400/2841/611 398/2842/611
f 398/2842/1 344/2843/1 1312/2840/1
f 420/750/14 724/2844/14 723/2845/14
f 723/2845/14 459/815/14 417/747/14
f 723/2845/14 417/747/14 420/750/14
f 399/2846/1 515/2847/1 384/700/1
f 384/700/1 383/699/1 399/2846/1
f 1313/2848/612 880/2849/612 443/2850/612
f 443/2851/35 416/2852/35 1313/2853/35
f 376/1829/20 945/1828/20 377/2854/20
f 1308/2855/14 1307/2856/14 1314/2857/14
f 1314/2857/14 457/813/14 1308/2855/14
f 1315/2858/7 628/1026/7 627/1025/7
f 627/1025/7 371/680/7 1315/2858/7
f 1316/2859/1 1317/2860/1 1318/2861/1
f 1318/2862/42 452/2863/42 1316/2864/42
f 1319/2865/613 1320/2866/613 1316/2867/613
f 1316/2867/40 452/807/40 1319/2865/40
f 1318/2868/23 460/2869/23 452/2870/23
f 454/2871/37 1321/2872/37 1319/2865/37
f 1319/2865/37 452/807/37 453/808/37
f 1319/2865/37 453/808/37 454/2871/37
f 456/2873/614 1322/2874/614 1321/2875/614
f 1321/2872/37 454/2871/37 456/2876/37
f 457/813/14 1314/2857/14 873/2877/14
f 873/2877/14 449/804/14 447/802/14
f 873/2877/14 447/802/14 457/813/14
f 413/741/17 956/1856/17 414/742/17
f 433/763/40 1323/2878/40 1324/2879/40
f 1324/2879/40 440/2880/40 431/761/40
f 1324/2879/40 431/761/40 433/763/40
f 380/2881/1 1325/2882/1 365/2883/1
f 945/2884/106 322/2885/106 321/2886/106
f 321/2886/106 377/2887/106 945/2884/106
f 444/799/615 879/1729/615 412/740/615
f 412/740/36 411/739/36 444/799/36
f 867/1709/616 1320/2888/616 1319/2889/616
f 1321/2890/616 1322/2891/616 843/1682/616
f 867/1709/616 1319/2889/616 1321/2890/616
f 1321/2890/616 843/1682/616 867/1709/616
f 1317/2860/617 1316/2859/617 1320/2888/617
f 1320/2888/616 867/1709/616 1317/2860/616
f 405/733/35 1326/2892/35 1327/2893/35
f 1327/2893/35 1313/2853/35 416/2852/35
f 416/2852/35 406/734/35 405/733/35
f 1327/2893/35 416/2852/35 405/733/35
f 349/654/16 364/2894/16 950/2895/16
f 950/2895/618 952/2896/618 948/2897/618
f 948/2897/16 947/2898/16 321/653/16
f 321/653/16 349/654/16 950/2895/16
f 950/2895/16 948/2897/16 321/653/16
f 1328/2899/379 1329/2900/379 866/2901/379
f 441/2902/609 440/2903/609 1324/2904/609
f 516/2905/191 401/2906/191 400/2907/191
f 400/2907/191 1312/2908/191 347/2909/191
f 347/2909/191 346/2910/191 514/2911/191
f 514/2911/191 516/2905/191 400/2907/191
f 400/2907/191 347/2909/191 514/2911/191
f 623/2912/191 628/2913/191 1315/2914/191
f 1315/2914/191 1018/2915/191 1017/2916/191
f 1315/2914/191 1017/2916/191 1008/2917/191
f 624/2918/191 623/2912/191 1315/2914/191
f 518/2919/191 517/2920/191 624/2918/191
f 494/2921/191 493/2922/191 644/2923/191
f 644/2923/191 518/2919/191 624/2918/191
f 624/2918/191 1315/2914/191 1008/2917/191
f 909/2924/191 908/2925/191 931/2926/191
f 624/2918/191 1008/2917/191 909/2924/191
f 494/2921/191 644/2923/191 624/2918/191
f 1019/2927/191 1330/2928/191 494/2921/191
f 1006/2929/191 1005/2930/191 1019/2927/191
f 976/2931/191 975/2932/191 1020/2933/191
f 1006/2929/191 1019/2927/191 494/2921/191
f 1027/2934/191 976/2931/191 1020/2933/191
f 1020/2933/191 1006/2929/191 494/2921/191
f 494/2921/191 624/2918/191 909/2924/191
f 909/2924/191 931/2926/191 1027/2934/191
f 1020/2933/191 494/2921/191 909/2924/191
f 909/2924/191 1027/2934/191 1020/2933/191
f 1015/2935/8 1014/2936/8 1331/2937/8
f 1331/2937/8 369/677/8 1015/2935/8
f 1309/2938/14 1308/2855/14 457/813/14
f 457/813/14 458/814/14 1309/2938/14
f 379/2939/619 1332/2940/619 366/674/619
f 366/674/20 365/672/20 379/2939/20
f 424/754/14 725/2941/14 421/751/14
f 441/2902/379 1324/2904/379 1323/2942/379
f 1323/2942/379 1333/2943/379 864/2944/379
f 864/2944/379 866/2901/379 1329/2900/379
f 442/2945/379 441/2902/379 1323/2942/379
f 864/2944/620 1329/2900/620 442/2945/620
f 1323/2942/379 864/2944/379 442/2945/379
f 369/677/8 1331/2937/8 372/681/8
f 372/681/8 336/627/8 332/621/8
f 372/681/8 332/621/8 369/677/8
f 948/1833/388 952/2946/388 944/1827/388
f 385/701/621 722/2947/621 393/709/621
f 393/709/621 386/702/621 385/701/621
f 848/2948/622 415/2949/622 414/2950/622
f 414/2950/622 956/2951/622 878/2952/622
f 414/2950/622 878/2952/622 848/2948/622
f 916/1782/623 1332/2953/623 379/2954/623
f 916/1782/624 379/2954/624 378/2955/624
f 382/2956/623 917/1783/623 916/1782/623
f 1325/2957/625 380/2958/625 382/2956/625
f 916/1782/623 378/2955/623 1325/2957/623
f 1325/2957/623 382/2956/623 916/1782/623
f 880/2849/626 1313/2848/626 1327/2959/626
f 1327/2960/627 865/1707/627 880/1730/627
f 452/807/40 461/2961/40 1333/2962/40
f 1333/2962/40 1323/2878/40 433/763/40
f 1333/2962/40 433/763/40 452/807/40
f 996/1967/628 373/682/628 372/681/628
f 1331/2937/629 1014/2936/629 996/1967/629
f 372/681/630 1331/2937/630 996/1967/630
f 916/1782/629 1016/2963/629 1334/2964/629
f 1334/2965/631 367/2966/631 366/2967/631
f 366/2968/629 1332/2953/629 916/1782/629
f 1334/2964/629 366/2968/629 916/1782/629
f 431/2969/23 442/2970/23 1329/2971/23
f 1328/2972/23 1326/2973/23 405/2974/23
f 431/2969/23 1329/2971/23 1328/2972/23
f 1328/2972/23 405/2974/23 431/2969/23
f 354/661/15 357/664/15 955/1859/15
f 955/1859/15 957/1858/15 949/1836/15
f 949/1836/15 358/665/15 354/661/15
f 955/1859/15 949/1836/15 354/661/15
f 363/2975/418 362/2976/418 953/2977/418
f 953/2977/418 937/2978/418 363/2975/418
f 722/2947/1 392/2979/1 391/710/1
f 391/710/1 393/709/1 722/2947/1
f 1310/2980/14 1309/2938/14 458/814/14
f 458/814/14 459/815/14 1310/2980/14
f 872/1718/379 873/1721/379 1314/2981/379
f 1314/2981/379 1307/2982/379 1024/2018/379
f 1314/2981/379 1024/2018/379 872/1718/379
f 725/2941/14 724/2844/14 420/750/14
f 420/750/14 421/751/14 725/2941/14
f 347/2983/632 1312/2840/632 344/2843/632
f 344/2843/633 343/2984/633 347/2983/633
f 370/679/7 1018/2007/7 1315/2858/7
f 1315/2858/7 371/680/7 370/679/7
f 949/2985/634 957/2986/634 954/2987/634
f 954/2987/418 935/2988/418 949/2985/418
f 371/680/7 627/1025/7 319/1024/7
f 319/1024/7 318/628/7 336/627/7
f 319/1024/7 336/627/7 371/680/7
f 368/678/7 1334/2964/7 1016/2963/7
f 1016/2963/7 1015/2935/7 369/677/7
f 1016/2963/7 369/677/7 368/678/7
f 367/675/18 1334/2989/18 368/676/18
f 947/1832/635 946/1831/635 375/1830/635
f 375/1830/2 321/610/2 947/1832/2
f 1325/2990/2 378/2991/2 365/2992/2
f 428/2993/14 721/2994/14 434/767/14
f 434/767/14 429/766/14 428/2993/14
f 390/1192/636 438/1191/636 435/2995/636
f 435/2995/115 387/2996/115 390/1192/115
f 324/2997/379 323/2998/379 915/2999/379
f 402/882/143 401/3000/143 516/883/143
f 843/1682/637 1322/2891/637 456/3001/637
f 456/3001/637 455/2832/637 1268/2601/637
f 1268/2601/616 844/1683/616 843/1682/616
f 456/3001/637 1268/2601/637 843/1682/637
f 315/604/1 626/3002/1 345/3003/1
f 345/3003/1 316/605/1 315/604/1
f 459/815/14 723/2845/14 519/3004/14
f 519/3004/14 521/3005/14 1310/2980/14
f 519/3004/14 1310/2980/14 459/815/14
f 439/793/37 427/757/37 426/756/37
f 1333/2943/379 461/818/379 460/817/379
f 1318/2861/379 1317/2860/379 867/1709/379
f 864/2944/379 1333/2943/379 460/817/379
f 460/817/379 1318/2861/379 867/1709/379
f 867/1709/379 862/1710/379 864/2944/379
f 460/817/379 867/1709/379 864/2944/379
f 865/1707/384 1327/2960/384 1326/2973/384
f 1326/2973/384 1328/2972/384 866/1708/384
f 1326/2973/384 866/1708/384 865/1707/384
f 917/1783/403 382/2956/403 381/3006/403
f 325/3007/403 324/3008/403 915/3009/403
f 917/1783/417 381/3006/417 325/3007/417
f 915/3009/403 914/1786/403 917/1783/403
f 325/3007/403 915/3009/403 917/1783/403
f 1335/3010/452 1336/3011/452 1337/3012/452
f 1337/3012/452 896/3013/452 1289/3014/452
f 1337/3012/452 1289/3014/452 1335/3010/452
f 1338/3015/638 1004/3016/638 1003/3017/638
f 1003/3017/639 266/525/639 1338/3015/639
f 291/3018/92 300/3019/92 297/3020/92
f 297/3020/92 276/3021/92 291/3018/92
f 216/439/640 656/3022/640 655/3023/640
f 655/3023/640 1339/3024/640 265/524/640
f 265/524/641 217/440/641 216/439/641
f 655/3023/642 265/524/642 216/439/642
f 271/3025/1 496/3026/1 495/3027/1
f 495/3027/1 1340/3028/1 1341/3029/1
f 1341/3029/1 1342/3030/1 271/3025/1
f 495/3027/1 1341/3029/1 271/3025/1
f 986/3031/587 293/3032/587 292/3033/587
f 292/3033/452 296/3034/452 1343/3035/452
f 1343/3035/452 967/3036/452 961/3037/452
f 961/3037/452 986/3031/452 292/3033/452
f 292/3033/452 1343/3035/452 961/3037/452
f 1126/3038/643 1294/3039/643 1344/3040/643
f 1344/3040/644 1345/3041/644 1346/3042/644
f 1346/3042/643 1347/3043/643 1335/3044/643
f 1289/3045/645 1288/3046/645 1126/3038/645
f 1346/3042/643 1335/3044/643 1289/3045/643
f 1126/3038/646 1344/3040/646 1346/3042/646
f 1346/3042/643 1289/3045/643 1126/3038/643
f 249/3047/647 658/3048/647 663/3049/647
f 663/3050/74 250/3051/74 249/3052/74
f 657/3053/648 656/3022/648 216/439/648
f 1335/3010/649 1347/3054/649 1348/3055/649
f 1348/3055/650 1349/3056/650 1336/3011/650
f 1348/3055/649 1336/3011/649 1335/3010/649
f 276/550/88 989/3057/88 988/3058/88
f 988/3058/88 287/3059/88 277/551/88
f 988/3058/88 277/551/88 276/550/88
f 1348/3060/63 1347/3061/63 1346/3062/63
f 254/1080/651 247/1079/651 230/3063/651
f 230/3063/73 251/3064/73 254/1080/73
f 967/3065/652 290/3066/652 289/3067/652
f 289/3067/652 1001/3068/652 963/1870/652
f 963/1870/652 964/1873/652 967/3065/652
f 289/3067/652 963/1870/652 967/3065/652
f 1350/3069/7 1351/3070/7 263/522/7
f 263/522/7 265/524/7 1350/3069/7
f 1293/3071/72 1296/3072/72 1352/3073/72
f 491/848/130 490/847/130 1351/3074/130
f 1351/3075/653 1350/3076/653 1339/3077/653
f 1339/3078/130 655/3079/130 491/848/130
f 1351/3074/130 1339/3078/130 491/848/130
f 286/3080/654 285/3081/654 884/3082/654
f 884/3082/654 904/3083/654 286/3080/654
f 896/3013/452 1337/3012/452 1353/3084/452
f 1353/3084/452 1354/3085/452 897/3086/452
f 1353/3084/452 897/3086/452 896/3013/452
f 305/3087/655 304/3088/655 898/3089/655
f 260/519/91 288/563/91 1343/3090/91
f 1343/3090/91 296/3091/91 295/3092/91
f 1343/3090/91 295/3092/91 260/519/91
f 542/915/151 541/914/151 1352/3093/151
f 1352/3093/151 1296/3094/151 1295/3095/151
f 1028/3096/151 676/1113/151 542/915/151
f 1352/3093/151 1295/3095/151 1028/3096/151
f 1352/3093/151 1028/3096/151 542/915/151
f 899/3097/656 905/3098/656 904/3099/656
f 904/3099/656 884/3100/656 899/3097/656
f 539/3101/42 538/3102/42 660/3103/42
f 263/522/7 1351/3070/7 490/3104/7
f 490/3104/7 496/3105/7 271/3106/7
f 490/3104/7 271/3106/7 263/522/7
f 662/3107/42 659/3108/42 244/3109/42
f 294/3110/452 293/3032/452 986/3031/452
f 1343/3111/657 288/3112/657 290/3113/657
f 290/3114/649 967/3036/649 1343/3035/649
f 1354/3085/587 257/3115/587 256/3116/587
f 256/3116/452 897/3086/452 1354/3085/452
f 314/603/89 906/1769/89 237/472/89
f 237/472/89 280/554/89 314/603/89
f 495/3027/1 494/3117/1 1330/3118/1
f 1330/3118/1 1340/3028/1 495/3027/1
f 271/3025/639 1342/3030/639 1338/3015/639
f 1338/3015/639 266/525/639 268/528/639
f 1338/3015/639 268/528/639 271/3025/639
f 1339/3024/7 1350/3069/7 265/524/7
f 663/1089/73 211/1088/73 210/3119/73
f 210/3119/73 250/3120/73 663/1089/73
f 540/3121/658 539/3101/658 660/3103/658
f 660/3103/658 661/3122/658 540/3121/658
f 245/483/72 1344/3123/72 1294/3124/72
f 1294/3124/659 1293/3071/659 1352/3073/659
f 541/3125/72 246/484/72 245/483/72
f 1294/3124/72 1352/3073/72 541/3125/72
f 1294/3124/72 541/3125/72 245/483/72
f 999/1970/443 1004/1976/443 1338/3126/443
f 1338/3126/660 1342/3127/660 1341/3128/660
f 1341/3128/443 1000/1971/443 999/1970/443
f 1338/3126/443 1341/3128/443 999/1970/443
f 214/3129/7 657/3053/7 216/439/7
f 216/439/7 215/442/7 214/3129/7
f 1346/3042/661 1345/3041/661 1349/3130/661
f 1349/3130/662 1348/3131/662 1346/3042/662
f 312/3132/663 255/3133/663 226/3134/663
f 299/1918/78 989/1917/78 276/568/78
f 659/3135/72 253/510/72 239/477/72
f 239/477/72 244/482/72 659/3135/72
f 306/3136/393 305/3137/393 898/3138/393
f 1000/1971/443 1341/3128/443 1340/3139/443
f 1340/3139/443 1330/3140/443 1019/2009/443
f 1340/3139/443 1019/2009/443 1000/1971/443
f 245/483/74 1353/3141/74 1337/3142/74
f 1336/3143/74 1349/3144/74 1345/3145/74
f 245/483/74 1337/3142/74 1336/3143/74
f 1345/3145/664 1344/3123/664 245/483/664
f 1336/3143/74 1345/3145/74 245/483/74
f 1002/3146/90 1001/3147/90 289/565/90
f 289/565/90 267/564/90 1002/3146/90
f 1003/3017/1 1002/3148/1 267/526/1
f 267/526/1 266/525/1 1003/3017/1
f 244/3109/42 243/3149/42 540/3121/42
f 540/3121/42 661/3122/42 662/3107/42
f 540/3121/42 662/3107/42 244/3109/42
f 237/472/665 906/1769/665 905/1768/665
f 899/1757/71 309/595/71 238/473/71
f 237/472/71 905/1768/71 899/1757/71
f 899/1757/71 238/473/71 237/472/71
f 240/478/74 257/3150/74 1354/3151/74
f 1354/3151/74 1353/3141/74 245/483/74
f 1354/3151/74 245/483/74 240/478/74
f 308/1754/396 307/3152/396 898/1753/396
f 4/24/7 19/23/7 1355/3153/7
f 1355/3153/7 5/3154/7 4/24/7
f 188/3155/666 1356/3156/666 139/3157/666
f 139/3157/667 186/3158/667 188/3155/667
f 622/1036/137 117/1035/137 116/3159/137
f 142/3160/137 141/3161/137 1356/3162/137
f 622/1036/137 116/3159/137 142/3160/137
f 171/3163/137 625/3164/137 622/1036/137
f 187/3165/1 166/3166/1 171/3167/1
f 1356/3162/137 188/3168/137 187/3169/137
f 622/1036/137 142/3160/137 1356/3162/137
f 187/3169/137 171/3163/137 622/1036/137
f 1356/3162/137 187/3169/137 622/1036/137
f 625/3164/137 171/3163/137 170/3170/137
f 170/3171/668 1357/3172/668 1358/3173/668
f 1358/3174/137 506/868/137 509/871/137
f 509/871/137 625/3164/137 170/3170/137
f 170/3170/137 1358/3174/137 509/871/137
f 1357/3172/14 170/3171/14 169/354/14
f 169/354/14 181/353/14 1357/3172/14
f 1359/3175/147 773/3176/147 738/1226/147
f 738/1226/147 740/1229/147 1359/3175/147
f 157/294/7 774/1309/7 773/1308/7
f 1359/3177/7 1360/3178/7 155/292/7
f 157/294/7 773/1308/7 1359/3177/7
f 1359/3177/7 155/292/7 157/294/7
f 132/249/7 631/1033/7 630/1032/7
f 630/1032/7 774/1309/7 157/294/7
f 630/1032/7 157/294/7 132/249/7
f 810/1483/14 809/1482/14 97/178/14
f 97/178/14 100/181/14 810/1483/14
f 731/3179/190 6/3180/190 5/3181/190
f 5/3182/669 1355/3183/669 1361/3184/669
f 1362/3185/670 1363/3186/670 1360/3187/670
f 5/3154/7 1361/3188/7 1362/3189/7
f 826/3190/190 731/3179/190 5/3181/190
f 1359/3191/190 740/3192/190 826/3190/190
f 1362/3185/671 1360/3187/671 1359/3193/671
f 826/3190/190 5/3181/190 1362/3194/190
f 1362/3194/190 1359/3191/190 826/3190/190
f 142/3195/42 116/231/42 115/230/42
f 1/1/1 744/3196/1 28/3197/1
f 28/3197/1 2/2/1 1/1/1
f 197/387/14 808/3198/14 532/3199/14
f 532/3199/14 531/3200/14 1364/3201/14
f 199/389/14 197/387/14 532/3199/14
f 532/3199/14 1364/3201/14 199/389/14
f 506/868/137 1358/3174/137 1364/3202/137
f 1364/3202/137 531/3203/137 530/1322/137
f 1364/3202/137 530/1322/137 506/868/137
f 1356/3156/667 141/3204/667 140/3205/667
f 140/3205/42 139/3157/42 1356/3156/42
f 809/1482/14 808/3198/14 197/387/14
f 197/387/14 97/178/14 809/1482/14
f 66/3206/7 65/3207/7 617/1222/7
f 617/1222/7 737/1225/7 66/3206/7
f 812/3208/14 811/1484/14 102/183/14
f 102/183/14 78/142/14 812/3208/14
f 29/3209/672 1365/3210/672 27/3211/672
f 27/3211/673 26/3212/673 29/3209/673
f 1362/3189/7 1361/3188/7 49/77/7
f 49/77/7 46/74/7 1362/3189/7
f 1361/3188/7 1355/3153/7 19/23/7
f 19/23/7 49/77/7 1361/3188/7
f 617/1010/190 65/3213/190 64/3214/190
f 85/3215/190 84/3216/190 1365/3217/190
f 617/1010/190 64/3214/190 85/3215/190
f 744/3218/190 618/1011/190 617/1010/190
f 1365/3217/190 29/3219/190 28/3220/190
f 28/3220/190 744/3218/190 617/1010/190
f 617/1010/190 85/3215/190 1365/3217/190
f 1365/3217/190 28/3220/190 617/1010/190
f 166/336/42 187/3221/42 167/337/42
f 85/3222/1 64/126/1 63/125/1
f 1365/3210/674 84/3223/674 83/3224/674
f 83/3224/1 27/3211/1 1365/3210/1
f 1360/3178/7 1363/3225/7 45/73/7
f 45/73/7 155/292/7 1360/3178/7
f 199/389/14 1364/3201/14 1358/3173/14
f 1358/3173/14 1357/3172/14 181/353/14
f 1358/3173/14 181/353/14 199/389/14
f 811/1484/14 810/1483/14 100/181/14
f 100/181/14 102/183/14 811/1484/14
f 1363/3225/7 1362/3189/7 46/74/7
f 46/74/7 45/73/7 1363/3225/7
f 67/3226/14 812/3208/14 78/142/14
f 78/142/14 68/143/14 67/3226/14
f 118/1034/7 631/1033/7 132/249/7
f 132/249/7 119/250/7 118/1034/7
f 1366/3227/188 612/1005/188 610/1003/188
f 610/1003/188 815/3228/188 1366/3227/188
f 1367/3229/218 673/1108/218 571/1107/218
f 571/1107/218 747/1250/218 1367/3229/218
f 1368/3230/675 1369/3231/675 759/3232/675
f 759/3232/676 477/3233/676 1368/3230/676
f 1370/3234/223 1371/3235/223 559/3236/223
f 559/3236/223 558/3237/223 1370/3234/223
f 1372/3238/677 1366/3239/677 815/3240/677
f 815/3240/678 752/3241/678 1372/3238/678
f 1373/3242/679 1374/3243/679 763/3244/679
f 763/3244/680 758/3245/680 1373/3242/680
f 1375/3246/681 1376/3247/681 761/3248/681
f 761/3248/682 760/3249/682 1375/3246/682
f 1371/3235/683 1377/3250/683 565/3251/683
f 565/3251/684 559/3236/684 1371/3235/684
f 613/3252/146 1367/3253/146 747/1242/146
f 747/1242/146 611/1243/146 613/3252/146
f 1378/3254/685 1373/3242/685 758/3245/685
f 758/3245/686 757/3255/686 1378/3254/686
f 1379/3256/687 1380/3257/687 562/3258/687
f 562/3258/688 573/3259/688 1379/3256/688
f 1369/3231/127 1381/3260/127 754/3261/127
f 754/3261/127 759/3232/127 1369/3231/127
f 1377/3250/689 1382/3262/689 756/3263/689
f 756/3263/690 565/3251/690 1377/3250/690
f 750/3264/691 1372/3238/691 752/3241/691
f 752/3241/692 751/3265/692 750/3264/692
f 674/3266/693 1379/3256/693 573/3259/693
f 573/3259/694 572/3267/694 674/3266/694
f 1382/3268/596 1377/3269/596 1371/3270/596
f 1371/3271/191 1370/3272/191 1383/3273/191
f 1383/3274/596 1376/3275/596 1375/3276/596
f 1375/3276/596 1374/3277/596 1373/3278/596
f 1373/3278/596 1378/3279/596 1384/3280/596
f 1373/3278/596 1384/3280/596 1385/3281/596
f 1383/3274/596 1375/3276/596 1373/3278/596
f 1382/3268/596 1371/3270/596 1383/3274/596
f 1368/3282/596 1386/3283/596 1382/3268/596
f 1381/3284/596 1369/3285/596 1368/3282/596
f 806/3286/596 1381/3284/596 1368/3282/596
f 1368/3282/596 1382/3268/596 1383/3274/596
f 1383/3274/596 1373/3278/596 1385/3281/596
f 1387/3287/596 1380/3288/596 1379/3289/596
f 1383/3274/596 1385/3281/596 1387/3287/596
f 806/3286/596 1368/3282/596 1383/3274/596
f 1372/3290/596 750/3291/596 749/3292/596
f 749/3292/596 806/3286/596 1383/3274/596
f 1383/3274/596 1387/3287/596 1379/3289/596
f 1379/3289/596 674/3293/596 673/3294/596
f 1379/3289/596 673/3294/596 1367/3295/596
f 1372/3290/596 749/3292/596 1383/3274/596
f 612/3296/596 1366/3297/596 1372/3290/596
f 613/3298/596 612/3296/596 1372/3290/596
f 1383/3274/596 1379/3289/596 1367/3295/596
f 613/3298/596 1372/3290/596 1383/3274/596
f 1383/3274/596 1367/3295/596 613/3298/596
f 1376/3299/695 1383/3300/695 753/3301/695
f 753/3301/696 761/3302/696 1376/3299/696
f 1385/3303/697 1384/3304/697 762/3305/697
f 762/3305/698 765/3306/698 1385/3303/698
f 1374/3243/699 1375/3246/699 760/3249/699
f 760/3249/700 763/3244/700 1374/3243/700
f 1380/3307/701 1387/3308/701 563/3309/701
f 563/3309/702 562/3310/702 1380/3307/702
f 1381/3260/703 806/1470/703 755/1469/703
f 755/1469/704 754/3261/704 1381/3260/704
f 1386/3311/705 1368/3312/705 477/3313/705
f 477/3313/706 476/3314/706 1386/3311/706
f 1387/3308/707 1385/3303/707 765/3306/707
f 765/3306/708 563/3309/708 1387/3308/708
f 1384/3304/123 1378/3254/123 757/3255/123
f 757/3255/123 762/3305/123 1384/3304/123
f 1382/3262/709 1386/3311/709 476/3314/709
f 476/3314/201 756/3263/201 1382/3262/201
f 1383/3300/223 1370/3234/223 558/3237/223
f 558/3237/120 753/3301/120 1383/3300/120
