# Blender v2.79 (sub 0) OBJ File: 'trebuchet.blend'
# www.blender.org
o Cube_Cube.004
v -0.165833 0.009445 -0.088315
v 0.100739 0.021952 -0.112420
v 0.272386 0.018442 -0.009641
v -0.190381 0.075487 -0.012808
v 0.184009 -0.054802 -0.011368
v -0.106816 0.026317 -0.107131
v 0.247538 0.054249 -0.036072
v -0.190381 0.052133 -0.014961
v -0.018135 0.021952 -0.112420
v -0.085740 -0.054802 -0.013895
v -0.105361 -0.001873 -0.103007
v -0.114180 0.077568 -0.010654
v -0.043523 0.051853 -0.083256
v -0.106816 0.064396 -0.088007
v -0.128963 0.049466 -0.088722
v -0.065148 0.051366 -0.096280
v -0.106816 0.040519 -0.101908
v -0.148484 0.053549 -0.093636
v -0.106816 0.045870 -0.083768
v -0.106816 0.040579 -0.092787
v -0.106816 0.058353 -0.084658
v -0.084670 0.049466 -0.088722
v -0.040101 0.054035 -0.046621
v -0.108842 0.072205 -0.070803
v -0.096799 -0.054802 -0.082002
v -0.174160 0.041407 -0.090420
v 0.262253 0.043703 -0.036064
v 0.099851 -0.005146 -0.106974
v -0.174160 0.064761 -0.080611
v 0.092429 -0.054802 -0.084880
v -0.173342 0.017490 -0.053490
v -0.024439 -0.054802 -0.082002
v 0.043014 -0.054802 -0.082002
v 0.217264 0.030682 -0.063025
v 0.040099 0.021952 -0.112420
v 0.004784 -0.054802 -0.013895
v 0.089171 -0.054802 -0.013895
v -0.023699 -0.005146 -0.106974
v 0.037794 -0.005146 -0.106974
v 0.148951 -0.037159 -0.080391
v 0.162574 0.026317 -0.093078
v 0.208977 0.001401 -0.060816
v -0.043040 0.038318 -0.093338
v 0.160633 -0.054802 -0.060582
v 0.130742 -0.054802 -0.075231
v -0.038755 0.015980 -0.076749
v 0.175710 0.015980 -0.055792
v 0.091238 0.015980 -0.080772
v 0.207031 0.026894 -0.034730
v 0.137635 0.015980 -0.070988
v 0.045970 0.015980 -0.080772
v -0.007082 0.015980 -0.080772
v 0.156303 0.039045 -0.085001
v 0.206359 0.041228 -0.060909
v -0.014901 0.043568 -0.100508
v -0.016106 0.035851 -0.110747
v -0.036538 0.040216 -0.100508
v -0.013696 0.044581 -0.090268
v 0.006735 0.040216 -0.100508
v 0.039489 0.043568 -0.100508
v 0.038604 0.035851 -0.110747
v 0.020473 0.040216 -0.100508
v 0.040373 0.044581 -0.090268
v 0.058504 0.040216 -0.100508
v 0.096001 0.043568 -0.100508
v 0.096990 0.035851 -0.110747
v 0.072778 0.040216 -0.100508
v 0.095012 0.044581 -0.090268
v 0.119224 0.040216 -0.100508
v -0.041596 0.015497 -0.029364
v 0.000311 -0.009269 -0.030617
v 0.054748 -0.009269 -0.044413
v 0.120054 -0.009269 -0.008411
v 0.055058 -0.001905 -0.030516
v 0.059472 0.005458 -0.004885
v 0.103895 -0.001905 -0.021037
v 0.009748 -0.001905 -0.005779
v -0.022857 -0.009269 -0.013623
v 0.141666 -0.009269 -0.053057
v -0.007795 -0.009269 -0.011369
v -0.004753 -0.009269 -0.066489
v 0.053171 -0.009269 -0.063269
v 0.162191 0.002224 -0.009660
v 0.121183 -0.009269 -0.061232
v 0.096222 -0.009269 -0.066495
v -0.028623 -0.009269 -0.068625
v 0.194969 -0.036067 -0.056397
v 0.158033 -0.001873 -0.088849
v 0.029598 -0.038250 -0.096081
v -0.031585 -0.038250 -0.096081
v -0.151682 -0.030705 -0.051550
v 0.091244 -0.038250 -0.096081
v -0.102450 -0.037159 -0.094759
v 0.238300 -0.036017 -0.009108
v -0.149179 -0.033386 -0.084107
v 0.220485 -0.036048 -0.033155
v -0.153234 -0.030705 -0.014162
v 0.149064 -0.004865 -0.035163
v -0.008310 -0.009269 -0.041384
v -0.024170 -0.009269 -0.046855
v 0.009907 -0.001905 -0.021037
v 0.109987 -0.001905 -0.005779
v 0.057142 0.005458 -0.017783
v 0.113282 -0.009269 -0.030617
v 0.000134 -0.009269 -0.008411
v -0.037422 0.015980 -0.051172
v 0.231951 0.044463 -0.009541
v 0.071504 -0.054802 -0.050580
v -0.006401 -0.054802 -0.050580
v -0.177998 0.017490 -0.014694
v 0.298047 0.064664 -0.009907
v -0.037979 0.054035 -0.012808
v -0.112137 0.077568 -0.038783
v -0.089973 -0.054802 -0.050580
v -0.184172 0.052133 -0.054460
v 0.280300 0.075210 -0.009909
v 0.164896 -0.054802 -0.041382
v -0.184172 0.075487 -0.046621
v 0.245074 0.007931 -0.035094
v -0.046112 0.015014 -0.014555
v -0.043214 0.040745 -0.014834
v -0.038542 -0.009751 -0.014530
v -0.165833 0.009445 0.088315
v 0.100739 0.021952 0.112420
v 0.272386 0.018442 0.009641
v -0.190381 0.075487 0.012807
v 0.184009 -0.054802 0.011368
v -0.106816 0.026317 0.107131
v 0.247538 0.054249 0.036072
v -0.190381 0.052133 0.014961
v -0.018135 0.021952 0.112420
v -0.085740 -0.054802 0.013895
v -0.105361 -0.001873 0.103007
v -0.114180 0.077568 0.010654
v -0.043523 0.051853 0.083256
v -0.106816 0.064396 0.088007
v -0.128963 0.049466 0.088722
v -0.065148 0.051366 0.096280
v -0.106816 0.040519 0.101908
v -0.148484 0.053549 0.093636
v -0.106816 0.045870 0.083768
v -0.106816 0.040579 0.092787
v -0.106816 0.058353 0.084658
v -0.084670 0.049466 0.088722
v -0.040101 0.054035 0.046621
v -0.108842 0.072205 0.070803
v -0.096799 -0.054802 0.082002
v -0.174160 0.041407 0.090420
v 0.262253 0.043703 0.036064
v 0.099851 -0.005146 0.106974
v -0.174160 0.064761 0.080611
v 0.092429 -0.054802 0.084880
v -0.173342 0.017490 0.053490
v -0.024439 -0.054802 0.082002
v 0.043014 -0.054802 0.082002
v 0.217263 0.030682 0.063025
v 0.040099 0.021952 0.112420
v 0.004784 -0.054802 0.013895
v 0.089171 -0.054802 0.013895
v -0.023699 -0.005146 0.106974
v 0.037794 -0.005146 0.106974
v 0.148951 -0.037159 0.080391
v 0.162574 0.026317 0.093078
v 0.208977 0.001401 0.060816
v -0.043040 0.038318 0.093338
v 0.160633 -0.054802 0.060582
v 0.130742 -0.054802 0.075231
v -0.038755 0.015980 0.076749
v 0.175710 0.015980 0.055792
v 0.091238 0.015980 0.080772
v 0.207031 0.026894 0.034730
v 0.137635 0.015980 0.070988
v 0.045970 0.015980 0.080772
v -0.007082 0.015980 0.080772
v 0.156303 0.039045 0.085001
v 0.206359 0.041228 0.060909
v -0.014901 0.043568 0.100508
v -0.016106 0.035851 0.110747
v -0.036538 0.040216 0.100508
v -0.013696 0.044581 0.090268
v 0.006735 0.040216 0.100508
v 0.039489 0.043568 0.100508
v 0.038604 0.035851 0.110747
v 0.020473 0.040216 0.100508
v 0.040373 0.044581 0.090268
v 0.058504 0.040216 0.100508
v 0.096001 0.043568 0.100508
v 0.096990 0.035851 0.110747
v 0.072778 0.040216 0.100508
v 0.095012 0.044581 0.090268
v 0.119224 0.040216 0.100508
v -0.041596 0.015497 0.029364
v 0.000311 -0.009269 0.030617
v 0.054748 -0.009269 0.044413
v 0.120054 -0.009269 0.008411
v 0.055058 -0.001905 0.030516
v 0.059472 0.005458 0.004885
v 0.103895 -0.001905 0.021037
v 0.009748 -0.001905 0.005779
v -0.022857 -0.009269 0.013623
v 0.141666 -0.009269 0.053057
v -0.007795 -0.009269 0.011369
v -0.004753 -0.009269 0.066489
v 0.053171 -0.009269 0.063269
v 0.162191 0.002224 0.009660
v 0.121183 -0.009269 0.061232
v 0.096222 -0.009269 0.066495
v -0.028623 -0.009269 0.068625
v 0.194969 -0.036067 0.056397
v 0.158033 -0.001873 0.088849
v 0.029598 -0.038250 0.096081
v -0.031585 -0.038250 0.096081
v -0.151682 -0.030705 0.051550
v 0.091244 -0.038250 0.096081
v -0.102450 -0.037159 0.094759
v 0.238300 -0.036017 0.009108
v -0.149179 -0.033386 0.084107
v 0.220485 -0.036048 0.033155
v -0.153234 -0.030705 0.014161
v 0.149064 -0.004865 0.035163
v -0.008310 -0.009269 0.041384
v -0.024170 -0.009269 0.046854
v 0.009907 -0.001905 0.021037
v 0.109987 -0.001905 0.005779
v 0.057142 0.005458 0.017783
v 0.113282 -0.009269 0.030617
v 0.000134 -0.009269 0.008411
v -0.037422 0.015980 0.051172
v 0.231951 0.044463 0.009541
v 0.071504 -0.054802 0.050580
v -0.006401 -0.054802 0.050580
v -0.177998 0.017490 0.014694
v 0.298047 0.064664 0.009907
v -0.037979 0.054035 0.012807
v -0.112137 0.077568 0.038783
v -0.089973 -0.054802 0.050580
v -0.184172 0.052133 0.054460
v 0.280300 0.075210 0.009909
v 0.164896 -0.054802 0.041382
v -0.184172 0.075487 0.046621
v 0.245074 0.007931 0.035094
v -0.046112 0.015014 0.014555
v -0.043214 0.040745 0.014834
v -0.038542 -0.009751 0.014530
v -0.130169 -0.048777 -0.013962
v -0.178880 0.017490 -0.000000
v -0.172079 0.028144 -0.089893
v -0.136727 -0.035670 -0.091435
v -0.100917 -0.054300 -0.090507
v 0.291632 0.047835 -0.009841
v 0.241674 -0.036011 -0.000000
v 0.187629 -0.054802 -0.000000
v -0.035101 -0.054331 -0.090544
v -0.174160 0.052519 -0.087967
v 0.293610 0.072573 -0.009908
v -0.049981 0.050640 -0.094326
v -0.154247 0.032272 -0.100308
v 0.304826 0.068633 -0.000000
v -0.191556 0.052133 -0.000000
v -0.106452 0.013996 -0.106100
v -0.084938 -0.054802 -0.000000
v -0.106816 0.035140 -0.105825
v 0.065285 0.038539 -0.100508
v -0.054051 0.023043 -0.111098
v -0.035553 -0.054802 -0.013895
v -0.037979 0.041228 -0.014961
v -0.062139 -0.037977 -0.095751
v -0.174160 0.077568 -0.070803
v -0.114567 0.077568 -0.000000
v -0.106816 0.066843 -0.085348
v -0.037979 0.066843 -0.010654
v -0.191556 0.075487 -0.000000
v -0.164664 0.056595 -0.090359
v -0.037577 0.054035 -0.000000
v -0.084670 0.053062 -0.093676
v -0.106816 0.044175 -0.096686
v -0.106816 0.061949 -0.090667
v -0.128963 0.053062 -0.093676
v -0.075565 0.061138 -0.090076
v -0.138067 0.061684 -0.089415
v -0.075565 0.042140 -0.101824
v -0.138067 0.044868 -0.098518
v -0.084670 0.045870 -0.083768
v -0.106816 0.036984 -0.088887
v -0.106816 0.054757 -0.078649
v -0.128963 0.045870 -0.083768
v -0.126032 0.057177 -0.085196
v -0.126032 0.041756 -0.092249
v -0.087601 0.041756 -0.092249
v -0.087601 0.057177 -0.085196
v -0.131920 -0.049448 -0.082528
v -0.181465 0.038199 -0.054217
v 0.211916 -0.054268 -0.032474
v -0.184172 0.063244 -0.052500
v -0.056682 -0.054802 -0.082002
v -0.043402 0.040974 -0.092003
v -0.184172 0.088294 -0.038783
v -0.043523 0.066843 -0.070803
v -0.041616 0.053490 -0.066283
v -0.110678 0.076228 -0.055525
v -0.092994 -0.054802 -0.069831
v -0.179741 0.049451 -0.075719
v 0.239887 0.033937 -0.050929
v -0.014385 -0.054802 -0.069831
v -0.179741 0.072805 -0.065622
v 0.208573 -0.036062 -0.046434
v -0.150574 -0.031375 -0.071303
v -0.020337 0.009904 -0.111059
v 0.040420 0.009904 -0.111059
v 0.006902 -0.054802 -0.000000
v 0.092516 -0.054802 -0.000000
v 0.026114 -0.054331 -0.090544
v -0.016817 0.030699 -0.112002
v 0.038828 0.030699 -0.112002
v -0.015643 0.039348 -0.108088
v 0.157894 -0.054802 -0.055505
v 0.058894 -0.054802 -0.069831
v 0.006578 -0.054802 -0.082002
v 0.074941 -0.054802 -0.082722
v -0.042687 0.037551 -0.099481
v 0.070630 0.021952 -0.112420
v 0.010170 0.021952 -0.112420
v 0.043587 -0.054802 -0.013895
v 0.137367 -0.054802 -0.013263
v -0.003452 -0.038250 -0.096081
v 0.062763 -0.038250 -0.096081
v 0.067839 0.015980 -0.080772
v 0.022155 0.015980 -0.080772
v 0.161439 0.013996 -0.092021
v 0.176240 -0.036340 -0.066547
v 0.144150 -0.054300 -0.076255
v 0.127581 -0.004328 -0.102443
v 0.161007 0.034772 -0.091059
v 0.192215 0.029590 -0.075894
v 0.131147 0.023043 -0.107585
v 0.188597 -0.054269 -0.054432
v 0.215192 0.018088 -0.062473
v 0.087219 -0.054331 -0.090626
v 0.102225 0.009904 -0.111059
v 0.098094 0.030699 -0.112002
v 0.214537 0.038591 -0.062496
v -0.030974 0.015980 -0.079766
v 0.142659 -0.054802 -0.067718
v 0.109885 -0.054802 -0.081029
v 0.259340 0.067523 -0.009818
v -0.011839 0.035754 -0.087058
v 0.041922 0.035754 -0.087058
v 0.191460 0.018708 -0.047820
v 0.236671 0.047791 -0.000000
v 0.158271 0.015980 -0.062297
v 0.148500 0.034370 -0.077459
v 0.093901 0.035754 -0.087058
v 0.193245 0.034916 -0.058572
v 0.114918 0.015980 -0.078326
v -0.038285 0.015980 -0.068344
v -0.043211 0.034433 -0.025883
v 0.013826 0.038539 -0.100508
v 0.227067 0.044483 -0.050408
v 0.286505 0.079179 -0.000000
v 0.132417 0.038247 -0.096631
v 0.183433 0.040682 -0.071225
v -0.027473 0.042730 -0.100508
v -0.014201 0.046004 -0.093664
v -0.002330 0.042730 -0.100508
v -0.034562 0.036475 -0.109282
v 0.002694 0.036475 -0.109282
v -0.030163 0.043489 -0.092828
v 0.002168 0.043489 -0.092828
v 0.038944 0.039348 -0.108088
v 0.028440 0.042730 -0.100508
v 0.040002 0.046004 -0.093664
v 0.050537 0.042730 -0.100508
v 0.022297 0.036475 -0.109282
v 0.055165 0.036475 -0.109282
v 0.025988 0.043489 -0.092828
v 0.054315 0.043489 -0.092828
v 0.096610 0.039348 -0.108088
v 0.082507 0.042730 -0.100508
v 0.095426 0.046004 -0.093664
v 0.109494 0.042730 -0.100508
v 0.075753 0.036475 -0.109282
v 0.117944 0.036475 -0.109282
v 0.078680 0.043489 -0.092828
v 0.111838 0.043489 -0.092828
v -0.041322 0.034188 -0.084420
v -0.032003 -0.009389 -0.014367
v 0.013975 -0.009269 -0.040964
v 0.111140 -0.001905 -0.000000
v 0.096545 -0.009269 -0.040964
v 0.054662 -0.007428 -0.036350
v 0.121337 -0.009269 -0.000000
v 0.116047 -0.007428 -0.006884
v 0.004196 -0.007428 -0.006884
v 0.059913 0.005458 -0.000000
v 0.055898 0.003617 -0.024973
v 0.093814 0.003617 -0.005109
v 0.025328 0.003617 -0.005109
v 0.021244 -0.001905 -0.028146
v 0.089794 -0.001905 -0.028146
v 0.009718 -0.001905 -0.000000
v -0.025669 -0.009269 -0.062101
v -0.022585 -0.009269 -0.000000
v 0.199210 0.018530 -0.009385
v -0.007697 -0.009269 -0.000000
v -0.013866 -0.009269 -0.012542
v -0.020925 -0.009269 -0.068633
v 0.143137 -0.008168 -0.047558
v -0.003396 -0.002957 -0.073289
v 0.050419 -0.002957 -0.072484
v 0.164677 0.003567 -0.000000
v -0.007581 -0.009269 -0.056983
v 0.054517 -0.009269 -0.053715
v 0.082691 -0.009269 -0.064075
v 0.019933 -0.009269 -0.064074
v 0.132078 -0.006395 -0.009592
v -0.003507 -0.009269 -0.010019
v 0.127324 -0.002957 -0.065582
v 0.090764 -0.002957 -0.073291
v 0.157326 -0.002957 -0.053607
v 0.129775 -0.009269 -0.056259
v 0.109443 -0.009269 -0.063566
v 0.000101 -0.009269 -0.000000
v -0.034727 -0.002957 -0.071194
v -0.153528 -0.030705 -0.000000
v -0.148407 0.002594 -0.097351
v 0.277559 0.020433 -0.000000
v -0.057017 -0.004328 -0.105982
v 0.227566 0.003034 -0.049431
v -0.170019 0.015478 -0.074247
v 0.004577 -0.005146 -0.106974
v 0.071153 -0.005146 -0.106974
v 0.186676 0.000583 -0.072779
v 0.118740 -0.037977 -0.092159
v 0.201331 -0.017333 -0.058606
v 0.153492 -0.019516 -0.084620
v 0.033696 -0.021698 -0.101528
v -0.027642 -0.021698 -0.101528
v -0.162512 -0.006607 -0.052520
v 0.095548 -0.021698 -0.101528
v -0.103906 -0.019516 -0.098883
v 0.251034 -0.013010 -0.009375
v -0.157506 -0.011970 -0.086211
v -0.130839 -0.048777 -0.050822
v 0.257958 0.029487 -0.035822
v 0.258574 0.051613 -0.036066
v -0.043640 -0.054802 -0.050580
v -0.039431 0.038118 -0.051678
v -0.040101 0.066843 -0.038783
v -0.187285 0.038199 -0.014894
v 0.228810 -0.054267 -0.008921
v -0.190381 0.063244 -0.014423
v -0.190381 0.088294 -0.010654
v 0.029421 -0.054802 -0.050580
v 0.117458 -0.054802 -0.048281
v 0.230054 0.047411 -0.035740
v -0.032769 -0.002957 -0.048449
v 0.109132 -0.007428 -0.025059
v 0.004377 -0.007428 -0.025059
v 0.089317 0.003617 -0.018597
v 0.024847 0.003617 -0.018597
v 0.179643 0.005277 -0.034164
v -0.014919 -0.009269 -0.044971
v 0.124031 -0.008168 -0.034917
v -0.003511 -0.009269 -0.036472
v -0.165616 -0.006607 -0.014428
v 0.230337 -0.015677 -0.034125
v 0.230472 -0.036031 -0.019674
v -0.152552 -0.030705 -0.030589
v 0.156423 -0.000891 -0.020865
v -0.008021 -0.009269 -0.024557
v -0.023456 -0.009269 -0.028742
v 0.009818 -0.001905 -0.012483
v 0.107310 -0.001905 -0.012483
v 0.058448 0.005458 -0.010553
v 0.117079 -0.009269 -0.018168
v 0.000212 -0.009269 -0.018168
v -0.036362 0.015980 -0.029618
v 0.221002 0.036744 -0.020609
v 0.081408 -0.054802 -0.030014
v -0.000131 -0.054802 -0.030014
v -0.175952 0.017490 -0.031740
v 0.282319 0.055454 -0.021400
v -0.038912 0.054035 -0.027665
v -0.113282 0.077568 -0.023013
v -0.087600 -0.054802 -0.030014
v -0.187653 0.052133 -0.032316
v 0.265905 0.066000 -0.021405
v 0.175611 -0.054802 -0.024556
v -0.187653 0.075487 -0.027665
v 0.260386 0.013824 -0.020825
v -0.046556 0.034071 -0.014701
v -0.045753 0.015014 -0.000000
v -0.043052 -0.003801 -0.014473
v -0.046831 0.015014 -0.029110
v -0.039622 -0.003439 -0.025504
v -0.042812 0.040745 -0.000000
v -0.038225 -0.009751 -0.000000
v -0.130169 -0.048777 0.013962
v -0.172079 0.028144 0.089893
v -0.136727 -0.035670 0.091435
v -0.100917 -0.054300 0.090507
v 0.291632 0.047835 0.009841
v -0.035101 -0.054331 0.090544
v -0.174160 0.052519 0.087967
v 0.293610 0.072573 0.009908
v -0.049981 0.050640 0.094326
v -0.154247 0.032272 0.100308
v -0.106452 0.013996 0.106100
v -0.106816 0.035140 0.105825
v 0.065285 0.038539 0.100508
v -0.054051 0.023043 0.111098
v -0.035553 -0.054802 0.013895
v -0.037979 0.041228 0.014961
v -0.062139 -0.037977 0.095751
v -0.174160 0.077568 0.070803
v -0.106816 0.066843 0.085348
v -0.037979 0.066843 0.010654
v -0.164664 0.056595 0.090359
v -0.084670 0.053062 0.093676
v -0.106816 0.044175 0.096686
v -0.106816 0.061949 0.090667
v -0.128963 0.053062 0.093676
v -0.075565 0.061138 0.090076
v -0.138067 0.061684 0.089414
v -0.075565 0.042140 0.101824
v -0.138067 0.044868 0.098518
v -0.084670 0.045870 0.083768
v -0.106816 0.036984 0.088887
v -0.106816 0.054757 0.078649
v -0.128963 0.045870 0.083768
v -0.126032 0.057177 0.085196
v -0.126032 0.041756 0.092249
v -0.087601 0.041756 0.092249
v -0.087601 0.057177 0.085196
v -0.131920 -0.049448 0.082528
v -0.181465 0.038199 0.054217
v 0.211916 -0.054268 0.032474
v -0.184172 0.063244 0.052500
v -0.056682 -0.054802 0.082002
v -0.043402 0.040974 0.092003
v -0.184172 0.088294 0.038783
v -0.043523 0.066843 0.070803
v -0.041616 0.053490 0.066283
v -0.110678 0.076228 0.055525
v -0.092994 -0.054802 0.069830
v -0.179741 0.049451 0.075718
v 0.239887 0.033937 0.050929
v -0.014385 -0.054802 0.069830
v -0.179741 0.072805 0.065622
v 0.208573 -0.036062 0.046434
v -0.150574 -0.031375 0.071302
v -0.020337 0.009904 0.111059
v 0.040420 0.009904 0.111059
v 0.026114 -0.054331 0.090544
v -0.016817 0.030699 0.112002
v 0.038828 0.030699 0.112002
v -0.015643 0.039348 0.108088
v 0.157894 -0.054802 0.055505
v 0.058894 -0.054802 0.069830
v 0.006578 -0.054802 0.082002
v 0.074941 -0.054802 0.082722
v -0.042687 0.037551 0.099481
v 0.070630 0.021952 0.112420
v 0.010170 0.021952 0.112420
v 0.043587 -0.054802 0.013895
v 0.137367 -0.054802 0.013263
v -0.003452 -0.038250 0.096081
v 0.062763 -0.038250 0.096081
v 0.067839 0.015980 0.080772
v 0.022155 0.015980 0.080772
v 0.161439 0.013996 0.092021
v 0.176240 -0.036340 0.066547
v 0.144150 -0.054300 0.076255
v 0.127581 -0.004328 0.102443
v 0.161007 0.034772 0.091059
v 0.192215 0.029590 0.075894
v 0.131147 0.023043 0.107585
v 0.188597 -0.054269 0.054432
v 0.215192 0.018088 0.062473
v 0.087219 -0.054331 0.090626
v 0.102225 0.009904 0.111059
v 0.098094 0.030699 0.112002
v 0.214537 0.038591 0.062496
v -0.030974 0.015980 0.079766
v 0.142659 -0.054802 0.067718
v 0.109885 -0.054802 0.081029
v 0.259340 0.067523 0.009818
v -0.011839 0.035754 0.087058
v 0.041922 0.035754 0.087058
v 0.191460 0.018708 0.047820
v 0.158271 0.015980 0.062297
v 0.148500 0.034370 0.077459
v 0.093901 0.035754 0.087058
v 0.193245 0.034916 0.058572
v 0.114919 0.015980 0.078326
v -0.038285 0.015980 0.068344
v -0.043211 0.034433 0.025883
v 0.013826 0.038539 0.100508
v 0.227067 0.044483 0.050408
v 0.132417 0.038247 0.096631
v 0.183433 0.040682 0.071225
v -0.027473 0.042730 0.100508
v -0.014201 0.046004 0.093664
v -0.002330 0.042730 0.100508
v -0.034562 0.036475 0.109282
v 0.002694 0.036475 0.109282
v -0.030163 0.043489 0.092828
v 0.002168 0.043489 0.092828
v 0.038944 0.039348 0.108088
v 0.028440 0.042730 0.100508
v 0.040002 0.046004 0.093664
v 0.050537 0.042730 0.100508
v 0.022297 0.036475 0.109282
v 0.055165 0.036475 0.109282
v 0.025988 0.043489 0.092828
v 0.054315 0.043489 0.092828
v 0.096610 0.039348 0.108088
v 0.082507 0.042730 0.100508
v 0.095426 0.046004 0.093664
v 0.109494 0.042730 0.100508
v 0.075753 0.036475 0.109282
v 0.117944 0.036475 0.109282
v 0.078680 0.043489 0.092828
v 0.111838 0.043489 0.092828
v -0.041322 0.034188 0.084420
v -0.032003 -0.009389 0.014367
v 0.013975 -0.009269 0.040964
v 0.096545 -0.009269 0.040964
v 0.054662 -0.007428 0.036350
v 0.116047 -0.007428 0.006884
v 0.004196 -0.007428 0.006884
v 0.055898 0.003617 0.024973
v 0.093814 0.003617 0.005109
v 0.025328 0.003617 0.005109
v 0.021244 -0.001905 0.028146
v 0.089794 -0.001905 0.028146
v -0.025669 -0.009269 0.062101
v 0.199210 0.018530 0.009385
v -0.013866 -0.009269 0.012542
v -0.020925 -0.009269 0.068633
v 0.143137 -0.008168 0.047558
v -0.003396 -0.002957 0.073289
v 0.050419 -0.002957 0.072484
v -0.007581 -0.009269 0.056983
v 0.054517 -0.009269 0.053715
v 0.082691 -0.009269 0.064075
v 0.019933 -0.009269 0.064074
v 0.132078 -0.006395 0.009592
v -0.003507 -0.009269 0.010019
v 0.127324 -0.002957 0.065581
v 0.090764 -0.002957 0.073291
v 0.157326 -0.002957 0.053607
v 0.129775 -0.009269 0.056259
v 0.109443 -0.009269 0.063566
v -0.034727 -0.002957 0.071194
v -0.148407 0.002594 0.097350
v -0.057017 -0.004328 0.105982
v 0.227566 0.003034 0.049431
v -0.170019 0.015478 0.074246
v 0.004577 -0.005146 0.106974
v 0.071153 -0.005146 0.106974
v 0.186676 0.000583 0.072779
v 0.118740 -0.037977 0.092159
v 0.201331 -0.017333 0.058606
v 0.153492 -0.019516 0.084620
v 0.033696 -0.021698 0.101528
v -0.027642 -0.021698 0.101528
v -0.162512 -0.006607 0.052520
v 0.095548 -0.021698 0.101528
v -0.103906 -0.019516 0.098883
v 0.251034 -0.013010 0.009374
v -0.157506 -0.011970 0.086211
v -0.130839 -0.048777 0.050822
v 0.257958 0.029487 0.035822
v 0.258574 0.051613 0.036066
v -0.043640 -0.054802 0.050580
v -0.039431 0.038118 0.051678
v -0.040101 0.066843 0.038783
v -0.187285 0.038199 0.014894
v 0.228810 -0.054267 0.008921
v -0.190381 0.063244 0.014422
v -0.190381 0.088294 0.010654
v 0.029421 -0.054802 0.050580
v 0.117458 -0.054802 0.048281
v 0.230054 0.047411 0.035740
v -0.032769 -0.002957 0.048449
v 0.109132 -0.007428 0.025059
v 0.004377 -0.007428 0.025059
v 0.089317 0.003617 0.018597
v 0.024847 0.003617 0.018597
v 0.179643 0.005277 0.034164
v -0.014919 -0.009269 0.044971
v 0.124031 -0.008168 0.034917
v -0.003511 -0.009269 0.036472
v -0.165616 -0.006607 0.014428
v 0.230337 -0.015677 0.034125
v 0.230472 -0.036031 0.019674
v -0.152552 -0.030705 0.030589
v 0.156423 -0.000891 0.020865
v -0.008021 -0.009269 0.024557
v -0.023456 -0.009269 0.028742
v 0.009818 -0.001905 0.012483
v 0.107310 -0.001905 0.012483
v 0.058448 0.005458 0.010553
v 0.117079 -0.009269 0.018168
v 0.000212 -0.009269 0.018168
v -0.036362 0.015980 0.029618
v 0.221002 0.036744 0.020609
v 0.081408 -0.054802 0.030014
v -0.000131 -0.054802 0.030014
v -0.175952 0.017490 0.031740
v 0.282319 0.055454 0.021400
v -0.038912 0.054035 0.027665
v -0.113282 0.077568 0.023013
v -0.087600 -0.054802 0.030014
v -0.187653 0.052133 0.032316
v 0.265905 0.066000 0.021405
v 0.175611 -0.054802 0.024556
v -0.187653 0.075487 0.027665
v 0.260386 0.013824 0.020825
v -0.046556 0.034071 0.014701
v -0.043052 -0.003801 0.014473
v -0.046831 0.015014 0.029110
v -0.039622 -0.003439 0.025504
v -0.125267 -0.046299 -0.088113
v -0.152787 0.019579 -0.099569
v -0.156857 0.042852 -0.099065
v -0.064399 -0.054323 -0.090535
v -0.054995 0.010927 -0.109819
v -0.045959 0.034255 -0.109110
v -0.154247 0.069524 -0.081712
v -0.060398 0.066843 -0.081712
v -0.085537 0.044349 -0.096462
v -0.085537 0.061158 -0.090414
v -0.128095 0.044469 -0.096316
v -0.128095 0.061182 -0.090385
v -0.086943 0.038265 -0.088783
v -0.086943 0.054214 -0.079771
v -0.126689 0.038265 -0.088783
v -0.126689 0.054214 -0.079771
v -0.131318 -0.048945 -0.070199
v -0.177310 0.035685 -0.075351
v 0.200839 -0.054269 -0.045279
v 0.236807 0.020938 -0.050555
v -0.179741 0.060563 -0.073194
v 0.236682 0.041847 -0.050799
v -0.049413 -0.054802 -0.069831
v -0.041103 0.038685 -0.075590
v -0.179741 0.085612 -0.055525
v -0.041616 0.066843 -0.055525
v 0.007982 0.009904 -0.111059
v 0.073119 0.009904 -0.111059
v 0.059154 -0.054331 -0.090565
v -0.006953 -0.054331 -0.090544
v 0.012351 0.033248 -0.111145
v 0.065136 0.033248 -0.111145
v 0.106806 -0.054802 -0.070732
v 0.019310 -0.054802 -0.069831
v 0.114320 -0.054323 -0.086992
v 0.170666 -0.054277 -0.063642
v 0.130683 0.010927 -0.106299
v 0.190830 0.017065 -0.075115
v 0.190019 0.037637 -0.074727
v 0.128848 0.032656 -0.107372
v 0.211755 0.038040 -0.049500
v -0.036243 0.037084 -0.088619
v 0.015639 0.038683 -0.089328
v 0.066367 0.038683 -0.089328
v 0.121678 0.037114 -0.087505
v 0.172751 0.034780 -0.066658
v -0.004245 0.039103 -0.107393
v -0.026989 0.039103 -0.107393
v -0.024691 0.044503 -0.095191
v -0.003954 0.044503 -0.095191
v 0.048991 0.039103 -0.107393
v 0.028935 0.039103 -0.107393
v 0.030821 0.044503 -0.095191
v 0.049006 0.044503 -0.095191
v 0.109374 0.039103 -0.107393
v 0.083802 0.039103 -0.107393
v 0.084740 0.044503 -0.095191
v 0.106311 0.044503 -0.095191
v -0.033688 -0.002957 -0.063924
v 0.007397 -0.009269 -0.051942
v 0.017004 -0.007428 -0.033527
v 0.110147 -0.009179 -0.052867
v 0.093367 -0.007428 -0.033527
v 0.031761 0.002185 -0.024170
v 0.080437 0.002185 -0.024170
v -0.016742 -0.009269 -0.060830
v 0.167986 -0.000898 -0.046721
v -0.026551 -0.002957 -0.073168
v 0.025381 -0.002957 -0.072685
v 0.072090 -0.002957 -0.072686
v 0.109544 -0.002957 -0.070960
v 0.142957 -0.002957 -0.058659
v -0.142567 -0.016538 -0.094393
v -0.059578 -0.021152 -0.100866
v 0.216657 -0.016919 -0.047933
v -0.160296 -0.007948 -0.072775
v 0.000562 -0.021698 -0.101528
v 0.066958 -0.021698 -0.101528
v 0.181297 -0.017879 -0.069663
v 0.123161 -0.021152 -0.097301
v -0.130464 -0.048777 -0.030158
v 0.276836 0.039773 -0.021256
v 0.278216 0.063364 -0.021401
v -0.039107 -0.054802 -0.030014
v -0.037977 0.034916 -0.026106
v -0.038912 0.066843 -0.023013
v -0.184728 0.038199 -0.032172
v 0.221387 -0.054268 -0.019270
v -0.187653 0.063244 -0.031153
v -0.187653 0.088294 -0.023013
v 0.037363 -0.054802 -0.030014
v 0.128620 -0.054802 -0.028649
v 0.246472 0.058686 -0.021208
v -0.033518 -0.005306 -0.029825
v 0.113009 -0.007428 -0.014870
v 0.004276 -0.007428 -0.014870
v 0.091838 0.003617 -0.011035
v 0.025117 0.003617 -0.011035
v 0.190613 0.012707 -0.020273
v -0.014334 -0.009269 -0.026920
v 0.128542 -0.007174 -0.020720
v -0.003509 -0.009269 -0.021642
v -0.164252 -0.006607 -0.031165
v 0.241940 -0.014182 -0.020249
v -0.045502 0.029256 -0.022858
v -0.042868 0.001202 -0.022622
v -0.130042 -0.048777 -0.000000
v -0.188387 0.038199 -0.000000
v -0.125267 -0.046299 0.088113
v -0.152787 0.019579 0.099569
v 0.232009 -0.054267 -0.000000
v 0.298009 0.051310 -0.000000
v -0.191556 0.063244 -0.000000
v -0.156857 0.042852 0.099065
v 0.300246 0.076543 -0.000000
v -0.064399 -0.054323 0.090535
v -0.054995 0.010927 0.109819
v -0.034022 -0.054802 -0.000000
v -0.045959 0.034255 0.109110
v -0.037577 0.041228 -0.000000
v -0.191556 0.088294 -0.000000
v -0.154247 0.069524 0.081712
v -0.037577 0.066843 -0.000000
v -0.060398 0.066843 0.081712
v -0.085537 0.044349 0.096462
v -0.085537 0.061158 0.090414
v -0.128095 0.044469 0.096316
v -0.128095 0.061182 0.090385
v -0.086943 0.038265 0.088783
v -0.086943 0.054214 0.079771
v -0.126689 0.038265 0.088783
v -0.126689 0.054214 0.079771
v -0.131318 -0.048945 0.070198
v -0.177310 0.035685 0.075350
v 0.200839 -0.054269 0.045279
v 0.236807 0.020938 0.050555
v -0.179741 0.060563 0.073194
v 0.236682 0.041847 0.050799
v -0.049413 -0.054802 0.069830
v -0.041103 0.038685 0.075590
v -0.179741 0.085612 0.055525
v -0.041616 0.066843 0.055525
v 0.007982 0.009904 0.111059
v 0.073119 0.009904 0.111059
v 0.046270 -0.054802 -0.000000
v 0.141138 -0.054802 -0.000000
v 0.059154 -0.054331 0.090565
v -0.006953 -0.054331 0.090544
v 0.012351 0.033248 0.111145
v 0.065136 0.033248 0.111145
v 0.106806 -0.054802 0.070732
v 0.019310 -0.054802 0.069830
v 0.114320 -0.054323 0.086992
v 0.170666 -0.054277 0.063642
v 0.130683 0.010927 0.106299
v 0.190830 0.017065 0.075115
v 0.190019 0.037637 0.074727
v 0.128848 0.032656 0.107372
v 0.211755 0.038040 0.049500
v 0.264886 0.071332 -0.000000
v -0.036243 0.037084 0.088619
v 0.015639 0.038683 0.089328
v 0.066367 0.038683 0.089328
v 0.121678 0.037114 0.087505
v 0.172751 0.034780 0.066658
v -0.004245 0.039103 0.107393
v -0.026989 0.039103 0.107393
v -0.024691 0.044503 0.095191
v -0.003954 0.044503 0.095191
v 0.048991 0.039103 0.107393
v 0.028935 0.039103 0.107393
v 0.030821 0.044503 0.095191
v 0.049006 0.044503 0.095191
v 0.109374 0.039103 0.107393
v 0.083802 0.039103 0.107393
v 0.084740 0.044503 0.095191
v 0.106311 0.044503 0.095191
v -0.033688 -0.002957 0.063924
v -0.031698 -0.009389 -0.000000
v 0.007397 -0.009269 0.051942
v 0.017004 -0.007428 0.033527
v 0.094666 0.003617 -0.000000
v 0.117357 -0.007428 -0.000000
v 0.110147 -0.009179 0.052867
v 0.093367 -0.007428 0.033527
v 0.133602 -0.006060 -0.000000
v 0.004162 -0.007428 -0.000000
v 0.025419 0.003617 -0.000000
v 0.031761 0.002185 0.024170
v 0.080437 0.002185 0.024170
v -0.016742 -0.009269 0.060830
v -0.013661 -0.009269 -0.000000
v 0.167986 -0.000898 0.046721
v 0.202916 0.021040 -0.000000
v -0.003506 -0.009269 -0.000000
v -0.026551 -0.002957 0.073168
v 0.025381 -0.002957 0.072685
v 0.072090 -0.002957 0.072686
v 0.109544 -0.002957 0.070960
v 0.142957 -0.002957 0.058659
v -0.166204 -0.006607 -0.000000
v -0.142567 -0.016538 0.094393
v 0.254954 -0.012505 -0.000000
v -0.059578 -0.021152 0.100866
v 0.216657 -0.016919 0.047933
v -0.160296 -0.007948 0.072774
v 0.000562 -0.021698 0.101528
v 0.066958 -0.021698 0.101528
v 0.181297 -0.017879 0.069663
v 0.123161 -0.021152 0.097301
v -0.130464 -0.048777 0.030158
v 0.276836 0.039773 0.021256
v 0.278216 0.063364 0.021401
v -0.039107 -0.054802 0.030014
v -0.037977 0.034916 0.026106
v -0.038912 0.066843 0.023013
v -0.184728 0.038199 0.032172
v 0.221387 -0.054268 0.019270
v -0.187653 0.063244 0.031153
v -0.187653 0.088294 0.023013
v 0.037363 -0.054802 0.030014
v 0.128620 -0.054802 0.028649
v 0.246472 0.058686 0.021208
v -0.033518 -0.005306 0.029825
v 0.113009 -0.007428 0.014870
v 0.004276 -0.007428 0.014870
v 0.091838 0.003617 0.011035
v 0.025117 0.003617 0.011035
v 0.190613 0.012707 0.020272
v -0.014334 -0.009269 0.026920
v 0.128542 -0.007174 0.020719
v -0.003509 -0.009269 0.021642
v -0.164252 -0.006607 0.031165
v 0.241940 -0.014182 0.020249
v -0.045502 0.029256 0.022858
v -0.046165 0.034071 -0.000000
v -0.042724 -0.003801 -0.000000
v -0.042868 0.001202 0.022622
vt 0.420813 0.561653
vt 0.451950 0.564610
vt 0.445825 0.584106
vt 0.411624 0.582085
vt 0.382372 0.580561
vt 0.393858 0.559427
vt 0.650910 0.011780
vt 0.676483 0.002889
vt 0.662971 0.030440
vt 0.639877 0.036667
vt 0.613922 0.045007
vt 0.621649 0.023672
vt 0.660927 0.397140
vt 0.662762 0.441321
vt 0.646291 0.440558
vt 0.644536 0.399203
vt 0.644921 0.357064
vt 0.661326 0.353547
vt 0.677137 0.345752
vt 0.673064 0.393416
vt 0.676054 0.438101
vt 0.635340 0.792762
vt 0.637785 0.748212
vt 0.653058 0.747798
vt 0.651358 0.787517
vt 0.649653 0.824341
vt 0.632999 0.834422
vt 0.619019 0.838367
vt 0.621773 0.794631
vt 0.624723 0.748010
vt 0.325047 0.671248
vt 0.325665 0.649683
vt 0.342387 0.644670
vt 0.341769 0.668948
vt 0.341503 0.689854
vt 0.324781 0.689816
vt 0.307288 0.689776
vt 0.307554 0.674326
vt 0.308172 0.656378
vt 0.450470 0.489079
vt 0.452735 0.421524
vt 0.473964 0.408740
vt 0.468660 0.476817
vt 0.461711 0.543135
vt 0.447444 0.553962
vt 0.435121 0.558663
vt 0.434763 0.494408
vt 0.434406 0.427086
vt 0.670485 0.096842
vt 0.664678 0.173083
vt 0.648212 0.171625
vt 0.653682 0.097269
vt 0.680345 0.028439
vt 0.695128 0.024809
vt 0.682826 0.096975
vt 0.680303 0.184978
vt 0.715039 0.612302
vt 0.733196 0.639458
vt 0.729406 0.657254
vt 0.711266 0.628253
vt 0.695876 0.596013
vt 0.699691 0.582132
vt 0.205296 0.076107
vt 0.224320 0.105655
vt 0.222542 0.127765
vt 0.204282 0.101359
vt 0.185105 0.077694
vt 0.185973 0.049625
vt 0.356946 0.668203
vt 0.357564 0.643021
vt 0.377259 0.643217
vt 0.376680 0.668285
vt 0.376430 0.689873
vt 0.356680 0.689889
vt 0.662500 0.225032
vt 0.662126 0.266012
vt 0.645783 0.262758
vt 0.646157 0.221757
vt 0.674584 0.227046
vt 0.677835 0.269328
vt 0.451896 0.098449
vt 0.451841 0.034014
vt 0.474256 0.033464
vt 0.474192 0.095633
vt 0.474565 0.165853
vt 0.452281 0.171122
vt 0.433060 0.173446
vt 0.432669 0.099716
vt 0.432517 0.034305
vt 0.632301 0.098773
vt 0.608630 0.100816
vt 0.627830 0.168651
vt 0.605489 0.164917
vt 0.107171 0.617445
vt 0.001697 0.611932
vt 0.003970 0.594172
vt 0.106915 0.599531
vt 0.209859 0.604889
vt 0.212645 0.622957
vt 0.213422 0.638434
vt 0.106857 0.632855
vt 0.000293 0.627276
vt 0.832740 0.721507
vt 0.834929 0.746123
vt 0.814418 0.732647
vt 0.817680 0.708837
vt 0.808485 0.684011
vt 0.831324 0.705349
vt 0.708418 0.189464
vt 0.705151 0.179770
vt 0.729504 0.165237
vt 0.730939 0.189995
vt 0.853486 0.739548
vt 0.853409 0.761708
vt 0.725793 0.097818
vt 0.722261 0.052502
vt 0.734436 0.029390
vt 0.729565 0.097924
vt 0.102969 0.506271
vt 0.102791 0.509906
vt 0.038344 0.511255
vt 0.059893 0.500930
vt 0.720583 0.142968
vt 0.720690 0.128520
vt 0.722022 0.097713
vt 0.721291 0.066905
vt 0.534987 0.756445
vt 0.535371 0.768803
vt 0.528593 0.767790
vt 0.526644 0.754907
vt 0.525852 0.742276
vt 0.534807 0.744259
vt 0.543331 0.744655
vt 0.543331 0.757983
vt 0.541776 0.771129
vt 0.706054 0.157760
vt 0.692652 0.142415
vt 0.696640 0.128161
vt 0.709042 0.129593
vt 0.690823 0.097149
vt 0.697736 0.052051
vt 0.544183 0.667998
vt 0.539856 0.713300
vt 0.536777 0.698858
vt 0.537256 0.668039
vt 0.536952 0.637226
vt 0.544183 0.622759
vt 0.710562 0.037207
vt 0.715467 0.013912
vt 0.709628 0.065464
vt 0.697391 0.066550
vt 0.538850 0.590711
vt 0.537828 0.622759
vt 0.526713 0.618959
vt 0.525852 0.590140
vt 0.528547 0.561443
vt 0.539872 0.558663
vt 0.551848 0.562461
vt 0.551848 0.591282
vt 0.550015 0.619978
vt 0.531579 0.668008
vt 0.530922 0.640193
vt 0.530937 0.695846
vt 0.525868 0.696768
vt 0.525902 0.667976
vt 0.525852 0.639210
vt 0.517368 0.700184
vt 0.517736 0.672371
vt 0.525010 0.669223
vt 0.525800 0.700016
vt 0.525800 0.730845
vt 0.518413 0.728017
vt 0.510821 0.729117
vt 0.508936 0.700353
vt 0.510121 0.671566
vt 0.725199 0.761967
vt 0.724922 0.774752
vt 0.716230 0.776251
vt 0.716898 0.763589
vt 0.718383 0.750807
vt 0.725010 0.750489
vt 0.731435 0.747946
vt 0.733499 0.760346
vt 0.733499 0.774090
vt 0.835622 0.774624
vt 0.835574 0.802097
vt 0.809076 0.804362
vt 0.813566 0.767305
vt 0.853347 0.785981
vt 0.853299 0.808839
vt 0.104508 0.530626
vt 0.014150 0.525583
vt 0.168097 0.518917
vt 0.194866 0.535669
vt 0.201475 0.557521
vt 0.105886 0.552498
vt 0.010297 0.547474
vt 0.546082 0.081915
vt 0.546713 0.030965
vt 0.554595 0.040505
vt 0.557837 0.075877
vt 0.558156 0.128757
vt 0.546390 0.140005
vt 0.529598 0.150625
vt 0.529263 0.087517
vt 0.529667 0.031923
vt 0.694683 0.000000
vt 0.375270 0.558663
vt 0.363018 0.580031
vt 0.347841 0.583651
vt 0.360093 0.562179
vt 0.710347 0.000191
vt 0.700333 0.633495
vt 0.718467 0.663111
vt 0.696983 0.655010
vt 0.680863 0.627133
vt 0.667139 0.595979
vt 0.684929 0.600565
vt 0.624477 0.395729
vt 0.602585 0.389485
vt 0.602964 0.348093
vt 0.624857 0.354179
vt 0.625926 0.436021
vt 0.603613 0.429596
vt 0.728312 0.000541
vt 0.343371 0.572793
vt 0.331120 0.594578
vt 0.313626 0.609159
vt 0.325878 0.586956
vt 0.747427 0.000970
vt 0.551518 0.355904
vt 0.548397 0.330597
vt 0.559146 0.307668
vt 0.559447 0.348308
vt 0.554626 0.387578
vt 0.546322 0.381210
vt 0.532045 0.376830
vt 0.408124 0.612198
vt 0.443492 0.613474
vt 0.443097 0.644429
vt 0.407533 0.643741
vt 0.377998 0.611234
vt 0.546637 0.186695
vt 0.558394 0.171183
vt 0.558610 0.211943
vt 0.546876 0.231608
vt 0.530126 0.250139
vt 0.529867 0.201347
vt 0.547156 0.284371
vt 0.558864 0.259825
vt 0.530430 0.307459
vt 0.678909 0.567415
vt 0.661691 0.564298
vt 0.658683 0.528638
vt 0.675783 0.530753
vt 0.687061 0.527694
vt 0.689911 0.563568
vt 0.661730 0.309344
vt 0.645353 0.309721
vt 0.673848 0.307610
vt 0.452591 0.229533
vt 0.474864 0.222293
vt 0.475152 0.276585
vt 0.452889 0.285721
vt 0.433677 0.289712
vt 0.433374 0.232706
vt 0.453239 0.351728
vt 0.475490 0.340365
vt 0.434032 0.356680
vt 0.626112 0.216851
vt 0.604215 0.211129
vt 0.625738 0.257790
vt 0.603842 0.251965
vt 0.625298 0.305882
vt 0.603404 0.299936
vt 0.583817 0.467271
vt 0.607393 0.473907
vt 0.611552 0.514629
vt 0.586687 0.507203
vt 0.562520 0.499029
vt 0.560921 0.460263
vt 0.559651 0.416752
vt 0.581301 0.423171
vt 0.669057 0.487290
vt 0.681020 0.485171
vt 0.652278 0.485548
vt 0.639062 0.555172
vt 0.613719 0.543970
vt 0.636412 0.522519
vt 0.642793 0.582443
vt 0.615709 0.566482
vt 0.813989 0.706910
vt 0.808205 0.719855
vt 0.283019 0.496743
vt 0.270364 0.494215
vt 0.276402 0.486889
vt 0.291451 0.496225
vt 0.304494 0.500930
vt 0.281386 0.497295
vt 0.518409 0.454853
vt 0.511362 0.450925
vt 0.528149 0.428770
vt 0.522739 0.469348
vt 0.510129 0.495384
vt 0.497555 0.513181
vt 0.538457 0.411456
vt 0.539994 0.430857
vt 0.965433 0.003578
vt 0.965683 0.014840
vt 0.936995 0.007370
vt 0.940700 0.000000
vt 0.782900 0.731002
vt 0.782881 0.743183
vt 0.756488 0.749663
vt 0.756530 0.739114
vt 0.991315 0.009262
vt 0.991503 0.021098
vt 0.965894 0.314196
vt 0.961757 0.337044
vt 0.935288 0.366594
vt 0.940017 0.339744
vt 0.940537 0.310048
vt 0.966153 0.288928
vt 0.991995 0.266599
vt 0.991800 0.287417
vt 0.988616 0.302887
vt 0.966744 0.191817
vt 0.966787 0.226115
vt 0.938177 0.236064
vt 0.939803 0.195829
vt 0.935667 0.155975
vt 0.966553 0.157933
vt 0.992280 0.163946
vt 0.992470 0.190986
vt 0.992480 0.218187
vt 0.201233 0.134495
vt 0.182509 0.114362
vt 0.218663 0.156963
vt 0.215564 0.190763
vt 0.198707 0.173943
vt 0.180106 0.158131
vt 0.966520 0.259027
vt 0.941571 0.274904
vt 0.992294 0.243946
vt 0.966374 0.126264
vt 0.939378 0.120555
vt 0.935252 0.082514
vt 0.966179 0.091776
vt 0.991898 0.096304
vt 0.992091 0.132563
vt 0.965940 0.049437
vt 0.938938 0.042702
vt 0.991700 0.054630
vt 0.271663 0.208077
vt 0.252766 0.168805
vt 0.257367 0.159237
vt 0.279698 0.201223
vt 0.302060 0.247771
vt 0.287662 0.242658
vt 0.274951 0.258200
vt 0.260860 0.219330
vt 0.245977 0.184215
vt 0.238564 0.135610
vt 0.224655 0.091705
vt 0.240552 0.123741
vt 0.234822 0.154539
vt 0.293365 0.456047
vt 0.293305 0.437833
vt 0.302531 0.440571
vt 0.303505 0.457080
vt 0.302518 0.473508
vt 0.293291 0.474244
vt 0.286085 0.470233
vt 0.284101 0.455058
vt 0.286097 0.440204
vt 0.681854 0.228167
vt 0.683181 0.201497
vt 0.686983 0.212545
vt 0.687066 0.228954
vt 0.686683 0.245475
vt 0.682688 0.255437
vt 0.293085 0.487347
vt 0.282735 0.478148
vt 0.304915 0.484448
vt 0.926912 0.040081
vt 0.928710 0.063040
vt 0.279293 0.454312
vt 0.282753 0.431328
vt 0.928445 0.016220
vt 0.293109 0.424681
vt 0.292979 0.414397
vt 0.307259 0.416480
vt 0.304936 0.430496
vt 0.277539 0.411773
vt 0.293395 0.377284
vt 0.293334 0.361275
vt 0.302560 0.363479
vt 0.303535 0.378030
vt 0.302549 0.392522
vt 0.293322 0.393275
vt 0.286116 0.389845
vt 0.284131 0.376564
vt 0.286126 0.363510
vt 0.681130 0.307377
vt 0.682429 0.283817
vt 0.686243 0.293514
vt 0.686343 0.307986
vt 0.685978 0.322550
vt 0.681994 0.331405
vt 0.293117 0.404788
vt 0.282766 0.396833
vt 0.304946 0.402110
vt 0.927355 0.118381
vt 0.929136 0.138557
vt 0.279323 0.376013
vt 0.282782 0.355812
vt 0.928904 0.097536
vt 0.293137 0.349713
vt 0.293007 0.339877
vt 0.307288 0.340040
vt 0.304964 0.354512
vt 0.277566 0.338312
vt 0.293426 0.295447
vt 0.293366 0.275898
vt 0.302593 0.276036
vt 0.303566 0.294523
vt 0.302579 0.313067
vt 0.293351 0.314979
vt 0.286145 0.311762
vt 0.284161 0.296303
vt 0.286157 0.280526
vt 0.680358 0.391909
vt 0.681721 0.361212
vt 0.685517 0.372951
vt 0.685580 0.391475
vt 0.685179 0.409974
vt 0.681163 0.422297
vt 0.293145 0.329044
vt 0.282795 0.320529
vt 0.304976 0.324699
vt 0.927802 0.197505
vt 0.929607 0.221857
vt 0.279353 0.296889
vt 0.282813 0.272512
vt 0.929335 0.173840
vt 0.293170 0.261784
vt 0.304999 0.263600
vt 0.551458 0.653987
vt 0.551333 0.626690
vt 0.559413 0.622759
vt 0.558733 0.653833
vt 0.559413 0.681544
vt 0.552138 0.681697
vt 0.548225 0.674809
vt 0.544183 0.654141
vt 0.547594 0.634064
vt 0.192544 0.433495
vt 0.175337 0.433639
vt 0.170927 0.427772
vt 0.185011 0.427625
vt 0.196723 0.409339
vt 0.206853 0.413708
vt 0.222025 0.423233
vt 0.200635 0.439030
vt 0.180137 0.439027
vt 0.211643 0.354664
vt 0.200645 0.354805
vt 0.196765 0.298757
vt 0.206898 0.294136
vt 0.223366 0.274439
vt 0.224501 0.354998
vt 0.161915 0.260092
vt 0.175400 0.264401
vt 0.170986 0.270312
vt 0.159950 0.265912
vt 0.150435 0.264016
vt 0.150290 0.258234
vt 0.150553 0.240504
vt 0.163784 0.242707
vt 0.179101 0.247820
vt 0.517369 0.613991
vt 0.517394 0.563630
vt 0.525852 0.558663
vt 0.525852 0.614784
vt 0.525005 0.669223
vt 0.516634 0.662878
vt 0.510516 0.647500
vt 0.508936 0.612566
vt 0.511056 0.577024
vt 0.158186 0.347968
vt 0.158367 0.298218
vt 0.166557 0.301080
vt 0.166019 0.349450
vt 0.166521 0.397701
vt 0.158329 0.397395
vt 0.151268 0.397264
vt 0.151434 0.347329
vt 0.151306 0.296984
vt 0.179947 0.283565
vt 0.168126 0.278619
vt 0.185068 0.275927
vt 0.189766 0.303986
vt 0.184592 0.317575
vt 0.177008 0.304731
vt 0.158806 0.419902
vt 0.168073 0.419800
vt 0.159889 0.427887
vt 0.150373 0.427936
vt 0.150818 0.419945
vt 0.169041 0.467045
vt 0.189940 0.467913
vt 0.191748 0.482524
vt 0.170055 0.480289
vt 0.150197 0.479847
vt 0.150211 0.466652
vt 0.150216 0.453728
vt 0.167552 0.454025
vt 0.187426 0.454704
vt 0.223638 0.228795
vt 0.224912 0.206180
vt 0.231887 0.226988
vt 0.228058 0.246014
vt 0.216126 0.226676
vt 0.165934 0.445233
vt 0.164071 0.439024
vt 0.184163 0.445561
vt 0.150220 0.445092
vt 0.150222 0.439022
vt 0.242125 0.440828
vt 0.238800 0.405080
vt 0.251211 0.397253
vt 0.252029 0.438925
vt 1.000000 0.052626
vt 1.000000 0.029201
vt 0.245080 0.464248
vt 0.234297 0.458191
vt 0.228984 0.444924
vt 0.237705 0.356947
vt 0.238836 0.314199
vt 0.251237 0.329612
vt 0.250946 0.360994
vt 0.164583 0.199185
vt 0.165527 0.145739
vt 0.179820 0.207507
vt 0.151340 0.195598
vt 0.152757 0.140397
vt 0.234927 0.258457
vt 0.238147 0.275458
vt 0.241447 0.249627
vt 0.248872 0.275374
vt 0.242188 0.294604
vt 0.252083 0.302570
vt 0.747547 0.742952
vt 0.747427 0.752456
vt 0.245064 0.475396
vt 0.236049 0.471118
vt 0.999937 0.018054
vt 0.588358 0.534625
vt 0.563694 0.525265
vt 0.589700 0.554619
vt 0.564924 0.543264
vt 0.630968 0.480543
vt 0.581509 0.293989
vt 0.560268 0.288940
vt 0.560705 0.241065
vt 0.581946 0.246139
vt 0.581070 0.342007
vt 0.559827 0.336775
vt 0.582319 0.205407
vt 0.561078 0.200312
vt 0.561478 0.157894
vt 0.583149 0.161184
vt 0.504285 0.002279
vt 0.502857 0.032762
vt 0.475266 0.001179
vt 0.478859 0.614749
vt 0.478662 0.645117
vt 0.480025 0.586128
vt 0.508385 0.587417
vt 0.508265 0.615465
vt 0.580693 0.383242
vt 0.559447 0.377407
vt 0.584959 0.102859
vt 0.561997 0.105024
vt 0.573694 0.069927
vt 0.587967 0.053348
vt 0.639427 0.715493
vt 0.640753 0.689514
vt 0.655180 0.690677
vt 0.654161 0.716672
vt 0.626781 0.714615
vt 0.628369 0.688651
vt 0.483088 0.567567
vt 0.508936 0.569576
vt 0.592389 0.035563
vt 0.549282 0.005698
vt 0.559447 0.023710
vt 0.672962 0.718176
vt 0.673588 0.692161
vt 0.691471 0.693682
vt 0.691516 0.719752
vt 0.691956 0.747189
vt 0.672546 0.747269
vt 0.452522 0.000317
vt 0.432918 0.000000
vt 0.478507 0.668918
vt 0.478440 0.689430
vt 0.442655 0.689594
vt 0.442788 0.668691
vt 0.199260 0.218125
vt 0.198643 0.254344
vt 0.207421 0.445980
vt 0.212377 0.455551
vt 0.214975 0.468947
vt 0.239068 0.482793
vt 0.217679 0.481462
vt 0.179896 0.419671
vt 0.189729 0.403254
vt 0.176973 0.398091
vt 0.184565 0.388065
vt 0.158861 0.274743
vt 0.150873 0.273073
vt 0.176013 0.351342
vt 0.185803 0.353126
vt 0.192606 0.269899
vt 0.161850 0.433751
vt 0.150224 0.433800
vt 0.782846 0.768064
vt 0.782803 0.799296
vt 0.753230 0.799040
vt 0.756451 0.772088
vt 0.167834 0.098582
vt 0.154914 0.091780
vt 0.156812 0.051154
vt 0.170076 0.059148
vt 0.503881 0.325866
vt 0.503558 0.264928
vt 0.501051 0.392428
vt 0.503283 0.213055
vt 0.502997 0.159131
vt 0.407070 0.668463
vt 0.406870 0.689758
vt 0.631669 0.858470
vt 0.617552 0.863107
vt 0.732680 0.686323
vt 0.709617 0.676858
vt 0.743623 0.679983
vt 0.631124 0.870094
vt 0.617009 0.874737
vt 0.835536 0.823629
vt 0.835520 0.842182
vt 0.817795 0.842175
vt 0.817811 0.820503
vt 0.853261 0.826754
vt 0.853245 0.842190
vt 0.106587 0.576674
vt 0.006870 0.571511
vt 0.206304 0.581836
vt 0.502641 0.092039
vt 0.358352 0.610890
vt 0.343175 0.613693
vt 0.170827 0.028870
vt 0.157451 0.019924
vt 0.157248 0.000000
vt 0.170622 0.009569
vt 0.747427 0.660741
vt 0.491868 0.461173
vt 0.479915 0.529320
vt 0.326454 0.622167
vt 0.308960 0.633477
vt 0.671797 0.780826
vt 0.692286 0.775673
vt 0.692286 0.801239
vt 0.670903 0.811478
vt 0.034594 0.786897
vt 0.034623 0.765807
vt 0.054279 0.774895
vt 0.060986 0.786689
vt 0.060970 0.807984
vt 0.034580 0.807981
vt 0.008417 0.808030
vt 0.008430 0.787066
vt 0.015347 0.775272
vt 0.300344 0.650932
vt 0.300242 0.666716
vt 0.293003 0.667056
vt 0.293104 0.651134
vt 0.292548 0.629474
vt 0.299788 0.629456
vt 0.070087 0.786566
vt 0.070071 0.808053
vt 0.061352 0.770562
vt 0.170249 0.489754
vt 0.150164 0.489296
vt 0.185921 0.491381
vt 0.000013 0.787068
vt 0.008792 0.771160
vt 0.000000 0.808115
vt 0.420813 0.817420
vt 0.411624 0.797109
vt 0.445825 0.794867
vt 0.451950 0.814283
vt 0.833970 0.670315
vt 0.804413 0.657746
vt 0.798942 0.636001
vt 0.825450 0.644913
vt 0.848978 0.651659
vt 0.859785 0.679804
vt 0.393858 0.819765
vt 0.382372 0.798782
vt 0.858833 0.284611
vt 0.842121 0.282173
vt 0.843892 0.240994
vt 0.860738 0.240610
vt 0.873967 0.244169
vt 0.870845 0.288650
vt 0.873565 0.336434
vt 0.858147 0.328209
vt 0.841458 0.324317
vt 0.608688 0.791195
vt 0.593789 0.784133
vt 0.597080 0.744507
vt 0.611869 0.746688
vt 0.605794 0.832822
vt 0.590890 0.820886
vt 0.325047 0.708339
vt 0.341769 0.710716
vt 0.342387 0.734891
vt 0.325665 0.729801
vt 0.308172 0.723026
vt 0.307554 0.705181
vt 0.418999 0.489253
vt 0.400681 0.477193
vt 0.394654 0.409178
vt 0.416018 0.421728
vt 0.422748 0.554099
vt 0.408367 0.543430
vt 0.859811 0.585252
vt 0.842716 0.584431
vt 0.839875 0.509848
vt 0.856731 0.508769
vt 0.872299 0.497321
vt 0.871933 0.585464
vt 0.881040 0.658110
vt 0.866544 0.654076
vt 0.105577 0.076107
vt 0.105380 0.060099
vt 0.126600 0.031771
vt 0.126800 0.049625
vt 0.126476 0.077694
vt 0.105479 0.101359
vt 0.085701 0.127765
vt 0.084969 0.105655
vt 0.084223 0.091705
vt 0.356946 0.711531
vt 0.376680 0.711419
vt 0.377259 0.736390
vt 0.357564 0.736610
vt 0.856123 0.456736
vt 0.839327 0.459638
vt 0.839972 0.418633
vt 0.856768 0.415753
vt 0.872362 0.412865
vt 0.868225 0.455038
vt 0.413430 0.098662
vt 0.391105 0.096092
vt 0.390771 0.033925
vt 0.413191 0.034228
vt 0.413816 0.171335
vt 0.391477 0.166313
vt 0.820604 0.582473
vt 0.795983 0.579947
vt 0.794852 0.515722
vt 0.818494 0.512413
vt 0.105474 0.648200
vt 0.103249 0.665963
vt 0.000304 0.660605
vt 0.000000 0.642688
vt 0.210948 0.653712
vt 0.206193 0.671322
vt 0.832740 0.962621
vt 0.817680 0.975283
vt 0.814418 0.951560
vt 0.834929 0.938082
vt 0.853409 0.922512
vt 0.853486 0.944597
vt 0.001670 0.749185
vt 0.002872 0.729969
vt 0.025328 0.747132
vt 0.009698 0.765807
vt 0.831324 0.978523
vt 0.808485 1.000000
vt 0.088951 0.760321
vt 0.089197 0.756280
vt 0.155082 0.754794
vt 0.131995 0.765202
vt 0.118128 0.765807
vt 0.088704 0.764362
vt 0.059302 0.762276
vt 0.045545 0.760951
vt 0.534937 0.728065
vt 0.526600 0.729659
vt 0.528446 0.716752
vt 0.535149 0.715657
vt 0.541565 0.713300
vt 0.543274 0.726470
vt 0.543274 0.739755
vt 0.534728 0.740198
vt 0.525852 0.742276
vt 0.894734 0.525523
vt 0.893955 0.503546
vt 0.915347 0.519025
vt 0.907628 0.540844
vt 0.907449 0.555283
vt 0.896473 0.553832
vt 0.884576 0.554878
vt 0.882078 0.540383
vt 0.879130 0.585594
vt 0.292548 0.546170
vt 0.292795 0.500930
vt 0.300382 0.515390
vt 0.300059 0.546203
vt 0.300593 0.577020
vt 0.297582 0.591466
vt 0.884222 0.630951
vt 0.895689 0.646245
vt 0.899331 0.669747
vt 0.883763 0.616504
vt 0.895463 0.617967
vt 0.906510 0.616907
vt 0.906917 0.631358
vt 0.916915 0.654978
vt 0.704258 0.718385
vt 0.692286 0.718065
vt 0.694733 0.689341
vt 0.705018 0.686323
vt 0.716230 0.689914
vt 0.716230 0.718705
vt 0.714866 0.747456
vt 0.703498 0.750447
vt 0.693369 0.746882
vt 0.305161 0.546165
vt 0.305999 0.518350
vt 0.557391 0.587543
vt 0.558927 0.615346
vt 0.553596 0.616211
vt 0.551848 0.587444
vt 0.553596 0.558663
vt 0.558927 0.559703
vt 0.305999 0.574003
vt 0.724430 0.716996
vt 0.732630 0.717151
vt 0.731941 0.747946
vt 0.724920 0.744810
vt 0.717497 0.745627
vt 0.716230 0.716841
vt 0.718103 0.688075
vt 0.725505 0.689163
vt 0.732630 0.686323
vt 0.701189 0.764768
vt 0.692911 0.763118
vt 0.692286 0.750447
vt 0.700885 0.752010
vt 0.709467 0.752688
vt 0.709467 0.766419
vt 0.707260 0.778870
vt 0.700838 0.776313
vt 0.694294 0.775940
vt 0.835622 0.909641
vt 0.813566 0.916968
vt 0.809076 0.879965
vt 0.835574 0.882215
vt 0.853299 0.875487
vt 0.853347 0.898299
vt 0.093230 0.735011
vt 0.001453 0.707757
vt 0.097042 0.712781
vt 0.192631 0.717805
vt 0.183588 0.740054
vt 0.319074 0.083170
vt 0.307288 0.077263
vt 0.310672 0.041854
vt 0.318249 0.032228
vt 0.335336 0.032998
vt 0.335951 0.088586
vt 0.336286 0.151693
vt 0.319382 0.141260
vt 0.307528 0.130143
vt 0.878113 0.683135
vt 0.893329 0.683402
vt 0.375270 0.820525
vt 0.360093 0.816939
vt 0.347841 0.795627
vt 0.363018 0.799317
vt 0.887885 0.051312
vt 0.868111 0.057191
vt 0.881868 0.030111
vt 0.903688 0.022546
vt 0.914534 0.028677
vt 0.898740 0.056828
vt 0.885644 0.088284
vt 0.874786 0.083454
vt 0.856716 0.087604
vt 0.821001 0.285253
vt 0.820346 0.326807
vt 0.797024 0.332489
vt 0.797676 0.291092
vt 0.798799 0.251125
vt 0.822485 0.245123
vt 0.909806 0.683699
vt 0.926912 0.684011
vt 0.343371 0.806249
vt 0.325878 0.792005
vt 0.313626 0.769963
vt 0.331120 0.784624
vt 0.316545 0.357203
vt 0.308566 0.349695
vt 0.308436 0.309054
vt 0.319398 0.331863
vt 0.336238 0.377912
vt 0.322009 0.382451
vt 0.313804 0.388910
vt 0.408124 0.767108
vt 0.407533 0.735664
vt 0.443097 0.734685
vt 0.443492 0.765575
vt 0.377998 0.768250
vt 0.319630 0.187950
vt 0.307740 0.172569
vt 0.336555 0.202416
vt 0.336814 0.251208
vt 0.319868 0.232864
vt 0.307956 0.213328
vt 0.320148 0.285626
vt 0.308210 0.261211
vt 0.337118 0.308528
vt 0.870515 0.116127
vt 0.853017 0.118826
vt 0.881359 0.120263
vt 0.880235 0.155734
vt 0.869229 0.152362
vt 0.851827 0.154068
vt 0.857451 0.372416
vt 0.840712 0.371665
vt 0.869494 0.374465
vt 0.414125 0.229745
vt 0.391777 0.222752
vt 0.414423 0.285934
vt 0.392065 0.277044
vt 0.414773 0.351941
vt 0.392403 0.340824
vt 0.818183 0.464149
vt 0.794867 0.469466
vt 0.795510 0.428627
vt 0.818828 0.423206
vt 0.819586 0.375109
vt 0.796265 0.380651
vt 0.776207 0.213409
vt 0.777107 0.173924
vt 0.802946 0.167040
vt 0.800972 0.207252
vt 0.775113 0.257126
vt 0.752087 0.263140
vt 0.752136 0.219953
vt 0.751994 0.181567
vt 0.865086 0.195192
vt 0.876619 0.197666
vt 0.847956 0.196542
vt 0.829695 0.127427
vt 0.828793 0.159691
vt 0.803475 0.138051
vt 0.803739 0.115877
vt 0.831674 0.100557
vt 0.813989 0.977221
vt 0.808204 0.964339
vt 0.024990 0.496743
vt 0.027047 0.497295
vt 0.002862 0.500930
vt 0.016436 0.496225
vt 0.031418 0.486889
vt 0.036987 0.494215
vt 0.350701 0.455780
vt 0.340685 0.429807
vt 0.357707 0.451774
vt 0.372208 0.513874
vt 0.359445 0.496217
vt 0.346559 0.470322
vt 0.330194 0.412608
vt 0.328896 0.432024
vt 0.256707 0.862503
vt 0.230516 0.866334
vt 0.225819 0.858920
vt 0.256138 0.851156
vt 0.283140 0.844595
vt 0.283555 0.856485
vt 0.782900 0.953272
vt 0.756530 0.945297
vt 0.756488 0.934789
vt 0.782881 0.941110
vt 0.256913 0.552559
vt 0.230187 0.527431
vt 0.227015 0.500930
vt 0.254155 0.530017
vt 0.281629 0.563686
vt 0.283560 0.578900
vt 0.282989 0.599568
vt 0.256163 0.577633
vt 0.229427 0.556884
vt 0.254280 0.674190
vt 0.226073 0.670515
vt 0.223746 0.630312
vt 0.254323 0.639970
vt 0.281578 0.647614
vt 0.281485 0.674742
vt 0.281838 0.701794
vt 0.254606 0.708067
vt 0.222081 0.710370
vt 0.105222 0.134495
vt 0.125537 0.114362
vt 0.124063 0.158131
vt 0.104262 0.173943
vt 0.086405 0.190763
vt 0.086467 0.156963
vt 0.255125 0.607277
vt 0.228680 0.591698
vt 0.282151 0.622017
vt 0.254911 0.739729
vt 0.226798 0.745771
vt 0.282171 0.733175
vt 0.282489 0.769421
vt 0.255243 0.774209
vt 0.222788 0.783815
vt 0.255651 0.816538
vt 0.227548 0.823606
vt 0.282798 0.811067
vt 0.036680 0.208077
vt 0.027967 0.201223
vt 0.050787 0.159237
vt 0.055868 0.168805
vt 0.061702 0.184215
vt 0.046727 0.219330
vt 0.033046 0.258200
vt 0.020527 0.242658
vt 0.005232 0.247771
vt 0.070182 0.135610
vt 0.067782 0.123741
vt 0.072901 0.154539
vt 0.015514 0.456047
vt 0.004699 0.457080
vt 0.005646 0.440571
vt 0.015454 0.437833
vt 0.022944 0.440204
vt 0.025168 0.455058
vt 0.022933 0.470233
vt 0.015440 0.474244
vt 0.005634 0.473508
vt 0.875288 0.454132
vt 0.875640 0.480871
vt 0.876490 0.426926
vt 0.879849 0.437038
vt 0.879971 0.453547
vt 0.879330 0.469971
vt 0.015234 0.487347
vt 0.026114 0.478148
vt 0.002808 0.484448
vt 0.214938 0.826365
vt 0.215828 0.803309
vt 0.216279 0.850118
vt 0.029749 0.454313
vt 0.026132 0.431328
vt 0.015258 0.424681
vt 0.002829 0.430496
vt 0.000000 0.416480
vt 0.015127 0.414397
vt 0.030593 0.411773
vt 0.015544 0.377284
vt 0.004728 0.378031
vt 0.005675 0.363479
vt 0.015483 0.361275
vt 0.022973 0.363510
vt 0.025198 0.376564
vt 0.022963 0.389845
vt 0.015470 0.393276
vt 0.005664 0.392522
vt 0.876535 0.374914
vt 0.876937 0.398543
vt 0.877687 0.350950
vt 0.881063 0.359954
vt 0.881216 0.374507
vt 0.880605 0.388994
vt 0.015265 0.404788
vt 0.026145 0.396833
vt 0.002839 0.402110
vt 0.214184 0.748083
vt 0.215100 0.727809
vt 0.215496 0.768821
vt 0.029779 0.376013
vt 0.026161 0.355812
vt 0.015286 0.349714
vt 0.002857 0.354512
vt 0.000029 0.340040
vt 0.015156 0.339877
vt 0.030620 0.338313
vt 0.015574 0.295447
vt 0.004760 0.294523
vt 0.005708 0.276036
vt 0.015515 0.275898
vt 0.023004 0.280526
vt 0.025228 0.296303
vt 0.022992 0.311762
vt 0.015500 0.314979
vt 0.005694 0.313067
vt 0.877867 0.290373
vt 0.878156 0.321140
vt 0.879118 0.260049
vt 0.882439 0.272521
vt 0.882531 0.291009
vt 0.881856 0.309548
vt 0.015294 0.329044
vt 0.026174 0.320529
vt 0.002868 0.324699
vt 0.213422 0.668976
vt 0.214298 0.644528
vt 0.214761 0.692534
vt 0.029808 0.296889
vt 0.026192 0.272512
vt 0.015319 0.261784
vt 0.002892 0.263600
vt 0.551467 0.708508
vt 0.558751 0.708656
vt 0.559338 0.739541
vt 0.551045 0.736517
vt 0.547180 0.729781
vt 0.544183 0.708359
vt 0.547960 0.689185
vt 0.552055 0.681697
vt 0.559338 0.681850
vt 0.107903 0.433495
vt 0.115736 0.427625
vt 0.129819 0.427772
vt 0.125111 0.433639
vt 0.120307 0.439027
vt 0.099808 0.439030
vt 0.078431 0.423233
vt 0.093609 0.413708
vt 0.104037 0.409339
vt 0.088865 0.354664
vt 0.100156 0.354805
vt 0.076006 0.354998
vt 0.077216 0.274439
vt 0.093654 0.294136
vt 0.104079 0.298757
vt 0.138663 0.260092
vt 0.140919 0.265912
vt 0.129879 0.270312
vt 0.125175 0.264401
vt 0.121822 0.247820
vt 0.137267 0.242707
vt 0.108662 0.354287
vt 0.111957 0.303986
vt 0.117775 0.317575
vt 0.116766 0.353126
vt 0.117748 0.388065
vt 0.111919 0.403254
vt 0.144681 0.347968
vt 0.136847 0.349450
vt 0.136051 0.301080
vt 0.144243 0.298218
vt 0.144206 0.397395
vt 0.136014 0.397701
vt 0.121791 0.283565
vt 0.115793 0.275927
vt 0.133616 0.278619
vt 0.125597 0.304731
vt 0.142829 0.419902
vt 0.140858 0.427887
vt 0.133563 0.419800
vt 0.131381 0.467045
vt 0.130338 0.480289
vt 0.109297 0.482524
vt 0.110482 0.467913
vt 0.113005 0.454704
vt 0.132880 0.454025
vt 0.292548 0.601476
vt 0.292225 0.618606
vt 0.076964 0.228795
vt 0.076717 0.206180
vt 0.084654 0.226676
vt 0.072531 0.246014
vt 0.134505 0.445233
vt 0.116276 0.445561
vt 0.136373 0.439024
vt 0.058317 0.440828
vt 0.049423 0.438925
vt 0.050274 0.397253
vt 0.061669 0.405080
vt 0.071455 0.444924
vt 0.066132 0.458191
vt 0.055345 0.464248
vt 0.292541 0.813102
vt 0.292439 0.836460
vt 0.062800 0.356947
vt 0.050566 0.360994
vt 0.050299 0.329612
vt 0.061701 0.314199
vt 0.137879 0.199185
vt 0.122138 0.207507
vt 0.139582 0.145739
vt 0.065653 0.258457
vt 0.062420 0.275458
vt 0.291586 0.630913
vt 0.291394 0.647847
vt 0.060149 0.249627
vt 0.069726 0.226988
vt 0.291131 0.666910
vt 0.058364 0.294604
vt 0.049473 0.302570
vt 0.055352 0.475396
vt 0.064371 0.471118
vt 0.062352 0.482793
vt 0.052302 0.484298
vt 0.292548 0.847605
vt 0.777285 0.146817
vt 0.751845 0.155610
vt 0.751560 0.137889
vt 0.776986 0.127126
vt 0.825736 0.201096
vt 0.772945 0.386192
vt 0.772191 0.434047
vt 0.749530 0.438736
vt 0.750284 0.390856
vt 0.751038 0.343016
vt 0.773701 0.338170
vt 0.771550 0.474784
vt 0.771210 0.519031
vt 0.748230 0.521916
vt 0.748888 0.479493
vt 0.361579 0.003068
vt 0.390585 0.001647
vt 0.362164 0.033540
vt 0.478859 0.764041
vt 0.508265 0.762651
vt 0.508385 0.790718
vt 0.480025 0.792625
vt 0.478662 0.733706
vt 0.774351 0.296930
vt 0.751682 0.302377
vt 0.771361 0.577421
vt 0.772433 0.627090
vt 0.757790 0.610243
vt 0.747427 0.574793
vt 0.614248 0.714013
vt 0.599774 0.713475
vt 0.601909 0.687545
vt 0.616091 0.688064
vt 0.483088 0.811146
vt 0.508936 0.808585
vt 0.774856 0.645178
vt 0.752939 0.619805
vt 0.581307 0.712788
vt 0.563149 0.712205
vt 0.566297 0.686323
vt 0.583814 0.686883
vt 0.578210 0.741723
vt 0.559447 0.739399
vt 0.413319 0.000534
vt 0.478507 0.709931
vt 0.442788 0.710475
vt 0.102054 0.218125
vt 0.102116 0.254344
vt 0.093017 0.445980
vt 0.088054 0.455551
vt 0.085446 0.468947
vt 0.083742 0.481462
vt 0.121739 0.419671
vt 0.125562 0.398091
vt 0.142884 0.274743
vt 0.126851 0.351342
vt 0.107965 0.269899
vt 0.138598 0.433751
vt 0.782846 0.916263
vt 0.756451 0.912400
vt 0.753229 0.885416
vt 0.782803 0.885072
vt 0.141458 0.098582
vt 0.142933 0.059148
vt 0.363860 0.326640
vt 0.363537 0.265702
vt 0.367396 0.393167
vt 0.363262 0.213829
vt 0.362976 0.159905
vt 0.407070 0.711019
vt 0.604280 0.856859
vt 0.603734 0.868483
vt 0.916075 0.000000
vt 0.926912 0.006613
vt 0.892651 0.008887
vt 0.835536 0.860720
vt 0.817811 0.863831
vt 0.853261 0.857609
vt 0.100410 0.688628
vt 0.000693 0.683465
vt 0.200127 0.693790
vt 0.362620 0.092814
vt 0.358352 0.768609
vt 0.343175 0.765737
vt 0.143433 0.028870
vt 0.143232 0.009569
vt 0.377308 0.461806
vt 0.390018 0.529817
vt 0.326454 0.757185
vt 0.308960 0.745795
vt 0.837961 0.075332
vt 0.804916 0.096106
vt 0.574779 0.775122
vt 0.571874 0.805656
vt 0.034594 0.829050
vt 0.060986 0.829263
vt 0.054279 0.841093
vt 0.034623 0.850112
vt 0.015347 0.840787
vt 0.008430 0.828981
vt 0.300344 0.607980
vt 0.293104 0.607814
vt 0.293003 0.591466
vt 0.300242 0.591770
vt 0.070087 0.829525
vt 0.061352 0.845522
vt 0.130080 0.489754
vt 0.000013 0.829149
vt 0.008792 0.845021
vt 0.115415 0.491381
vn -0.9208 -0.3782 -0.0953
vn -0.9309 -0.3341 -0.1479
vn -0.5192 -0.2418 -0.8197
vn -0.5265 -0.2840 -0.8013
vn 0.1636 -0.1006 -0.9814
vn 0.0000 -0.1123 -0.9937
vn -0.0103 0.0800 -0.9967
vn 0.1489 0.0740 -0.9861
vn 0.6954 -0.4731 -0.5408
vn 0.6904 -0.4517 -0.5651
vn 0.7901 -0.5215 -0.3221
vn 0.7859 -0.5378 -0.3052
vn -0.9848 0.0355 -0.1701
vn -0.9963 0.0057 -0.0860
vn -0.9950 0.0084 -0.0997
vn -0.9792 0.0521 -0.1963
vn 0.0000 -1.0000 0.0000
vn 0.0125 -0.9999 -0.0084
vn 0.0121 -0.9999 -0.0041
vn -0.0788 -0.0920 -0.9926
vn -0.1503 -0.0807 -0.9853
vn -0.1215 0.1132 -0.9861
vn -0.0559 0.1839 -0.9814
vn 0.1509 0.6668 -0.7298
vn 0.1635 0.6919 -0.7032
vn -0.3767 0.9201 -0.1069
vn -0.3461 0.8919 -0.2910
vn -0.9665 -0.2099 -0.1475
vn -0.9729 -0.2189 -0.0742
vn -0.9968 0.0019 -0.0798
vn -0.9874 0.0121 -0.1580
vn -0.0392 -0.1035 -0.9939
vn -0.0537 0.1444 -0.9881
vn 0.0112 0.0822 -0.9966
vn -0.1367 -0.9906 0.0091
vn -0.1334 -0.9911 0.0044
vn -0.1396 -0.2139 -0.9668
vn -0.1530 -0.1825 -0.9712
vn -0.0772 -0.2145 -0.9737
vn -0.0629 -0.2565 -0.9645
vn 0.1410 0.9900 -0.0002
vn 0.1410 0.9898 0.0207
vn 0.1387 0.9903 0.0102
vn 0.1387 0.9903 -0.0001
vn 0.9864 0.1102 -0.1221
vn 0.8034 0.4543 -0.3849
vn 0.5116 0.6355 -0.5782
vn 0.9875 0.0998 -0.1219
vn -0.0207 0.6932 -0.7205
vn 0.0452 0.7725 -0.6334
vn 0.0318 0.7224 -0.6907
vn -0.0336 0.7286 -0.6841
vn 0.9683 0.2447 -0.0504
vn 0.9547 -0.1100 -0.2766
vn 0.9594 -0.2619 -0.1047
vn 0.9526 0.1921 0.2361
vn 0.1451 0.6542 -0.7423
vn 0.0252 0.6176 -0.7861
vn -0.1639 0.4984 -0.8513
vn -0.0427 0.4466 -0.8937
vn -0.0325 0.6016 -0.7982
vn -0.0213 0.5558 -0.8310
vn 0.0463 0.8904 -0.4529
vn -0.0265 0.8636 -0.5036
vn -0.0538 0.4851 -0.8728
vn -0.0816 0.5771 -0.8126
vn -0.0166 0.4289 -0.9032
vn 0.0787 0.4408 -0.8941
vn -0.0139 0.5249 -0.8511
vn 0.0139 0.5249 -0.8511
vn 0.0176 0.4658 -0.8847
vn -0.0176 0.4658 -0.8847
vn -0.0379 0.7991 0.6000
vn 0.0424 0.7885 0.6135
vn 0.0565 0.7169 0.6949
vn -0.0565 0.7169 0.6949
vn 0.0431 -0.8229 -0.5665
vn -0.0440 -0.8243 -0.5644
vn -0.0591 -0.8674 -0.4941
vn 0.0591 -0.8674 -0.4941
vn -0.9547 -0.1108 -0.2762
vn -0.9682 0.2443 -0.0530
vn -0.9526 0.1921 0.2361
vn -0.9594 -0.2619 -0.1047
vn 0.9971 0.0512 -0.0555
vn 0.9947 0.0723 -0.0727
vn 0.9947 0.0595 -0.0837
vn 0.9971 0.0333 -0.0683
vn 0.0542 0.9702 -0.2361
vn 0.0504 0.9009 -0.4311
vn 0.1024 0.9335 -0.3438
vn 0.1082 0.9856 -0.1300
vn -0.2187 -0.9343 -0.2814
vn -0.0003 -0.9984 -0.0572
vn -0.1513 -0.9873 0.0475
vn -0.4826 -0.1082 -0.8691
vn -0.9504 -0.1673 -0.2622
vn -0.9146 0.0884 -0.3946
vn -0.4513 0.0968 -0.8871
vn 0.6633 -0.2262 -0.7133
vn 0.6041 -0.1813 -0.7760
vn 0.4760 0.2141 -0.8530
vn 0.4824 0.2372 -0.8432
vn 0.0000 -0.3126 -0.9499
vn 0.0000 -0.2619 -0.9651
vn 0.1656 -0.2779 -0.9462
vn 0.1553 -0.3354 -0.9292
vn -0.3816 0.4003 -0.8331
vn -0.8365 0.2853 -0.4679
vn -0.7825 0.3820 -0.4916
vn -0.1907 0.6219 -0.7595
vn -0.0031 -0.9979 -0.0643
vn 0.0139 -0.9966 -0.0817
vn -0.9010 -0.4241 -0.0909
vn -0.9177 -0.3778 -0.1231
vn -0.9263 -0.3547 -0.1270
vn -0.9124 -0.3992 -0.0906
vn -0.0001 -0.9985 -0.0553
vn 0.0000 -0.9985 -0.0550
vn -0.0006 -0.9984 -0.0561
vn 0.4868 -0.1293 -0.8639
vn 0.4597 -0.1100 -0.8812
vn 0.4326 0.2262 -0.8727
vn 0.4369 0.2004 -0.8769
vn -0.0113 0.0847 -0.9963
vn 0.0111 0.0879 -0.9961
vn -0.0304 -0.2962 -0.9546
vn -0.0385 -0.2463 -0.9684
vn 0.4533 -0.2919 -0.8422
vn 0.4251 -0.2973 -0.8549
vn 0.3346 -0.3366 -0.8802
vn 0.3648 -0.3314 -0.8701
vn 0.4567 0.2680 -0.8483
vn 0.5060 -0.1145 -0.8549
vn 0.4269 -0.1140 -0.8971
vn 0.4138 0.1983 -0.8885
vn 0.4652 -0.2830 -0.8388
vn 0.4596 -0.2464 -0.8532
vn 0.5039 -0.2905 -0.8134
vn 0.5288 -0.3286 -0.7825
vn 0.9781 0.1766 -0.1104
vn 0.0276 0.9761 0.2154
vn 0.5533 0.7762 -0.3023
vn 0.0313 -0.9972 -0.0683
vn 0.0178 -0.9998 -0.0118
vn 0.0287 -0.9981 -0.0536
vn 0.0251 -0.9968 -0.0756
vn 0.3696 0.4217 0.8280
vn 0.9921 0.1060 -0.0673
vn 0.9758 0.1975 -0.0940
vn 0.2797 0.3494 0.8943
vn -0.4489 0.5278 0.7211
vn -0.3247 0.4345 0.8401
vn -0.3116 0.4091 0.8576
vn -0.4777 0.5754 0.6638
vn -0.0457 0.3624 0.9309
vn -0.0231 0.3304 0.9436
vn 0.0133 0.3813 0.9244
vn -0.1035 0.3768 0.9205
vn -0.6498 0.7474 0.1381
vn -0.6276 0.7046 0.3310
vn -0.6097 0.7612 0.2211
vn -0.6180 0.7834 0.0670
vn -0.3540 0.4758 0.8052
vn -0.2719 0.4567 0.8471
vn -0.2736 0.4072 0.8714
vn -0.3555 0.4378 0.8258
vn 0.0252 0.3327 0.9427
vn -0.0239 0.3245 0.9456
vn -0.0038 0.3962 0.9182
vn 0.0042 0.3977 0.9175
vn 0.0204 0.3346 0.9421
vn -0.0012 0.3470 0.9379
vn 0.0224 0.3526 0.9355
vn -0.0096 0.3787 0.9255
vn 0.1762 0.8709 -0.4587
vn 0.1982 0.8510 -0.4863
vn -0.0723 0.9641 0.2556
vn -0.2328 0.8802 0.4135
vn 0.1741 0.8020 -0.5714
vn 0.1838 0.8764 -0.4452
vn -0.2473 0.7949 0.5541
vn -0.3374 0.8531 0.3980
vn 0.0535 0.8736 -0.4838
vn -0.0536 0.8781 -0.4754
vn -0.0759 0.9488 -0.3066
vn 0.0753 0.9441 -0.3210
vn -0.0664 0.2509 -0.9657
vn -0.0478 0.6352 -0.7709
vn 0.0477 0.6276 -0.7771
vn 0.0207 0.3680 -0.9296
vn -0.5141 0.8262 0.2303
vn -0.2601 0.9477 -0.1848
vn -0.2183 0.8694 -0.4433
vn -0.2741 0.9046 -0.3266
vn 0.0743 0.5064 0.8591
vn 0.1344 0.9586 0.2510
vn -0.1345 0.9489 0.2855
vn -0.0867 0.4556 0.8859
vn 0.2021 0.8647 -0.4598
vn 0.2160 0.8493 -0.4818
vn 0.2551 0.9361 -0.2420
vn 0.3175 0.9401 -0.1240
vn 0.0608 0.8736 -0.4828
vn -0.0609 0.8774 -0.4758
vn -0.0864 0.9476 -0.3074
vn 0.0858 0.9437 -0.3194
vn -0.0228 0.3718 -0.9280
vn -0.0542 0.6344 -0.7711
vn 0.0541 0.6281 -0.7763
vn 0.0227 0.3728 -0.9276
vn -0.3613 0.9320 -0.0285
vn -0.2929 0.9378 -0.1862
vn -0.2464 0.8624 -0.4423
vn -0.2146 0.8841 -0.4152
vn 0.0838 0.5061 0.8584
vn 0.1530 0.9552 0.2533
vn -0.1531 0.9471 0.2822
vn -0.0818 0.4821 0.8723
vn 0.2061 0.8725 -0.4430
vn 0.2442 0.8459 -0.4742
vn 0.2884 0.9286 -0.2337
vn 0.3421 0.9329 -0.1127
vn 0.0488 0.8786 -0.4750
vn -0.0488 0.8752 -0.4813
vn -0.0714 0.9456 -0.3175
vn 0.0719 0.9492 -0.3063
vn -0.0184 0.3670 -0.9300
vn -0.0422 0.6293 -0.7761
vn 0.0423 0.6348 -0.7715
vn 0.1128 0.0787 -0.9905
vn -0.3191 0.9462 -0.0533
vn -0.2435 0.9458 -0.2149
vn -0.2009 0.8642 -0.4614
vn -0.1930 0.8786 -0.4369
vn 0.0547 0.5125 0.8570
vn 0.1309 0.9494 0.2855
vn -0.1309 0.9573 0.2580
vn -0.0743 0.4983 0.8638
vn 0.3114 0.8249 -0.4718
vn 0.2024 0.8790 -0.4317
vn 0.2469 0.9541 -0.1697
vn 0.2732 0.9461 0.1741
vn 0.3846 0.1291 0.9140
vn 0.0609 -0.1762 0.9825
vn 0.5311 -0.2343 0.8143
vn 0.4689 0.3423 0.8142
vn -0.4093 0.9124 -0.0036
vn -0.1414 0.9700 -0.1976
vn -0.0000 1.0000 -0.0000
vn -0.0182 0.9735 -0.2278
vn 0.0177 0.9736 -0.2275
vn -0.0011 1.0000 0.0036
vn 0.3519 0.9284 -0.1193
vn 0.4068 0.9109 -0.0689
vn -0.2419 0.9701 0.0196
vn -0.2028 0.9789 0.0267
vn 0.0491 0.7185 -0.6937
vn -0.0501 0.7219 -0.6902
vn -0.0552 0.7347 -0.6761
vn 0.0542 0.7264 -0.6851
vn 0.0541 0.9984 -0.0140
vn -0.0545 0.9985 0.0058
vn -0.0536 0.9986 0.0029
vn 0.0532 0.9986 -0.0069
vn 0.6167 0.7498 -0.2399
vn 0.3074 0.7470 -0.5894
vn 0.2126 0.8504 -0.4812
vn 0.3286 0.9367 -0.1211
vn -0.7044 0.7098 -0.0072
vn -0.7049 0.7093 -0.0036
vn -0.3330 0.9429 0.0019
vn -0.3370 0.9415 0.0038
vn 0.1840 0.9759 0.1176
vn -0.0132 0.9999 0.0003
vn -0.2220 0.6723 0.7062
vn 0.0021 0.9917 -0.1286
vn -0.3175 0.9457 0.0698
vn -0.0352 0.7807 0.6239
vn -0.0386 0.6603 0.7500
vn 0.0113 0.8200 0.5723
vn -0.0100 0.8168 0.5769
vn -0.0011 1.0000 -0.0029
vn -0.3831 0.9157 -0.1214
vn -0.2486 0.9664 -0.0649
vn -0.2857 0.9580 -0.0240
vn -0.4088 0.9112 -0.0514
vn 0.0026 1.0000 -0.0073
vn -0.2886 0.7559 0.5877
vn -0.1765 0.7158 0.6756
vn -0.1124 0.7209 0.6838
vn 0.0561 0.8001 0.5972
vn 0.0001 1.0000 -0.0067
vn 0.6868 0.6992 -0.1988
vn 0.1027 0.5586 0.8230
vn 0.4520 -0.2642 -0.8520
vn 0.4672 -0.2642 -0.8437
vn 0.5587 -0.2892 -0.7773
vn 0.5697 -0.2867 -0.7702
vn 0.4958 -0.2571 -0.8295
vn 0.4762 -0.2991 -0.8269
vn 0.3928 -0.3350 -0.8565
vn 0.4185 -0.2824 -0.8632
vn 0.0000 -0.3256 -0.9455
vn -0.0003 -0.3250 -0.9457
vn -0.0069 -0.3136 -0.9495
vn -0.0191 -0.2983 -0.9543
vn -0.6439 -0.7650 -0.0076
vn -0.9038 -0.4243 -0.0558
vn -0.9154 -0.3987 -0.0560
vn -0.6645 -0.7473 0.0053
vn -0.0010 -0.3226 -0.9465
vn 0.1428 -0.3330 -0.9321
vn 0.1307 -0.3392 -0.9316
vn -0.1434 -0.3223 -0.9357
vn -0.1169 -0.2101 -0.9707
vn -0.0414 -0.2575 -0.9654
vn -0.0158 -0.2717 -0.9622
vn 0.7448 -0.3880 -0.5428
vn 0.7289 -0.4037 -0.5530
vn 0.8279 -0.4648 -0.3139
vn 0.8421 -0.4434 -0.3069
vn -0.6786 -0.7327 0.0519
vn -0.9243 -0.3769 -0.0608
vn -0.5252 -0.2837 -0.8023
vn -0.4332 -0.5910 -0.6805
vn 0.7039 -0.3463 -0.6202
vn 0.6884 -0.3521 -0.6341
vn 0.7330 -0.3905 -0.5569
vn 0.7480 -0.3784 -0.5452
vn -0.6133 -0.7898 -0.0036
vn -0.8868 -0.4613 -0.0274
vn -0.8928 -0.4471 -0.0551
vn -0.6249 -0.7807 -0.0074
vn -0.2915 0.9442 -0.1532
vn -0.0652 0.9930 -0.0986
vn -0.1781 0.9793 -0.0965
vn -0.3365 0.9285 -0.1569
vn 0.6105 0.7906 -0.0480
vn 0.4753 0.8780 0.0566
vn -0.3496 0.7671 -0.5378
vn -0.7041 0.7100 -0.0072
vn -0.3435 0.9391 0.0038
vn -0.2249 0.8779 -0.4228
vn 0.6570 0.7430 -0.1278
vn 0.6248 0.7420 -0.2431
vn 0.3202 0.9400 -0.1180
vn 0.3188 0.9460 -0.0587
vn 0.0551 0.9558 -0.2888
vn -0.0557 0.9609 -0.2711
vn -0.0561 0.9984 0.0060
vn 0.0558 0.9983 -0.0144
vn 0.1200 0.9709 -0.2074
vn 0.3100 0.9449 -0.1051
vn -0.1403 0.9901 0.0068
vn -0.0422 0.9991 0.0100
vn -0.4125 0.9110 -0.0018
vn -0.4109 0.9117 -0.0036
vn 0.9935 0.0966 -0.0600
vn 0.9947 0.0912 -0.0469
vn 0.9830 0.1834 0.0031
vn 0.9723 0.2275 -0.0531
vn -0.6411 0.7653 0.0579
vn -0.6421 0.7566 0.1232
vn -0.6189 0.7825 0.0683
vn -0.6206 0.7834 0.0346
vn -0.8862 -0.4611 -0.0447
vn -0.9088 -0.4127 -0.0609
vn -0.9091 -0.3983 -0.1219
vn -0.8903 -0.4464 -0.0899
vn 0.8389 -0.3259 -0.4360
vn 0.6675 -0.2489 -0.7018
vn 0.4723 0.2549 -0.8438
vn 0.6829 0.3892 -0.6182
vn 0.9996 0.0024 -0.0289
vn 0.9986 0.0300 -0.0430
vn 0.9975 0.0182 -0.0683
vn 0.9994 0.0029 -0.0342
vn 0.1410 0.9892 -0.0398
vn 0.1405 0.9856 -0.0937
vn 0.1449 0.9892 0.0213
vn 0.1450 0.9894 -0.0002
vn -0.1485 -0.9888 0.0177
vn -0.1425 -0.9898 0.0095
vn -0.9676 -0.1833 -0.1735
vn -0.9690 -0.1979 -0.1479
vn -0.9872 0.0222 -0.1580
vn -0.9764 0.0427 -0.2117
vn 0.1700 0.8718 -0.4594
vn 0.1394 0.6767 -0.7229
vn -0.3333 0.8917 -0.3061
vn -0.3384 0.9266 -0.1638
vn 0.0138 -0.9999 -0.0093
vn 0.0128 -0.9999 -0.0086
vn -0.9642 0.1277 -0.2325
vn -0.9833 0.0650 -0.1698
vn -0.9760 0.0954 -0.1956
vn -0.9473 0.1838 -0.2625
vn 0.6522 -0.4198 -0.6312
vn 0.6363 -0.3881 -0.6667
vn 0.6914 -0.4409 -0.5724
vn 0.6977 -0.4648 -0.5452
vn 0.9993 -0.0305 0.0212
vn 0.9994 0.0223 -0.0256
vn 0.9869 0.1596 -0.0233
vn 0.9763 0.2151 0.0244
vn 0.0962 -0.8652 0.4921
vn 0.0918 -0.9958 -0.0025
vn 0.8935 -0.4484 -0.0240
vn 0.8976 -0.3581 0.2569
vn -0.0554 0.9985 0.0012
vn 0.2201 0.9150 0.3382
vn 0.8111 0.5193 0.2692
vn 0.7971 0.6036 -0.0177
vn -0.9208 -0.3782 0.0953
vn -0.5265 -0.2840 0.8013
vn -0.5192 -0.2418 0.8197
vn -0.9309 -0.3341 0.1479
vn 0.1636 -0.1006 0.9814
vn 0.1489 0.0740 0.9861
vn -0.0103 0.0800 0.9967
vn 0.0000 -0.1123 0.9937
vn 0.6954 -0.4731 0.5408
vn 0.7859 -0.5378 0.3052
vn 0.7901 -0.5215 0.3221
vn 0.6904 -0.4517 0.5651
vn -0.9848 0.0355 0.1701
vn -0.9792 0.0521 0.1963
vn -0.9950 0.0084 0.0997
vn -0.9963 0.0057 0.0860
vn 0.0121 -0.9999 0.0041
vn 0.0125 -0.9999 0.0084
vn -0.0788 -0.0920 0.9926
vn -0.0559 0.1839 0.9814
vn -0.1215 0.1132 0.9861
vn -0.1503 -0.0807 0.9853
vn 0.1509 0.6668 0.7298
vn -0.3461 0.8919 0.2910
vn -0.3767 0.9201 0.1069
vn 0.1635 0.6919 0.7032
vn -0.9665 -0.2099 0.1475
vn -0.9874 0.0121 0.1580
vn -0.9968 0.0019 0.0798
vn -0.9729 -0.2189 0.0742
vn 0.0112 0.0822 0.9966
vn -0.0537 0.1444 0.9881
vn -0.0392 -0.1035 0.9939
vn -0.1367 -0.9906 -0.0091
vn -0.1334 -0.9911 -0.0044
vn -0.1396 -0.2139 0.9668
vn -0.0629 -0.2565 0.9645
vn -0.0772 -0.2145 0.9737
vn -0.1530 -0.1825 0.9712
vn 0.1410 0.9900 0.0002
vn 0.1387 0.9903 0.0001
vn 0.1387 0.9903 -0.0102
vn 0.1410 0.9898 -0.0207
vn 0.9864 0.1102 0.1221
vn 0.9875 0.0998 0.1219
vn 0.5116 0.6355 0.5782
vn 0.8034 0.4543 0.3849
vn -0.0207 0.6932 0.7205
vn -0.0336 0.7286 0.6841
vn 0.0318 0.7224 0.6907
vn 0.0452 0.7725 0.6334
vn 0.9683 0.2447 0.0504
vn 0.9526 0.1921 -0.2361
vn 0.9594 -0.2619 0.1047
vn 0.9547 -0.1100 0.2766
vn 0.1451 0.6542 0.7423
vn -0.0427 0.4466 0.8937
vn -0.1639 0.4984 0.8513
vn 0.0252 0.6176 0.7861
vn -0.0325 0.6016 0.7982
vn -0.0265 0.8636 0.5036
vn 0.0463 0.8904 0.4529
vn -0.0213 0.5558 0.8310
vn -0.0538 0.4851 0.8728
vn 0.0787 0.4408 0.8941
vn -0.0166 0.4289 0.9032
vn -0.0816 0.5771 0.8126
vn -0.0139 0.5249 0.8511
vn -0.0176 0.4658 0.8847
vn 0.0176 0.4658 0.8847
vn 0.0139 0.5249 0.8511
vn -0.0379 0.7991 -0.6000
vn -0.0565 0.7169 -0.6949
vn 0.0565 0.7169 -0.6949
vn 0.0424 0.7885 -0.6135
vn 0.0431 -0.8229 0.5665
vn 0.0591 -0.8674 0.4941
vn -0.0591 -0.8674 0.4941
vn -0.0440 -0.8243 0.5644
vn -0.9547 -0.1108 0.2762
vn -0.9594 -0.2619 0.1047
vn -0.9526 0.1921 -0.2361
vn -0.9682 0.2443 0.0530
vn 0.9971 0.0512 0.0555
vn 0.9971 0.0333 0.0683
vn 0.9947 0.0595 0.0837
vn 0.9947 0.0723 0.0727
vn 0.0542 0.9702 0.2361
vn 0.1082 0.9856 0.1300
vn 0.1024 0.9335 0.3438
vn 0.0504 0.9009 0.4311
vn -0.2187 -0.9343 0.2814
vn -0.1513 -0.9873 -0.0475
vn -0.0003 -0.9984 0.0572
vn -0.4826 -0.1082 0.8691
vn -0.4513 0.0968 0.8871
vn -0.9146 0.0884 0.3946
vn -0.9504 -0.1673 0.2622
vn 0.6633 -0.2262 0.7133
vn 0.4824 0.2372 0.8432
vn 0.4760 0.2141 0.8530
vn 0.6041 -0.1813 0.7760
vn 0.0000 -0.3126 0.9499
vn 0.1553 -0.3354 0.9292
vn 0.1656 -0.2779 0.9462
vn 0.0000 -0.2619 0.9651
vn -0.3816 0.4003 0.8331
vn -0.1907 0.6219 0.7595
vn -0.7825 0.3820 0.4916
vn -0.8365 0.2853 0.4679
vn -0.0031 -0.9979 0.0643
vn 0.0139 -0.9966 0.0817
vn -0.9010 -0.4241 0.0909
vn -0.9124 -0.3992 0.0906
vn -0.9263 -0.3547 0.1270
vn -0.9177 -0.3778 0.1231
vn -0.0001 -0.9985 0.0553
vn 0.0000 -0.9985 0.0550
vn -0.0006 -0.9984 0.0561
vn 0.4868 -0.1293 0.8639
vn 0.4369 0.2004 0.8769
vn 0.4326 0.2262 0.8727
vn 0.4597 -0.1100 0.8812
vn 0.0111 0.0879 0.9961
vn -0.0113 0.0847 0.9963
vn -0.0304 -0.2962 0.9546
vn -0.0385 -0.2463 0.9684
vn 0.4533 -0.2919 0.8422
vn 0.3648 -0.3314 0.8701
vn 0.3346 -0.3366 0.8802
vn 0.4251 -0.2973 0.8549
vn 0.4567 0.2680 0.8483
vn 0.4138 0.1983 0.8885
vn 0.4269 -0.1140 0.8971
vn 0.5060 -0.1145 0.8549
vn 0.4652 -0.2830 0.8388
vn 0.5288 -0.3286 0.7825
vn 0.5039 -0.2905 0.8134
vn 0.4596 -0.2464 0.8532
vn 0.9781 0.1766 0.1104
vn 0.5533 0.7762 0.3023
vn 0.0276 0.9761 -0.2154
vn 0.0178 -0.9998 0.0118
vn 0.0313 -0.9972 0.0683
vn 0.0287 -0.9981 0.0536
vn 0.0251 -0.9968 0.0756
vn 0.3696 0.4217 -0.8280
vn 0.2797 0.3494 -0.8943
vn 0.9758 0.1975 0.0940
vn 0.9921 0.1060 0.0673
vn -0.4489 0.5278 -0.7211
vn -0.4777 0.5754 -0.6638
vn -0.3116 0.4091 -0.8576
vn -0.3247 0.4345 -0.8401
vn -0.0457 0.3624 -0.9309
vn -0.1035 0.3768 -0.9205
vn 0.0133 0.3813 -0.9244
vn -0.0231 0.3304 -0.9436
vn -0.6498 0.7474 -0.1381
vn -0.6180 0.7834 -0.0670
vn -0.6097 0.7612 -0.2211
vn -0.6276 0.7046 -0.3310
vn -0.3540 0.4758 -0.8052
vn -0.3555 0.4378 -0.8258
vn -0.2736 0.4072 -0.8714
vn -0.2719 0.4567 -0.8471
vn 0.0252 0.3327 -0.9427
vn 0.0042 0.3977 -0.9175
vn -0.0038 0.3962 -0.9182
vn -0.0239 0.3245 -0.9456
vn 0.0204 0.3346 -0.9421
vn -0.0096 0.3787 -0.9255
vn 0.0224 0.3526 -0.9355
vn -0.0012 0.3470 -0.9379
vn 0.1762 0.8709 0.4587
vn -0.2328 0.8802 -0.4135
vn -0.0723 0.9641 -0.2556
vn 0.1982 0.8510 0.4863
vn 0.1741 0.8020 0.5714
vn -0.3374 0.8531 -0.3980
vn -0.2473 0.7949 -0.5541
vn 0.1838 0.8764 0.4452
vn 0.0535 0.8736 0.4838
vn 0.0753 0.9441 0.3210
vn -0.0759 0.9488 0.3066
vn -0.0536 0.8781 0.4754
vn -0.0664 0.2509 0.9657
vn 0.0207 0.3680 0.9296
vn 0.0477 0.6276 0.7771
vn -0.0478 0.6352 0.7709
vn -0.5141 0.8262 -0.2303
vn -0.2741 0.9046 0.3266
vn -0.2183 0.8694 0.4433
vn -0.2601 0.9477 0.1848
vn 0.0743 0.5064 -0.8591
vn -0.0867 0.4556 -0.8859
vn -0.1345 0.9489 -0.2855
vn 0.1344 0.9586 -0.2510
vn 0.2021 0.8647 0.4598
vn 0.3175 0.9401 0.1240
vn 0.2551 0.9361 0.2420
vn 0.2160 0.8493 0.4818
vn 0.0608 0.8736 0.4828
vn 0.0858 0.9437 0.3194
vn -0.0864 0.9476 0.3074
vn -0.0609 0.8774 0.4758
vn -0.0228 0.3718 0.9280
vn 0.0227 0.3728 0.9276
vn 0.0541 0.6281 0.7763
vn -0.0542 0.6344 0.7711
vn -0.3613 0.9320 0.0285
vn -0.2146 0.8841 0.4152
vn -0.2464 0.8624 0.4423
vn -0.2929 0.9378 0.1862
vn 0.0838 0.5061 -0.8584
vn -0.0818 0.4821 -0.8723
vn -0.1531 0.9471 -0.2822
vn 0.1530 0.9552 -0.2533
vn 0.2061 0.8725 0.4430
vn 0.3421 0.9329 0.1127
vn 0.2884 0.9286 0.2337
vn 0.2442 0.8459 0.4742
vn 0.0488 0.8786 0.4750
vn 0.0719 0.9492 0.3063
vn -0.0714 0.9456 0.3175
vn -0.0488 0.8752 0.4813
vn -0.0184 0.3670 0.9300
vn 0.1128 0.0787 0.9905
vn 0.0423 0.6348 0.7715
vn -0.0422 0.6293 0.7761
vn -0.3191 0.9462 0.0533
vn -0.1930 0.8786 0.4369
vn -0.2009 0.8642 0.4614
vn -0.2435 0.9458 0.2149
vn 0.0547 0.5125 -0.8570
vn -0.0743 0.4983 -0.8638
vn -0.1309 0.9573 -0.2580
vn 0.1309 0.9494 -0.2855
vn 0.3114 0.8249 0.4718
vn 0.2732 0.9461 -0.1741
vn 0.2469 0.9541 0.1697
vn 0.2024 0.8790 0.4317
vn 0.3846 0.1291 -0.9140
vn 0.4689 0.3423 -0.8142
vn 0.5311 -0.2343 -0.8143
vn 0.0609 -0.1762 -0.9825
vn -0.4093 0.9124 0.0036
vn -0.1414 0.9700 0.1976
vn -0.0182 0.9735 0.2278
vn -0.0011 1.0000 -0.0036
vn 0.0177 0.9736 0.2275
vn 0.3519 0.9284 0.1193
vn -0.2028 0.9789 -0.0267
vn -0.2419 0.9701 -0.0196
vn 0.4068 0.9109 0.0689
vn 0.0491 0.7185 0.6937
vn 0.0542 0.7264 0.6851
vn -0.0552 0.7347 0.6761
vn -0.0501 0.7219 0.6902
vn 0.0541 0.9984 0.0140
vn 0.0532 0.9986 0.0069
vn -0.0536 0.9986 -0.0029
vn -0.0545 0.9985 -0.0058
vn 0.6167 0.7498 0.2399
vn 0.3286 0.9367 0.1211
vn 0.2126 0.8504 0.4812
vn 0.3074 0.7470 0.5894
vn -0.7044 0.7098 0.0072
vn -0.3370 0.9415 -0.0038
vn -0.3330 0.9429 -0.0019
vn -0.7049 0.7093 0.0036
vn 0.1840 0.9759 -0.1176
vn -0.0132 0.9999 -0.0003
vn -0.2220 0.6723 -0.7062
vn -0.3175 0.9457 -0.0698
vn 0.0021 0.9917 0.1286
vn -0.0352 0.7807 -0.6239
vn -0.0386 0.6603 -0.7500
vn 0.0113 0.8200 -0.5723
vn -0.0011 1.0000 0.0029
vn -0.0100 0.8168 -0.5769
vn -0.3831 0.9157 0.1214
vn -0.4088 0.9112 0.0514
vn -0.2857 0.9580 0.0240
vn -0.2486 0.9664 0.0649
vn 0.0026 1.0000 0.0073
vn -0.1765 0.7158 -0.6756
vn -0.2886 0.7559 -0.5877
vn -0.1124 0.7209 -0.6838
vn 0.0001 1.0000 0.0067
vn 0.0561 0.8001 -0.5972
vn 0.6868 0.6992 0.1988
vn 0.1027 0.5586 -0.8230
vn 0.4520 -0.2642 0.8520
vn 0.5697 -0.2867 0.7702
vn 0.5587 -0.2892 0.7773
vn 0.4672 -0.2642 0.8437
vn 0.4958 -0.2571 0.8295
vn 0.4185 -0.2824 0.8632
vn 0.3928 -0.3350 0.8565
vn 0.4762 -0.2991 0.8269
vn 0.0000 -0.3256 0.9455
vn -0.0003 -0.3250 0.9457
vn -0.0069 -0.3136 0.9495
vn -0.0191 -0.2983 0.9543
vn -0.6439 -0.7650 0.0076
vn -0.6645 -0.7473 -0.0053
vn -0.9154 -0.3987 0.0560
vn -0.9038 -0.4243 0.0558
vn -0.0010 -0.3226 0.9465
vn 0.1307 -0.3392 0.9316
vn 0.1428 -0.3330 0.9321
vn -0.1434 -0.3223 0.9357
vn -0.0158 -0.2717 0.9622
vn -0.0414 -0.2575 0.9654
vn -0.1169 -0.2101 0.9707
vn 0.7448 -0.3880 0.5428
vn 0.8421 -0.4434 0.3069
vn 0.8279 -0.4648 0.3139
vn 0.7289 -0.4037 0.5530
vn -0.6786 -0.7327 -0.0519
vn -0.4332 -0.5910 0.6805
vn -0.5252 -0.2837 0.8023
vn -0.9243 -0.3769 0.0608
vn 0.7039 -0.3463 0.6202
vn 0.7480 -0.3784 0.5452
vn 0.7330 -0.3905 0.5569
vn 0.6884 -0.3521 0.6341
vn -0.6133 -0.7898 0.0036
vn -0.6249 -0.7807 0.0074
vn -0.8928 -0.4471 0.0551
vn -0.8868 -0.4613 0.0274
vn -0.2915 0.9442 0.1532
vn -0.3365 0.9285 0.1569
vn -0.1781 0.9793 0.0965
vn -0.0652 0.9930 0.0986
vn 0.6105 0.7906 0.0480
vn 0.4753 0.8780 -0.0566
vn -0.3496 0.7671 0.5378
vn -0.2249 0.8779 0.4228
vn -0.3435 0.9391 -0.0038
vn -0.7041 0.7100 0.0072
vn 0.6570 0.7430 0.1278
vn 0.3188 0.9460 0.0587
vn 0.3202 0.9400 0.1180
vn 0.6248 0.7420 0.2431
vn 0.0551 0.9558 0.2888
vn 0.0558 0.9983 0.0144
vn -0.0561 0.9984 -0.0060
vn -0.0557 0.9609 0.2711
vn 0.1200 0.9709 0.2074
vn -0.0422 0.9991 -0.0100
vn -0.1403 0.9901 -0.0068
vn 0.3100 0.9449 0.1051
vn -0.4125 0.9110 0.0018
vn -0.4109 0.9117 0.0036
vn 0.9935 0.0966 0.0600
vn 0.9723 0.2275 0.0531
vn 0.9830 0.1834 -0.0031
vn 0.9947 0.0912 0.0469
vn -0.6411 0.7653 -0.0579
vn -0.6206 0.7834 -0.0346
vn -0.6189 0.7825 -0.0683
vn -0.6421 0.7566 -0.1232
vn -0.8862 -0.4611 0.0447
vn -0.8903 -0.4464 0.0899
vn -0.9091 -0.3983 0.1219
vn -0.9088 -0.4127 0.0609
vn 0.8389 -0.3259 0.4360
vn 0.6829 0.3892 0.6182
vn 0.4723 0.2549 0.8438
vn 0.6675 -0.2489 0.7018
vn 0.9996 0.0024 0.0289
vn 0.9994 0.0029 0.0342
vn 0.9975 0.0182 0.0683
vn 0.9986 0.0300 0.0430
vn 0.1410 0.9892 0.0398
vn 0.1450 0.9894 0.0002
vn 0.1449 0.9892 -0.0213
vn 0.1405 0.9856 0.0937
vn -0.1485 -0.9888 -0.0177
vn -0.1425 -0.9898 -0.0095
vn -0.9676 -0.1833 0.1735
vn -0.9764 0.0427 0.2117
vn -0.9872 0.0222 0.1580
vn -0.9690 -0.1979 0.1479
vn 0.1700 0.8718 0.4594
vn -0.3384 0.9266 0.1638
vn -0.3333 0.8917 0.3061
vn 0.1394 0.6767 0.7229
vn 0.0128 -0.9999 0.0086
vn 0.0138 -0.9999 0.0093
vn -0.9642 0.1277 0.2325
vn -0.9473 0.1838 0.2625
vn -0.9760 0.0954 0.1956
vn -0.9833 0.0650 0.1698
vn 0.6522 -0.4198 0.6312
vn 0.6977 -0.4648 0.5452
vn 0.6914 -0.4409 0.5724
vn 0.6363 -0.3881 0.6667
vn 0.9993 -0.0305 -0.0212
vn 0.9763 0.2151 -0.0244
vn 0.9869 0.1596 0.0233
vn 0.9994 0.0223 0.0256
vn 0.0962 -0.8652 -0.4921
vn 0.8976 -0.3581 -0.2569
vn 0.8935 -0.4484 0.0240
vn 0.0918 -0.9958 0.0025
vn -0.0554 0.9985 -0.0012
vn 0.7971 0.6036 0.0177
vn 0.8111 0.5193 -0.2692
vn 0.2201 0.9150 -0.3382
s off
f 1/1/1 442/2/1 800/3/1 429/4/1
f 1/1/2 429/4/2 742/5/2 247/6/2
f 1/7/3 247/8/3 726/9/3 425/10/3
f 1/7/4 425/10/4 797/11/4 442/12/4
f 2/13/5 335/14/5 761/15/5 339/16/5
f 2/13/6 339/16/6 752/17/6 321/18/6
f 2/13/7 321/18/7 756/19/7 340/20/7
f 2/13/8 340/20/8 764/21/8 335/14/8
f 3/22/9 441/23/9 828/24/9 490/25/9
f 3/22/10 490/25/10 806/26/10 250/27/10
f 3/22/11 250/27/11 836/28/11 426/29/11
f 3/22/12 426/29/12 927/30/12 441/23/12
f 4/31/13 489/32/13 813/33/13 451/34/13
f 4/31/14 451/34/14 837/35/14 272/36/14
f 4/31/15 272/36/15 845/37/15 452/38/15
f 4/31/16 452/38/16 814/39/16 489/32/16
f 5/40/17 324/41/17 816/42/17 488/43/17
f 5/40/18 488/43/18 812/44/18 450/45/18
f 5/40/19 450/45/19 835/46/19 252/47/19
f 5/40/17 252/47/17 870/48/17 324/41/17
f 6/49/20 264/50/20 729/51/20 260/52/20
f 6/49/21 260/52/21 726/9/21 257/53/21
f 6/49/22 257/53/22 727/54/22 262/55/22
f 6/49/23 262/55/23 730/56/23 264/50/23
f 7/57/24 487/58/24 807/59/24 445/60/24
f 7/57/25 445/60/25 746/61/25 358/62/25
f 7/63/26 358/64/26 765/65/26 455/66/26
f 7/63/27 455/66/27 817/67/27 487/68/27
f 8/69/28 486/70/28 811/71/28 449/72/28
f 8/69/29 449/72/29 832/73/29 259/74/29
f 8/69/30 259/74/30 837/35/30 451/34/30
f 8/69/31 451/34/31 813/33/31 486/70/31
f 9/75/6 322/76/6 751/77/6 308/78/6
f 9/75/32 308/78/32 729/51/32 264/50/32
f 9/75/33 264/50/33 730/56/33 313/79/33
f 9/75/34 313/79/34 755/80/34 322/76/34
f 10/81/35 245/82/35 805/83/35 485/84/35
f 10/81/17 485/84/17 808/85/17 265/86/17
f 10/81/17 265/86/17 842/87/17 261/88/17
f 10/81/36 261/88/36 831/89/36 245/82/36
f 11/90/37 440/91/37 797/11/37 425/10/37
f 11/90/38 425/10/38 726/9/38 260/52/38
f 11/90/39 260/52/39 729/51/39 427/92/39
f 11/90/40 427/92/40 798/93/40 440/91/40
f 12/94/41 271/95/41 810/96/41 484/97/41
f 12/94/42 484/97/42 814/98/42 452/99/42
f 12/94/43 452/99/43 845/100/43 269/101/43
f 12/94/44 269/101/44 847/102/44 271/95/44
f 13/103/45 299/104/45 748/105/45 296/106/45
f 13/103/46 296/106/46 730/107/46 256/108/46
f 13/109/47 256/110/47 732/111/47 298/112/47
f 13/103/48 298/113/48 750/114/48 299/104/48
f 14/115/49 280/116/49 731/117/49 270/118/49
f 14/119/50 270/120/50 732/121/50 279/122/50
f 14/115/51 279/123/51 734/124/51 277/125/51
f 14/115/52 277/125/52 736/126/52 280/116/52
f 15/127/53 288/128/53 735/129/53 278/130/53
f 15/127/54 278/130/54 736/131/54 287/132/54
f 15/127/55 287/132/55 740/133/55 286/134/55
f 15/127/56 286/134/56 739/135/56 288/128/56
f 16/136/57 279/123/57 732/111/57 256/110/57
f 16/136/58 256/110/58 730/56/58 281/137/58
f 16/136/59 281/137/59 733/138/59 275/139/59
f 16/136/60 275/139/60 734/124/60 279/123/60
f 17/140/61 281/137/61 730/56/61 262/55/61
f 17/140/62 262/55/62 727/54/62 282/141/62
f 17/142/63 282/143/63 735/144/63 276/145/63
f 17/142/64 276/145/64 733/146/64 281/147/64
f 18/148/65 282/141/65 727/54/65 273/149/65
f 18/148/66 273/149/66 731/117/66 280/116/66
f 18/148/67 280/116/67 736/126/67 278/150/67
f 18/148/68 278/150/68 735/151/68 282/141/68
f 19/152/69 283/153/69 737/154/69 284/155/69
f 19/152/70 284/155/70 739/156/70 286/157/70
f 19/152/71 286/157/71 740/158/71 285/159/71
f 19/152/72 285/159/72 738/160/72 283/153/72
f 20/161/73 289/162/73 733/146/73 276/145/73
f 20/161/74 276/145/74 735/144/74 288/163/74
f 20/161/75 288/163/75 739/164/75 284/165/75
f 20/161/76 284/165/76 737/166/76 289/162/76
f 21/167/77 287/168/77 736/169/77 277/170/77
f 21/167/78 277/170/78 734/171/78 290/172/78
f 21/167/79 290/172/79 738/173/79 285/174/79
f 21/167/80 285/174/80 740/175/80 287/168/80
f 22/176/81 290/177/81 734/178/81 275/179/81
f 22/176/82 275/179/82 733/180/82 289/181/82
f 22/176/83 289/181/83 737/182/83 283/183/83
f 22/176/84 283/183/84 738/184/84 290/177/84
f 23/185/85 483/186/85 809/187/85 447/188/85
f 23/185/86 447/188/86 748/105/86 299/104/86
f 23/185/87 299/104/87 750/114/87 448/189/87
f 23/185/88 448/189/88 810/190/88 483/186/88
f 24/191/89 298/192/89 732/121/89 270/120/89
f 24/191/90 270/120/90 731/193/90 268/194/90
f 24/191/91 268/194/91 749/195/91 300/196/91
f 24/191/92 300/196/92 750/197/92 298/192/92
f 25/198/93 291/199/93 725/200/93 249/201/93
f 25/198/94 249/201/94 728/202/94 295/203/94
f 25/198/17 295/203/17 747/204/17 301/205/17
f 25/198/95 301/205/95 741/206/95 291/199/95
f 26/207/96 257/53/96 726/9/96 247/8/96
f 26/208/97 247/6/97 742/5/97 302/209/97
f 26/208/98 302/209/98 745/210/98 254/211/98
f 26/207/99 254/212/99 727/54/99 257/53/99
f 27/213/100 482/214/100 806/215/100 444/216/100
f 27/213/101 444/216/101 744/217/101 303/218/101
f 27/213/102 303/218/102 746/61/102 445/60/102
f 27/213/103 445/60/103 807/59/103 482/214/103
f 28/219/104 439/220/104 802/221/104 431/222/104
f 28/219/105 431/222/105 752/17/105 339/16/105
f 28/219/106 339/16/106 761/15/106 332/223/106
f 28/219/107 332/223/107 804/224/107 439/220/107
f 29/225/108 273/149/108 727/54/108 254/212/108
f 29/226/109 254/211/109 745/210/109 305/227/109
f 29/226/110 305/227/110 749/228/110 268/229/110
f 29/225/111 268/230/111 731/117/111 273/149/111
f 30/231/112 319/232/112 753/233/112 338/234/112
f 30/231/113 338/234/113 759/235/113 344/236/113
f 30/231/17 344/236/17 757/237/17 319/232/17
f 31/238/114 438/239/114 827/240/114 481/241/114
f 31/238/115 481/241/115 811/71/115 292/242/115
f 31/238/116 292/242/116 742/5/116 429/4/116
f 31/238/117 429/4/117 800/3/117 438/239/117
f 32/243/118 295/203/118 728/202/118 253/244/118
f 32/243/119 253/244/119 754/245/119 318/246/119
f 32/243/17 318/246/17 758/247/17 304/248/17
f 32/243/17 304/248/17 747/204/17 295/203/17
f 33/249/119 318/246/119 754/245/119 312/250/119
f 33/249/120 312/250/120 753/233/120 319/232/120
f 33/249/17 319/232/17 757/237/17 317/251/17
f 33/249/17 317/251/17 758/247/17 318/246/17
f 34/252/121 303/218/121 744/217/121 337/253/121
f 34/252/122 337/253/122 762/254/122 334/255/122
f 34/252/123 334/255/123 763/256/123 341/257/123
f 34/252/124 341/257/124 746/61/124 303/218/124
f 35/258/6 321/18/6 752/17/6 309/259/6
f 35/258/6 309/259/6 751/77/6 322/76/6
f 35/258/125 322/76/125 755/80/125 314/260/125
f 35/258/126 314/260/126 756/19/126 321/18/126
f 36/261/17 265/86/17 808/85/17 480/262/17
f 36/261/17 480/262/17 815/263/17 323/264/17
f 36/261/17 323/264/17 869/265/17 310/266/17
f 36/261/17 310/266/17 842/87/17 265/86/17
f 37/267/17 323/264/17 815/263/17 479/268/17
f 37/267/17 479/268/17 816/42/17 324/41/17
f 37/267/17 324/41/17 870/48/17 311/269/17
f 37/267/17 311/269/17 869/265/17 323/264/17
f 38/270/127 437/271/127 798/93/127 427/92/127
f 38/270/128 427/92/128 729/51/128 308/78/128
f 38/270/105 308/78/105 751/77/105 430/272/105
f 38/270/104 430/272/104 801/273/104 437/271/104
f 39/274/104 436/275/104 801/273/104 430/272/104
f 39/274/105 430/272/105 751/77/105 309/259/105
f 39/274/105 309/259/105 752/17/105 431/222/105
f 39/274/104 431/222/104 802/221/104 436/275/104
f 40/276/129 435/277/129 803/278/129 330/279/129
f 40/276/130 330/279/130 760/280/130 331/281/130
f 40/276/131 331/281/131 759/282/131 433/283/131
f 40/276/132 433/283/132 804/224/132 435/277/132
f 41/284/133 333/285/133 763/256/133 334/255/133
f 41/284/134 334/255/134 762/254/134 329/286/134
f 41/284/135 329/286/135 761/15/135 335/14/135
f 41/284/136 335/14/136 764/21/136 333/285/136
f 42/287/137 434/288/137 803/278/137 432/289/137
f 42/287/138 432/289/138 762/254/138 337/253/138
f 42/287/139 337/253/139 744/217/139 428/290/139
f 42/287/140 428/290/140 799/291/140 434/288/140
f 43/292/141 296/106/141 748/105/141 385/293/141
f 43/294/142 385/295/142 766/296/142 320/297/142
f 43/294/143 320/297/143 730/298/143 296/299/143
f 44/300/17 316/301/17 757/237/17 343/302/17
f 44/300/144 343/302/144 760/303/144 336/304/144
f 44/300/145 336/304/145 743/305/145 316/301/145
f 45/306/146 331/307/146 760/303/146 343/302/146
f 45/306/17 343/302/17 757/237/17 344/236/17
f 45/306/147 344/236/147 759/235/147 331/307/147
f 46/308/148 342/309/148 766/310/148 385/311/148
f 46/312/149 385/293/149 748/105/149 355/313/149
f 46/312/150 355/313/150 783/314/150 423/315/150
f 46/308/151 423/316/151 792/317/151 342/309/151
f 47/318/152 348/319/152 765/320/152 353/321/152
f 47/318/153 353/321/153 770/322/153 350/323/153
f 47/318/154 350/323/154 796/324/154 419/325/154
f 47/318/155 419/325/155 791/326/155 348/319/155
f 48/327/156 354/328/156 769/329/156 352/330/156
f 48/327/157 352/330/157 768/331/157 327/332/157
f 48/327/158 327/332/158 794/333/158 418/334/158
f 48/327/159 418/334/159 795/335/159 354/328/159
f 49/336/160 478/337/160 817/67/160 455/66/160
f 49/336/161 455/66/161 765/65/161 348/338/161
f 49/336/162 348/338/162 791/339/162 461/340/162
f 49/336/163 461/340/163 823/341/163 478/337/163
f 50/342/164 350/323/164 770/322/164 351/343/164
f 50/342/165 351/343/165 769/329/165 354/328/165
f 50/342/166 354/328/166 795/335/166 417/344/166
f 50/342/167 417/344/167 796/324/167 350/323/167
f 51/345/168 327/332/168 768/331/168 347/346/168
f 51/345/169 347/346/169 767/347/169 328/348/169
f 51/345/170 328/348/170 793/349/170 409/350/170
f 51/345/171 409/350/171 794/333/171 327/332/171
f 52/351/172 328/348/172 767/347/172 346/352/172
f 52/351/173 346/352/173 766/310/173 342/309/173
f 52/351/174 342/309/174 792/317/174 408/353/174
f 52/351/175 408/353/175 793/349/175 328/348/175
f 53/354/176 361/355/176 763/356/176 333/357/176
f 53/354/177 333/357/177 764/358/177 360/359/177
f 53/354/178 360/359/178 769/360/178 351/361/178
f 53/354/179 351/361/179 770/362/179 361/355/179
f 54/363/180 358/64/180 746/364/180 341/365/180
f 54/363/181 341/365/181 763/356/181 361/355/181
f 54/363/182 361/355/182 770/362/182 353/366/182
f 54/363/183 353/366/183 765/65/183 358/64/183
f 55/367/184 364/368/184 771/369/184 315/370/184
f 55/367/185 315/370/185 772/371/185 362/372/185
f 55/367/186 362/372/186 773/373/186 363/374/186
f 55/367/187 363/374/187 774/375/187 364/368/187
f 56/376/188 313/79/188 730/56/188 365/377/188
f 56/376/189 365/377/189 772/378/189 315/379/189
f 56/376/190 315/379/190 771/380/190 366/381/190
f 56/376/191 366/381/191 755/80/191 313/79/191
f 57/382/192 320/297/192 766/296/192 367/383/192
f 57/382/193 367/383/193 773/373/193 362/372/193
f 57/382/194 362/372/194 772/371/194 365/384/194
f 57/382/195 365/384/195 730/298/195 320/297/195
f 58/385/196 346/352/196 767/347/196 368/386/196
f 58/387/197 368/388/197 774/375/197 363/374/197
f 58/387/198 363/374/198 773/373/198 367/383/198
f 58/385/199 367/389/199 766/310/199 346/352/199
f 59/390/200 357/391/200 755/392/200 366/393/200
f 59/390/201 366/393/201 771/369/201 364/368/201
f 59/390/202 364/368/202 774/375/202 368/388/202
f 59/390/203 368/388/203 767/394/203 357/391/203
f 60/395/204 372/396/204 775/397/204 369/398/204
f 60/395/205 369/398/205 776/399/205 370/400/205
f 60/395/206 370/400/206 777/401/206 371/402/206
f 60/395/207 371/402/207 778/403/207 372/396/207
f 61/404/208 314/260/208 755/80/208 373/405/208
f 61/404/209 373/405/209 776/406/209 369/407/209
f 61/404/210 369/407/210 775/408/210 374/409/210
f 61/404/211 374/409/211 756/19/211 314/260/211
f 62/410/212 357/391/212 767/394/212 375/411/212
f 62/410/213 375/411/213 777/401/213 370/400/213
f 62/410/214 370/400/214 776/399/214 373/412/214
f 62/410/215 373/412/215 755/392/215 357/391/215
f 63/413/216 347/346/216 768/331/216 376/414/216
f 63/415/217 376/416/217 778/403/217 371/402/217
f 63/415/218 371/402/218 777/401/218 375/411/218
f 63/413/219 375/417/219 767/347/219 347/346/219
f 64/418/220 263/419/220 756/420/220 374/421/220
f 64/418/221 374/421/221 775/397/221 372/396/221
f 64/418/222 372/396/222 778/403/222 376/416/222
f 64/418/223 376/416/223 768/422/223 263/419/223
f 65/423/224 380/424/224 779/425/224 377/426/224
f 65/423/225 377/426/225 780/427/225 378/428/225
f 65/423/226 378/428/226 781/429/226 379/430/226
f 65/423/227 379/430/227 782/431/227 380/424/227
f 66/432/228 340/20/228 756/19/228 381/433/228
f 66/432/229 381/433/229 780/434/229 377/435/229
f 66/432/230 377/435/230 779/436/230 382/437/230
f 66/432/231 382/437/231 764/21/231 340/20/231
f 67/438/232 263/419/232 768/422/232 383/439/232
f 67/438/233 383/439/233 781/429/233 378/428/233
f 67/438/234 378/428/234 780/427/234 381/440/234
f 67/438/235 381/440/235 756/420/235 263/419/235
f 68/441/236 352/330/236 769/329/236 384/442/236
f 68/443/237 384/444/237 782/431/237 379/430/237
f 68/443/238 379/430/238 781/429/238 383/439/238
f 68/441/239 383/445/239 768/331/239 352/330/239
f 69/446/240 360/359/240 764/358/240 382/447/240
f 69/446/241 382/447/241 779/425/241 380/424/241
f 69/446/242 380/424/242 782/431/242 384/444/242
f 69/446/243 384/444/243 769/360/243 360/359/243
f 70/448/244 495/449/244 818/450/244 477/451/244
f 70/448/245 477/451/245 809/452/245 356/453/245
f 70/448/246 356/453/246 829/454/246 494/455/246
f 70/448/247 494/455/247 830/456/247 495/449/247
f 71/457/248 476/458/248 820/459/248 458/460/248
f 71/457/249 458/460/249 785/461/249 387/462/249
f 71/457/250 387/462/250 784/463/250 464/464/250
f 71/457/250 464/464/250 826/465/250 476/458/250
f 72/466/251 387/462/251 785/461/251 390/467/251
f 72/466/252 390/467/252 787/468/252 389/469/252
f 72/466/253 389/469/253 786/470/253 412/471/253
f 72/466/250 412/471/250 784/463/250 387/462/250
f 73/472/254 475/473/254 819/474/254 392/475/254
f 73/472/255 392/475/255 907/476/255 391/477/255
f 73/472/256 391/477/256 910/478/256 415/479/256
f 73/472/257 415/479/257 825/480/257 475/473/257
f 74/481/258 399/482/258 787/483/258 390/484/258
f 74/481/259 390/484/259 785/485/259 398/486/259
f 74/481/260 398/486/260 788/487/260 395/488/260
f 74/481/261 395/488/261 789/489/261 399/482/261
f 75/490/262 396/491/262 821/492/262 474/493/262
f 75/490/263 474/493/263 822/494/263 397/495/263
f 75/490/264 397/495/264 912/496/264 394/497/264
f 75/490/265 394/497/265 906/498/265 396/491/265
f 76/499/266 473/500/266 819/474/266 457/501/266
f 76/499/267 457/501/267 787/468/267 399/502/267
f 76/499/268 399/502/268 789/503/268 459/504/268
f 76/499/269 459/504/269 821/492/269 473/500/269
f 77/505/270 472/506/270 820/459/270 393/507/270
f 77/505/271 393/507/271 911/508/271 400/509/271
f 77/505/272 400/509/272 912/496/272 397/495/272
f 77/505/273 397/495/273 822/494/273 472/506/273
f 78/510/274 471/511/274 818/512/274 386/513/274
f 78/510/275 386/513/275 903/514/275 402/515/275
f 78/510/250 402/515/250 916/516/250 405/517/250
f 78/510/250 405/517/250 824/518/250 471/511/250
f 79/519/276 419/520/276 796/521/276 420/522/276
f 79/519/277 420/522/277 786/470/277 407/523/277
f 79/519/278 407/523/278 791/339/278 419/520/278
f 80/524/250 416/525/250 826/465/250 470/526/250
f 80/524/250 470/526/250 824/518/250 405/517/250
f 80/524/250 405/517/250 916/516/250 404/527/250
f 80/524/250 404/527/250 919/528/250 416/525/250
f 81/529/279 414/530/279 793/531/279 408/532/279
f 81/533/280 408/353/280 792/317/280 406/534/280
f 81/529/250 406/535/250 790/536/250 411/537/250
f 81/529/250 411/537/250 784/463/250 414/530/250
f 82/538/281 413/539/281 794/540/281 409/541/281
f 82/538/282 409/541/282 793/531/282 414/530/282
f 82/538/250 414/530/250 784/463/250 412/471/250
f 82/538/283 412/471/283 786/470/283 413/539/283
f 83/542/284 403/543/284 823/341/284 469/544/284
f 83/542/285 469/544/285 825/480/285 415/479/285
f 83/542/286 415/479/286 910/478/286 410/545/286
f 83/542/287 410/545/287 918/546/287 403/543/287
f 84/547/288 421/548/288 786/470/288 420/522/288
f 84/547/289 420/522/289 796/521/289 417/549/289
f 84/547/290 417/549/290 795/550/290 421/548/290
f 85/551/291 421/548/291 795/550/291 418/552/291
f 85/551/292 418/552/292 794/540/292 413/539/292
f 85/551/293 413/539/293 786/470/293 421/548/293
f 86/553/294 423/315/294 783/314/294 401/554/294
f 86/555/250 401/556/250 790/536/250 406/535/250
f 86/557/295 406/534/295 792/317/295 423/316/295
f 87/558/296 336/559/296 760/280/296 330/279/296
f 87/558/297 330/279/297 803/278/297 434/288/297
f 87/558/298 434/288/298 799/291/298 306/560/298
f 87/558/299 306/560/299 743/561/299 336/559/299
f 88/562/300 329/286/300 762/254/300 432/289/300
f 88/562/301 432/289/301 803/278/301 435/277/301
f 88/562/302 435/277/302 804/224/302 332/223/302
f 88/562/303 332/223/303 761/15/303 329/286/303
f 89/563/304 312/564/304 754/565/304 325/566/304
f 89/563/104 325/566/104 801/273/104 436/275/104
f 89/563/104 436/275/104 802/221/104 326/567/104
f 89/563/305 326/567/305 753/568/305 312/564/305
f 90/569/306 253/570/306 728/571/306 267/572/306
f 90/569/307 267/572/307 798/93/307 437/271/307
f 90/569/104 437/271/104 801/273/104 325/566/104
f 90/569/304 325/566/304 754/565/304 253/570/304
f 91/573/308 443/574/308 805/83/308 468/575/308
f 91/576/309 468/577/309 827/240/309 438/239/309
f 91/576/310 438/239/310 800/3/310 307/578/310
f 91/576/311 307/578/311 741/579/311 443/580/311
f 92/581/312 338/582/312 753/568/312 326/567/312
f 92/581/104 326/567/104 802/221/104 439/220/104
f 92/581/313 439/220/313 804/224/313 433/283/313
f 92/581/314 433/283/314 759/282/314 338/582/314
f 93/583/315 249/584/315 725/585/315 248/586/315
f 93/583/316 248/586/316 797/11/316 440/91/316
f 93/583/317 440/91/317 798/93/317 267/572/317
f 93/583/318 267/572/318 728/571/318 249/584/318
f 94/587/319 450/588/319 812/589/319 467/590/319
f 94/587/320 467/590/320 828/24/320 441/23/320
f 94/587/321 441/23/321 927/30/321 251/591/321
f 94/587/322 251/591/322 835/592/322 450/588/322
f 95/593/323 291/594/323 741/579/323 307/578/323
f 95/593/324 307/578/324 800/3/324 442/2/324
f 95/595/325 442/12/325 797/11/325 248/586/325
f 95/596/326 248/597/326 725/200/326 291/199/326
f 96/598/327 293/599/327 743/600/327 306/601/327
f 96/598/328 306/601/328 799/602/328 466/603/328
f 96/598/329 466/603/329 828/24/329 467/590/329
f 96/598/330 467/590/330 812/589/330 293/599/330
f 97/604/331 245/82/331 831/89/331 424/605/331
f 97/606/332 424/607/332 925/608/332 465/609/332
f 97/606/333 465/609/333 827/240/333 468/577/333
f 97/604/334 468/575/334 805/83/334 245/82/334
f 98/610/335 461/340/335 791/339/335 407/523/335
f 98/610/336 407/523/336 786/470/336 463/611/336
f 98/610/337 463/611/337 825/480/337 469/544/337
f 98/610/338 469/544/338 823/341/338 461/340/338
f 99/612/250 464/464/250 784/463/250 411/537/250
f 99/612/250 411/537/250 790/536/250 462/613/250
f 99/612/250 462/613/250 824/518/250 470/526/250
f 99/612/250 470/526/250 826/465/250 464/464/250
f 100/614/339 401/556/339 783/615/339 456/616/339
f 100/614/340 456/616/340 818/512/340 471/511/340
f 100/614/250 471/511/250 824/518/250 462/613/250
f 100/614/250 462/613/250 790/536/250 401/556/250
f 101/617/341 398/618/341 785/461/341 458/460/341
f 101/617/342 458/460/342 820/459/342 472/506/342
f 101/617/343 472/506/343 822/494/343 460/619/343
f 101/617/344 460/619/344 788/620/344 398/618/344
f 102/621/345 388/622/345 907/476/345 392/475/345
f 102/621/346 392/475/346 819/474/346 473/500/346
f 102/621/347 473/500/347 821/492/347 396/491/347
f 102/621/348 396/491/348 906/498/348 388/622/348
f 103/623/349 459/504/349 789/503/349 395/624/349
f 103/623/350 395/624/350 788/620/350 460/619/350
f 103/623/351 460/619/351 822/494/351 474/493/351
f 103/623/352 474/493/352 821/492/352 459/504/352
f 104/625/353 389/469/353 787/468/353 457/501/353
f 104/625/354 457/501/354 819/474/354 475/473/354
f 104/625/355 475/473/355 825/480/355 463/611/355
f 104/625/356 463/611/356 786/470/356 389/469/356
f 105/626/357 422/627/357 911/508/357 393/507/357
f 105/626/358 393/507/358 820/459/358 476/458/358
f 105/626/250 476/458/250 826/465/250 416/525/250
f 105/626/250 416/525/250 919/528/250 422/627/250
f 106/628/359 355/313/359 748/105/359 447/188/359
f 106/628/360 447/188/360 809/187/360 477/629/360
f 106/628/361 477/629/361 818/630/361 456/631/361
f 106/628/362 456/631/362 783/314/362 355/313/362
f 107/632/363 349/633/363 884/634/363 345/635/363
f 107/632/364 345/635/364 817/67/364 478/337/364
f 107/632/365 478/337/365 823/341/365 403/543/365
f 107/632/366 403/543/366 918/546/366 349/633/366
f 108/636/17 453/637/17 758/247/17 317/251/17
f 108/636/17 317/251/17 757/237/17 454/638/17
f 108/636/17 454/638/17 816/42/17 479/268/17
f 108/636/17 479/268/17 815/263/17 453/637/17
f 109/639/17 446/640/17 747/204/17 304/248/17
f 109/639/17 304/248/17 758/247/17 453/637/17
f 109/639/17 453/637/17 815/263/17 480/262/17
f 109/639/17 480/262/17 808/85/17 446/640/17
f 110/641/367 465/609/367 925/608/367 246/642/367
f 110/641/368 246/642/368 832/73/368 449/72/368
f 110/641/369 449/72/369 811/71/369 481/241/369
f 110/641/370 481/241/370 827/240/370 465/609/370
f 111/643/371 258/644/371 836/28/371 250/27/371
f 111/645/372 250/646/372 806/215/372 482/214/372
f 111/645/373 482/214/373 807/59/373 255/647/373
f 111/643/374 255/648/374 839/649/374 258/644/374
f 112/650/375 274/651/375 844/652/375 266/653/375
f 112/650/376 266/653/376 809/187/376 483/186/376
f 112/650/377 483/186/377 810/190/377 271/654/377
f 112/650/378 271/654/378 847/655/378 274/651/378
f 113/656/379 448/657/379 750/197/379 300/196/379
f 113/656/380 300/196/380 749/195/380 297/658/380
f 113/656/381 297/658/381 814/98/381 484/97/381
f 113/656/382 484/97/382 810/96/382 448/657/382
f 114/659/383 443/574/383 741/206/383 301/205/383
f 114/659/17 301/205/17 747/204/17 446/640/17
f 114/659/17 446/640/17 808/85/17 485/84/17
f 114/659/384 485/84/384 805/83/384 443/574/384
f 115/660/385 302/209/385 742/5/385 292/242/385
f 115/660/386 292/242/386 811/71/386 486/70/386
f 115/660/387 486/70/387 813/33/387 294/661/387
f 115/660/388 294/661/388 745/210/388 302/209/388
f 116/662/389 359/663/389 839/664/389 255/665/389
f 116/666/390 255/647/390 807/59/390 487/58/390
f 116/662/391 487/68/391 817/67/391 345/635/391
f 116/662/392 345/635/392 884/634/392 359/663/392
f 117/667/17 454/638/17 757/237/17 316/301/17
f 117/667/393 316/301/393 743/305/393 293/668/393
f 117/667/394 293/668/394 812/44/394 488/43/394
f 117/667/17 488/43/17 816/42/17 454/638/17
f 118/669/395 305/227/395 745/210/395 294/661/395
f 118/669/396 294/661/396 813/33/396 489/32/396
f 118/669/397 489/32/397 814/39/397 297/670/397
f 118/669/398 297/670/398 749/228/398 305/227/398
f 119/671/399 466/603/399 799/602/399 428/672/399
f 119/671/400 428/672/400 744/673/400 444/674/400
f 119/671/401 444/674/401 806/26/401 490/25/401
f 119/671/402 490/25/402 828/24/402 466/603/402
f 120/675/403 494/676/403 829/677/403 491/678/403
f 120/675/404 491/678/404 960/679/404 492/680/404
f 120/675/405 492/680/405 961/681/405 493/682/405
f 120/675/406 493/682/406 830/683/406 494/676/406
f 121/684/407 356/685/407 809/686/407 266/687/407
f 121/684/408 266/687/408 844/688/408 496/689/408
f 121/690/409 496/691/409 960/679/409 491/678/409
f 121/690/410 491/678/410 829/677/410 356/692/410
f 122/693/411 497/694/411 903/514/411 386/513/411
f 122/693/412 386/513/412 818/512/412 495/695/412
f 122/696/413 495/697/413 830/683/413 493/682/413
f 122/696/414 493/682/414 961/681/414 497/698/414
f 123/699/415 659/700/415 930/701/415 672/702/415
f 123/703/416 672/704/416 926/705/416 656/706/416
f 123/703/417 656/706/417 834/707/417 499/708/417
f 123/699/418 499/709/418 858/710/418 659/700/418
f 124/711/419 581/712/419 879/713/419 577/714/419
f 124/711/420 577/714/420 882/715/420 582/716/420
f 124/711/421 582/716/421 874/717/421 563/718/421
f 124/711/422 563/718/422 868/719/422 581/712/422
f 125/720/423 720/721/423 958/722/423 671/723/423
f 125/720/424 671/723/424 927/30/424 426/29/424
f 125/720/425 426/29/425 836/28/425 502/724/425
f 125/720/426 502/724/426 936/725/426 720/721/426
f 126/726/427 681/727/427 943/728/427 719/729/427
f 126/726/428 719/729/428 944/730/428 682/731/428
f 126/726/429 682/731/429 845/37/429 272/36/429
f 126/726/430 272/36/430 837/35/430 681/727/430
f 127/732/17 718/733/17 946/734/17 566/735/17
f 127/732/17 566/735/17 870/48/17 252/47/17
f 127/732/431 252/47/431 835/46/431 680/736/431
f 127/732/432 680/736/432 942/737/432 718/733/432
f 128/738/433 508/739/433 841/740/433 511/741/433
f 128/738/434 511/741/434 843/742/434 509/743/434
f 128/738/435 509/743/435 838/744/435 507/745/435
f 128/738/436 507/745/436 834/707/436 508/739/436
f 129/746/437 675/747/437 937/748/437 717/749/437
f 129/746/438 717/749/438 947/750/438 685/751/438
f 129/746/439 685/751/439 883/752/439 599/753/439
f 129/746/440 599/753/440 862/754/440 675/747/440
f 130/755/441 679/756/441 941/757/441 716/758/441
f 130/755/442 716/758/442 943/728/442 681/727/442
f 130/755/443 681/727/443 837/35/443 259/74/443
f 130/755/444 259/74/444 832/73/444 679/756/444
f 131/759/422 552/760/422 867/761/422 564/762/422
f 131/759/445 564/762/445 873/763/445 555/764/445
f 131/759/446 555/764/446 843/742/446 511/741/446
f 131/759/447 511/741/447 841/740/447 552/760/447
f 132/765/448 715/766/448 935/767/448 498/768/448
f 132/765/449 498/768/449 831/89/449 261/88/449
f 132/765/17 261/88/17 842/87/17 512/769/17
f 132/765/17 512/769/17 938/770/17 715/766/17
f 133/771/450 656/706/450 926/705/450 670/772/450
f 133/771/451 670/772/451 928/773/451 657/774/451
f 133/771/452 657/774/452 841/740/452 508/739/452
f 133/771/453 508/739/453 834/707/453 656/706/453
f 134/775/454 714/776/454 940/777/454 517/778/454
f 134/775/455 517/778/455 847/102/455 269/101/455
f 134/775/456 269/101/456 845/100/456 682/779/456
f 134/775/457 682/779/457 944/780/457 714/776/457
f 135/781/458 540/782/458 864/783/458 543/784/458
f 135/781/459 543/784/459 866/785/459 542/786/459
f 135/787/460 542/788/460 848/789/460 506/790/460
f 135/781/461 506/791/461 843/792/461 540/782/461
f 136/793/462 516/794/462 846/795/462 524/796/462
f 136/793/463 524/796/463 852/797/463 521/798/463
f 136/793/464 521/798/464 850/799/464 523/800/464
f 136/793/465 523/800/465 848/789/465 516/794/465
f 137/801/466 522/802/466 851/803/466 532/804/466
f 137/801/467 532/804/467 855/805/467 530/806/467
f 137/801/468 530/806/468 856/807/468 531/808/468
f 137/801/469 531/808/469 852/809/469 522/802/469
f 138/810/470 506/811/470 848/812/470 523/813/470
f 138/810/471 523/813/471 850/814/471 519/815/471
f 138/810/472 519/815/472 849/816/472 525/817/472
f 138/810/473 525/817/473 843/742/473 506/811/473
f 139/818/474 509/743/474 843/742/474 525/817/474
f 139/819/475 525/820/475 849/821/475 520/822/475
f 139/819/476 520/822/476 851/823/476 526/824/476
f 139/818/477 526/825/477 838/744/477 509/743/477
f 140/826/478 518/827/478 838/744/478 526/825/478
f 140/826/479 526/825/479 851/828/479 522/829/479
f 140/826/480 522/829/480 852/830/480 524/831/480
f 140/826/481 524/831/481 846/832/481 518/827/481
f 141/833/482 528/834/482 853/835/482 527/836/482
f 141/833/483 527/836/483 854/837/483 529/838/483
f 141/833/484 529/838/484 856/839/484 530/840/484
f 141/833/485 530/840/485 855/841/485 528/834/485
f 142/842/486 520/822/486 849/821/486 533/843/486
f 142/844/487 533/845/487 853/846/487 528/847/487
f 142/844/488 528/847/488 855/848/488 532/849/488
f 142/842/489 532/850/489 851/823/489 520/822/489
f 143/851/490 521/852/490 852/853/490 531/854/490
f 143/851/491 531/854/491 856/855/491 529/856/491
f 143/851/492 529/856/492 854/857/492 534/858/492
f 143/851/493 534/858/493 850/859/493 521/852/493
f 144/860/494 519/861/494 850/862/494 534/863/494
f 144/860/495 534/863/495 854/864/495 527/865/495
f 144/860/496 527/865/496 853/866/496 533/867/496
f 144/860/497 533/867/497 849/868/497 519/861/497
f 145/869/498 677/870/498 939/871/498 713/872/498
f 145/869/499 713/872/499 940/873/499 678/874/499
f 145/869/500 678/874/500 866/785/500 543/784/500
f 145/869/501 543/784/501 864/783/501 677/870/501
f 146/875/502 516/794/502 848/789/502 542/788/502
f 146/875/503 542/788/503 866/876/503 544/877/503
f 146/875/504 544/877/504 865/878/504 515/879/504
f 146/875/505 515/879/505 846/795/505 516/794/505
f 147/880/506 501/881/506 833/882/506 535/883/506
f 147/880/507 535/883/507 857/884/507 545/885/507
f 147/880/17 545/885/17 863/886/17 539/887/17
f 147/880/508 539/887/508 840/888/508 501/881/508
f 148/889/509 499/708/509 834/707/509 507/745/509
f 148/889/510 507/745/510 838/744/510 504/890/510
f 148/891/511 504/892/511 861/893/511 546/894/511
f 148/891/512 546/894/512 858/710/512 499/709/512
f 149/895/513 674/896/513 936/897/513 712/898/513
f 149/895/514 712/898/514 937/899/514 675/900/514
f 149/895/515 675/900/515 862/901/515 547/902/515
f 149/895/516 547/902/516 860/903/516 674/896/516
f 150/904/517 661/905/517 932/906/517 669/907/517
f 150/904/518 669/907/518 934/908/518 574/909/518
f 150/904/519 574/909/519 879/713/519 581/712/519
f 150/904/520 581/712/520 868/719/520 661/905/520
f 151/910/521 504/890/521 838/744/521 518/827/521
f 151/910/522 518/827/522 846/832/522 515/911/522
f 151/912/523 515/913/523 865/914/523 549/915/523
f 151/912/524 549/915/524 861/893/524 504/892/524
f 152/916/525 580/917/525 871/918/525 561/919/525
f 152/916/17 561/919/17 875/920/17 586/921/17
f 152/916/526 586/921/526 877/922/526 580/917/526
f 153/923/527 711/924/527 957/925/527 668/926/527
f 153/923/528 668/926/528 930/701/528 659/700/528
f 153/923/529 659/700/529 858/710/529 536/927/529
f 153/923/530 536/927/530 941/757/530 711/924/530
f 154/928/531 503/929/531 840/888/531 539/887/531
f 154/928/17 539/887/17 863/886/17 548/930/17
f 154/928/17 548/930/17 876/931/17 560/932/17
f 154/928/532 560/932/532 872/933/532 503/929/532
f 155/934/532 554/935/532 872/933/532 560/932/532
f 155/934/17 560/932/17 876/931/17 559/936/17
f 155/934/17 559/936/17 875/920/17 561/919/17
f 155/934/533 561/919/533 871/918/533 554/935/533
f 156/937/534 579/938/534 860/903/534 547/902/534
f 156/937/535 547/902/535 862/901/535 583/939/535
f 156/937/536 583/939/536 881/940/536 576/941/536
f 156/937/537 576/941/537 880/942/537 579/938/537
f 157/943/422 553/944/422 868/719/422 563/718/422
f 157/943/538 563/718/538 874/717/538 556/945/538
f 157/943/539 556/945/539 873/763/539 564/762/539
f 157/943/422 564/762/422 867/761/422 553/944/422
f 158/946/17 710/947/17 938/770/17 512/769/17
f 158/946/17 512/769/17 842/87/17 310/266/17
f 158/946/17 310/266/17 869/265/17 565/948/17
f 158/946/17 565/948/17 945/949/17 710/947/17
f 159/950/17 709/951/17 945/949/17 565/948/17
f 159/950/17 565/948/17 869/265/17 311/269/17
f 159/950/17 311/269/17 870/48/17 566/735/17
f 159/950/17 566/735/17 946/734/17 709/951/17
f 160/952/540 657/774/540 928/773/540 667/953/540
f 160/952/517 667/953/517 931/954/517 660/955/517
f 160/952/520 660/955/520 867/761/520 552/760/520
f 160/952/541 552/760/541 841/740/541 657/774/541
f 161/956/517 660/955/517 931/954/517 666/957/517
f 161/956/517 666/957/517 932/906/517 661/905/517
f 161/956/520 661/905/520 868/719/520 553/944/520
f 161/956/520 553/944/520 867/761/520 660/955/520
f 162/958/542 572/959/542 933/960/542 665/961/542
f 162/958/543 665/961/543 934/908/543 663/962/543
f 162/958/544 663/962/544 877/963/544 573/964/544
f 162/958/545 573/964/545 878/965/545 572/959/545
f 163/966/546 576/941/546 881/940/546 575/967/546
f 163/966/547 575/967/547 882/715/547 577/714/547
f 163/966/548 577/714/548 879/713/548 571/968/548
f 163/966/549 571/968/549 880/942/549 576/941/549
f 164/969/550 662/970/550 933/960/550 664/971/550
f 164/969/551 664/971/551 929/972/551 658/973/551
f 164/969/552 658/973/552 860/903/552 579/938/552
f 164/969/553 579/938/553 880/942/553 662/970/553
f 165/974/554 625/975/554 864/783/554 540/782/554
f 165/976/555 540/977/555 843/978/555 562/979/555
f 165/976/556 562/979/556 885/980/556 625/981/556
f 166/982/17 585/983/17 875/920/17 558/984/17
f 166/982/557 558/984/557 859/985/557 578/986/557
f 166/982/558 578/986/558 878/987/558 585/983/558
f 167/988/559 585/983/559 878/987/559 573/989/559
f 167/988/560 573/989/560 877/922/560 586/921/560
f 167/988/17 586/921/17 875/920/17 585/983/17
f 168/990/561 625/991/561 885/992/561 584/993/561
f 168/990/562 584/993/562 920/994/562 655/995/562
f 168/996/563 655/997/563 902/998/563 596/999/563
f 168/996/564 596/999/564 864/783/564 625/975/564
f 169/1000/565 594/1001/565 883/1002/565 590/1003/565
f 169/1000/566 590/1003/566 917/1004/566 652/1005/566
f 169/1000/567 652/1005/567 924/1006/567 591/1007/567
f 169/1000/568 591/1007/568 889/1008/568 594/1001/568
f 170/1009/569 593/1010/569 888/1011/569 595/1012/569
f 170/1009/570 595/1012/570 923/1013/570 651/1014/570
f 170/1009/571 651/1014/571 922/1015/571 569/1016/571
f 170/1009/572 569/1016/572 887/1017/572 593/1010/572
f 171/1018/573 685/751/573 947/750/573 708/1019/573
f 171/1018/574 708/1019/574 953/1020/574 691/1021/574
f 171/1018/575 691/1021/575 917/1022/575 590/1023/575
f 171/1018/576 590/1023/576 883/752/576 685/751/576
f 172/1024/577 592/1025/577 889/1008/577 591/1007/577
f 172/1024/578 591/1007/578 924/1006/578 650/1026/578
f 172/1024/579 650/1026/579 923/1013/579 595/1012/579
f 172/1024/580 595/1012/580 888/1011/580 592/1025/580
f 173/1027/581 589/1028/581 887/1017/581 569/1016/581
f 173/1027/582 569/1016/582 922/1015/582 643/1029/582
f 173/1027/583 643/1029/583 921/1030/583 570/1031/583
f 173/1027/584 570/1031/584 886/1032/584 589/1028/584
f 174/1033/585 588/1034/585 886/1032/585 570/1031/585
f 174/1033/586 570/1031/586 921/1030/586 642/1035/586
f 174/1033/587 642/1035/587 920/994/587 584/993/587
f 174/1033/588 584/993/588 885/992/588 588/1034/588
f 175/1036/589 575/1037/589 881/1038/589 601/1039/589
f 175/1036/590 601/1039/590 889/1040/590 592/1041/590
f 175/1036/591 592/1041/591 888/1042/591 600/1043/591
f 175/1036/592 600/1043/592 882/1044/592 575/1037/592
f 176/1045/593 583/1046/593 862/754/593 599/753/593
f 176/1045/594 599/753/594 883/752/594 594/1047/594
f 176/1045/595 594/1047/595 889/1040/595 601/1039/595
f 176/1045/596 601/1039/596 881/1038/596 583/1046/596
f 177/1048/597 557/1049/597 890/1050/597 604/1051/597
f 177/1048/598 604/1051/598 893/1052/598 603/1053/598
f 177/1048/599 603/1053/599 892/1054/599 602/1055/599
f 177/1048/600 602/1055/600 891/1056/600 557/1049/600
f 178/1057/601 605/1058/601 843/742/601 555/764/601
f 178/1057/602 555/764/602 873/763/602 606/1059/602
f 178/1057/603 606/1059/603 890/1060/603 557/1061/603
f 178/1057/604 557/1061/604 891/1062/604 605/1058/604
f 179/1063/605 607/1064/605 885/980/605 562/979/605
f 179/1063/606 562/979/606 843/978/606 605/1065/606
f 179/1063/607 605/1065/607 891/1056/607 602/1055/607
f 179/1063/608 602/1055/608 892/1054/608 607/1064/608
f 180/1066/609 608/1067/609 886/1032/609 588/1034/609
f 180/1066/610 588/1034/610 885/992/610 607/1068/610
f 180/1069/611 607/1064/611 892/1054/611 603/1053/611
f 180/1069/612 603/1053/612 893/1052/612 608/1070/612
f 181/1071/613 606/1072/613 873/1073/613 598/1074/613
f 181/1071/614 598/1074/614 886/1075/614 608/1070/614
f 181/1071/615 608/1070/615 893/1052/615 604/1051/615
f 181/1071/616 604/1051/616 890/1050/616 606/1072/616
f 182/1076/617 609/1077/617 894/1078/617 612/1079/617
f 182/1076/618 612/1079/618 897/1080/618 611/1081/618
f 182/1076/619 611/1081/619 896/1082/619 610/1083/619
f 182/1076/620 610/1083/620 895/1084/620 609/1077/620
f 183/1085/621 613/1086/621 873/763/621 556/945/621
f 183/1085/622 556/945/622 874/717/622 614/1087/622
f 183/1085/623 614/1087/623 894/1088/623 609/1089/623
f 183/1085/624 609/1089/624 895/1090/624 613/1086/624
f 184/1091/625 615/1092/625 886/1075/625 598/1074/625
f 184/1091/626 598/1074/626 873/1073/626 613/1093/626
f 184/1091/627 613/1093/627 895/1084/627 610/1083/627
f 184/1091/628 610/1083/628 896/1082/628 615/1092/628
f 185/1094/629 616/1095/629 887/1017/629 589/1028/629
f 185/1094/630 589/1028/630 886/1032/630 615/1096/630
f 185/1097/631 615/1092/631 896/1082/631 611/1081/631
f 185/1097/632 611/1081/632 897/1080/632 616/1098/632
f 186/1099/633 614/1100/633 874/1101/633 510/1102/633
f 186/1099/634 510/1102/634 887/1103/634 616/1098/634
f 186/1099/635 616/1098/635 897/1080/635 612/1079/635
f 186/1099/636 612/1079/636 894/1078/636 614/1100/636
f 187/1104/637 617/1105/637 898/1106/637 620/1107/637
f 187/1104/638 620/1107/638 901/1108/638 619/1109/638
f 187/1104/639 619/1109/639 900/1110/639 618/1111/639
f 187/1104/640 618/1111/640 899/1112/640 617/1105/640
f 188/1113/641 621/1114/641 874/717/641 582/716/641
f 188/1113/642 582/716/642 882/715/642 622/1115/642
f 188/1113/643 622/1115/643 898/1116/643 617/1117/643
f 188/1113/644 617/1117/644 899/1118/644 621/1114/644
f 189/1119/645 623/1120/645 887/1103/645 510/1102/645
f 189/1119/646 510/1102/646 874/1101/646 621/1121/646
f 189/1119/647 621/1121/647 899/1112/647 618/1111/647
f 189/1119/648 618/1111/648 900/1110/648 623/1120/648
f 190/1122/649 624/1123/649 888/1011/649 593/1010/649
f 190/1122/650 593/1010/650 887/1017/650 623/1124/650
f 190/1125/651 623/1120/651 900/1110/651 619/1109/651
f 190/1125/652 619/1109/652 901/1108/652 624/1126/652
f 191/1127/653 622/1128/653 882/1044/653 600/1043/653
f 191/1127/654 600/1043/654 888/1042/654 624/1126/654
f 191/1127/655 624/1126/655 901/1108/655 620/1107/655
f 191/1127/656 620/1107/656 898/1106/656 622/1128/656
f 192/1129/657 707/1130/657 948/1131/657 724/1132/657
f 192/1129/658 724/1132/658 962/1133/658 723/1134/658
f 192/1129/659 723/1134/659 959/1135/659 597/1136/659
f 192/1129/660 597/1136/660 939/1137/660 707/1130/660
f 193/1138/661 688/1139/661 950/1140/661 706/1141/661
f 193/1138/250 706/1141/250 956/1142/250 694/1143/250
f 193/1138/250 694/1143/250 904/1144/250 627/1145/250
f 193/1138/662 627/1145/662 905/1146/662 688/1139/662
f 194/1147/663 629/1148/663 905/1146/663 627/1145/663
f 194/1147/250 627/1145/250 904/1144/250 645/1149/250
f 194/1147/664 645/1149/664 908/1150/664 628/1151/664
f 194/1147/665 628/1151/665 909/1152/665 629/1148/665
f 195/1153/666 630/1154/666 949/1155/666 705/1156/666
f 195/1153/667 705/1156/667 955/1157/667 648/1158/667
f 195/1153/668 648/1158/668 910/478/668 391/477/668
f 195/1153/669 391/477/669 907/476/669 630/1154/669
f 196/1159/670 629/1148/670 909/1152/670 636/1160/670
f 196/1159/671 636/1160/671 914/1161/671 632/1162/671
f 196/1159/672 632/1162/672 913/1163/672 635/1164/672
f 196/1159/673 635/1164/673 905/1146/673 629/1148/673
f 197/1165/674 704/1166/674 951/1167/674 633/1168/674
f 197/1165/675 633/1168/675 906/498/675 394/497/675
f 197/1165/676 394/497/676 912/496/676 634/1169/676
f 197/1165/677 634/1169/677 952/1170/677 704/1166/677
f 198/1171/678 687/1172/678 949/1155/678 703/1173/678
f 198/1171/679 703/1173/679 951/1167/679 689/1174/679
f 198/1171/680 689/1174/680 914/1161/680 636/1160/680
f 198/1171/681 636/1160/681 909/1152/681 687/1172/681
f 199/1175/682 631/1176/682 950/1140/682 702/1177/682
f 199/1175/683 702/1177/683 952/1170/683 634/1169/683
f 199/1175/684 634/1169/684 912/496/684 400/509/684
f 199/1175/685 400/509/685 911/508/685 631/1176/685
f 200/1178/686 626/1179/686 948/1180/686 701/1181/686
f 200/1178/250 701/1181/250 954/1182/250 639/1183/250
f 200/1178/250 639/1183/250 916/516/250 402/515/250
f 200/1178/687 402/515/687 903/514/687 626/1179/687
f 201/1184/688 653/1185/688 924/1006/688 652/1005/688
f 201/1186/689 652/1187/689 917/1022/689 641/1188/689
f 201/1186/690 641/1188/690 908/1150/690 653/1189/690
f 202/1190/250 700/1191/250 956/1142/250 649/1192/250
f 202/1190/250 649/1192/250 919/528/250 404/527/250
f 202/1190/250 404/527/250 916/516/250 639/1183/250
f 202/1190/250 639/1183/250 954/1182/250 700/1191/250
f 203/1193/691 642/1194/691 921/1195/691 647/1196/691
f 203/1193/250 647/1196/250 904/1144/250 644/1197/250
f 203/1193/250 644/1197/250 915/1198/250 640/1199/250
f 203/1200/692 640/1201/692 920/994/692 642/1035/692
f 204/1202/693 643/1203/693 922/1204/693 646/1205/693
f 204/1202/694 646/1205/694 908/1150/694 645/1149/694
f 204/1202/250 645/1149/250 904/1144/250 647/1196/250
f 204/1202/695 647/1196/695 921/1195/695 643/1203/695
f 205/1206/696 699/1207/696 953/1020/696 638/1208/696
f 205/1206/697 638/1208/697 918/546/697 410/545/697
f 205/1206/698 410/545/698 910/478/698 648/1158/698
f 205/1206/699 648/1158/699 955/1157/699 699/1207/699
f 206/1209/700 653/1189/700 908/1150/700 654/1210/700
f 206/1211/701 654/1212/701 923/1013/701 650/1026/701
f 206/1209/702 650/1213/702 924/1214/702 653/1189/702
f 207/1215/703 651/1014/703 923/1013/703 654/1212/703
f 207/1216/704 654/1210/704 908/1150/704 646/1205/704
f 207/1216/705 646/1205/705 922/1204/705 651/1217/705
f 208/1218/706 637/1219/706 902/1220/706 655/1221/706
f 208/1222/707 655/995/707 920/994/707 640/1201/707
f 208/1218/250 640/1199/250 915/1198/250 637/1219/250
f 209/1223/708 572/959/708 878/965/708 578/1224/708
f 209/1223/709 578/1224/709 859/1225/709 550/1226/709
f 209/1223/710 550/1226/710 929/972/710 664/971/710
f 209/1223/711 664/971/711 933/960/711 572/959/711
f 210/1227/712 662/970/712 880/942/712 571/968/712
f 210/1227/713 571/968/713 879/713/713 574/909/713
f 210/1227/714 574/909/714 934/908/714 665/961/714
f 210/1227/715 665/961/715 933/960/715 662/970/715
f 211/1228/716 567/1229/716 872/1230/716 554/1231/716
f 211/1228/717 554/1231/717 871/1232/717 568/1233/717
f 211/1228/517 568/1233/517 932/906/517 666/957/517
f 211/1228/517 666/957/517 931/954/517 567/1229/517
f 212/1234/718 514/1235/718 840/1236/718 503/1237/718
f 212/1234/716 503/1237/716 872/1230/716 567/1229/716
f 212/1234/517 567/1229/517 931/954/517 667/953/517
f 212/1234/719 667/953/719 928/773/719 514/1235/719
f 213/1238/720 698/1239/720 935/767/720 673/1240/720
f 213/1241/721 673/1242/721 857/1243/721 551/1244/721
f 213/1241/722 551/1244/722 930/701/722 668/926/722
f 213/1241/723 668/926/723 957/925/723 698/1245/723
f 214/1246/724 568/1233/724 871/1232/724 580/1247/724
f 214/1246/725 580/1247/725 877/963/725 663/962/725
f 214/1246/726 663/962/726 934/908/726 669/907/726
f 214/1246/517 669/907/517 932/906/517 568/1233/517
f 215/1248/727 500/1249/727 833/1250/727 501/1251/727
f 215/1248/728 501/1251/728 840/1236/728 514/1235/728
f 215/1248/729 514/1235/729 928/773/729 670/772/729
f 215/1248/730 670/772/730 926/705/730 500/1249/730
f 216/1252/731 697/1253/731 942/1254/731 680/1255/731
f 216/1252/732 680/1255/732 835/592/732 251/591/732
f 216/1252/733 251/591/733 927/30/733 671/723/733
f 216/1252/734 671/723/734 958/722/734 697/1253/734
f 217/1256/735 551/1244/735 857/1243/735 535/1257/735
f 217/1258/736 535/1259/736 833/1250/736 500/1249/736
f 217/1258/737 500/1249/737 926/705/737 672/704/737
f 217/1256/738 672/702/738 930/701/738 551/1244/738
f 218/1260/739 550/1261/739 859/1262/739 537/1263/739
f 218/1260/740 537/1263/740 942/1254/740 697/1253/740
f 218/1260/741 697/1253/741 958/722/741 696/1264/741
f 218/1260/742 696/1264/742 929/1265/742 550/1261/742
f 219/1266/743 424/605/743 831/89/743 498/768/743
f 219/1266/744 498/768/744 935/767/744 698/1239/744
f 219/1267/745 698/1245/745 957/925/745 695/1268/745
f 219/1267/746 695/1268/746 925/608/746 424/607/746
f 220/1269/747 641/1188/747 917/1022/747 691/1021/747
f 220/1269/748 691/1021/748 953/1020/748 699/1207/748
f 220/1269/749 699/1207/749 955/1157/749 693/1270/749
f 220/1269/750 693/1270/750 908/1150/750 641/1188/750
f 221/1271/250 644/1197/250 904/1144/250 694/1143/250
f 221/1271/250 694/1143/250 956/1142/250 700/1191/250
f 221/1271/250 700/1191/250 954/1182/250 692/1272/250
f 221/1271/250 692/1272/250 915/1198/250 644/1197/250
f 222/1273/751 686/1274/751 902/1220/751 637/1219/751
f 222/1273/250 637/1219/250 915/1198/250 692/1272/250
f 222/1273/250 692/1272/250 954/1182/250 701/1181/250
f 222/1273/752 701/1181/752 948/1180/752 686/1274/752
f 223/1275/753 688/1139/753 905/1146/753 635/1164/753
f 223/1275/754 635/1164/754 913/1163/754 690/1276/754
f 223/1275/755 690/1276/755 952/1170/755 702/1177/755
f 223/1275/756 702/1177/756 950/1140/756 688/1139/756
f 224/1277/757 630/1154/757 907/476/757 388/622/757
f 224/1277/758 388/622/758 906/498/758 633/1168/758
f 224/1277/759 633/1168/759 951/1167/759 703/1173/759
f 224/1277/760 703/1173/760 949/1155/760 630/1154/760
f 225/1278/761 632/1162/761 914/1161/761 689/1174/761
f 225/1278/762 689/1174/762 951/1167/762 704/1166/762
f 225/1278/763 704/1166/763 952/1170/763 690/1276/763
f 225/1278/764 690/1276/764 913/1163/764 632/1162/764
f 226/1279/765 687/1172/765 909/1152/765 628/1151/765
f 226/1279/766 628/1151/766 908/1150/766 693/1270/766
f 226/1279/767 693/1270/767 955/1157/767 705/1156/767
f 226/1279/768 705/1156/768 949/1155/768 687/1172/768
f 227/1280/769 631/1176/769 911/508/769 422/627/769
f 227/1280/250 422/627/250 919/528/250 649/1192/250
f 227/1280/250 649/1192/250 956/1142/250 706/1141/250
f 227/1280/770 706/1141/770 950/1140/770 631/1176/770
f 228/1281/771 677/870/771 864/783/771 596/999/771
f 228/1281/772 596/999/772 902/998/772 686/1282/772
f 228/1281/773 686/1282/773 948/1283/773 707/1284/773
f 228/1281/774 707/1284/774 939/871/774 677/870/774
f 229/1285/775 587/1286/775 884/634/775 349/633/775
f 229/1285/776 349/633/776 918/546/776 638/1208/776
f 229/1285/777 638/1208/777 953/1020/777 708/1019/777
f 229/1285/778 708/1019/778 947/750/778 587/1286/778
f 230/1287/17 559/936/17 876/931/17 683/1288/17
f 230/1287/17 683/1288/17 945/949/17 709/951/17
f 230/1287/17 709/951/17 946/734/17 684/1289/17
f 230/1287/17 684/1289/17 875/920/17 559/936/17
f 231/1290/17 548/930/17 863/886/17 676/1291/17
f 231/1290/17 676/1291/17 938/770/17 710/947/17
f 231/1290/17 710/947/17 945/949/17 683/1288/17
f 231/1290/17 683/1288/17 876/931/17 548/930/17
f 232/1292/779 246/642/779 925/608/779 695/1268/779
f 232/1292/780 695/1268/780 957/925/780 711/924/780
f 232/1292/781 711/924/781 941/757/781 679/756/781
f 232/1292/782 679/756/782 832/73/782 246/642/782
f 233/1293/783 502/724/783 836/28/783 258/644/783
f 233/1293/784 258/644/784 839/649/784 505/1294/784
f 233/1295/785 505/1296/785 937/899/785 712/898/785
f 233/1295/786 712/898/786 936/897/786 502/1297/786
f 234/1298/787 513/1299/787 844/652/787 274/651/787
f 234/1298/788 274/651/788 847/655/788 517/1300/788
f 234/1298/789 517/1300/789 940/873/789 713/872/789
f 234/1298/790 713/872/790 939/871/790 513/1299/790
f 235/1301/791 544/877/791 866/876/791 678/1302/791
f 235/1301/792 678/1302/792 940/777/792 714/776/792
f 235/1301/793 714/776/793 944/780/793 541/1303/793
f 235/1301/794 541/1303/794 865/878/794 544/877/794
f 236/1304/795 545/885/795 857/884/795 673/1240/795
f 236/1304/796 673/1240/796 935/767/796 715/766/796
f 236/1304/17 715/766/17 938/770/17 676/1291/17
f 236/1304/17 676/1291/17 863/886/17 545/885/17
f 237/1305/797 536/927/797 858/710/797 546/894/797
f 237/1305/798 546/894/798 861/893/798 538/1306/798
f 237/1305/799 538/1306/799 943/728/799 716/758/799
f 237/1305/800 716/758/800 941/757/800 536/927/800
f 238/1307/801 505/1308/801 839/664/801 359/663/801
f 238/1307/802 359/663/802 884/634/802 587/1286/802
f 238/1307/803 587/1286/803 947/750/803 717/749/803
f 238/1307/804 717/749/804 937/748/804 505/1308/804
f 239/1309/17 558/984/17 875/920/17 684/1289/17
f 239/1309/17 684/1289/17 946/734/17 718/733/17
f 239/1309/805 718/733/805 942/737/805 537/1310/805
f 239/1309/806 537/1310/806 859/985/806 558/984/806
f 240/1311/807 538/1306/807 861/893/807 549/915/807
f 240/1311/808 549/915/808 865/914/808 541/1312/808
f 240/1311/809 541/1312/809 944/730/809 719/729/809
f 240/1311/810 719/729/810 943/728/810 538/1306/810
f 241/1313/811 658/973/811 929/972/811 696/1314/811
f 241/1315/812 696/1264/812 958/722/812 720/721/812
f 241/1315/813 720/721/813 936/725/813 674/1316/813
f 241/1313/814 674/896/814 860/903/814 658/973/814
f 242/1317/815 721/1318/815 959/1319/815 723/1320/815
f 242/1317/816 723/1320/816 962/1321/816 722/1322/816
f 242/1317/817 722/1322/817 961/681/817 492/680/817
f 242/1317/818 492/680/818 960/679/818 721/1318/818
f 243/1323/819 513/1324/819 939/1325/819 597/1326/819
f 243/1327/820 597/1328/820 959/1319/820 721/1318/820
f 243/1327/821 721/1318/821 960/679/821 496/691/821
f 243/1323/822 496/689/822 844/688/822 513/1324/822
f 244/1329/823 626/1179/823 903/514/823 497/694/823
f 244/1330/824 497/698/824 961/681/824 722/1322/824
f 244/1330/825 722/1322/825 962/1321/825 724/1331/825
f 244/1329/826 724/1332/826 948/1180/826 626/1179/826
